id,calendar_id,level,time_name,season,category,name,note,recommendation_reason,source,entity_type,ingredient_id,core_ingredient_id,match_status,knowledge_json
SF0001,季节-冬,季节,冬,冬,水果,砂糖橘,,,用户参考,ingredient,8073,,seasonal_catalog,"[""冬季（12月-2月，农历十〜十二月）的应季水果有砂糖橘。""]"
SF0002,季节-冬,季节,冬,冬,水果,橙子,,,用户参考,ingredient,154,154,core_exact,"[""冬季（12月-2月，农历十〜十二月）的应季水果有橙子。""]"
SF0003,季节-冬,季节,冬,冬,水果,沃柑,,,用户参考,ingredient,8068,,seasonal_catalog,"[""冬季（12月-2月，农历十〜十二月）的应季水果有沃柑。""]"
SF0004,季节-冬,季节,冬,冬,水果,柚子,,,用户参考,ingredient,223,223,core_exact,"[""冬季（12月-2月，农历十〜十二月）的应季水果有柚子。""]"
SF0005,季节-冬,季节,冬,冬,水果,冬枣,,,用户参考,ingredient,520,520,core_exact,"[""冬季（12月-2月，农历十〜十二月）的应季水果有冬枣。""]"
SF0006,季节-冬,季节,冬,冬,水果,雪莲果,,,用户参考,ingredient,8084,,seasonal_catalog,"[""冬季（12月-2月，农历十〜十二月）的应季水果有雪莲果。""]"
SF0007,季节-冬,季节,冬,冬,水果,甘蔗,,,用户参考,ingredient,8070,,seasonal_catalog,"[""冬季（12月-2月，农历十〜十二月）的应季水果有甘蔗。""]"
SF0008,季节-冬,季节,冬,冬,水果,橘子,,,用户参考,ingredient,214,214,core_exact,"[""冬季（12月-2月，农历十〜十二月）的应季水果有橘子。""]"
SF0009,季节-冬,季节,冬,冬,水果,青枣,,,用户参考,ingredient,8085,,seasonal_catalog,"[""冬季（12月-2月，农历十〜十二月）的应季水果有青枣。""]"
SF0010,季节-冬,季节,冬,冬,水果,释迦,,,用户参考,ingredient,8083,,seasonal_catalog,"[""冬季（12月-2月，农历十〜十二月）的应季水果有释迦。""]"
SF0011,季节-冬,季节,冬,冬,蔬菜,大白菜,,,用户参考,ingredient,158,158,core_exact,"[""冬季（12月-2月，农历十〜十二月）的应季蔬菜有大白菜。""]"
SF0012,季节-冬,季节,冬,冬,蔬菜,白萝卜,,,用户参考,ingredient,63,63,core_exact,"[""冬季（12月-2月，农历十〜十二月）的应季蔬菜有白萝卜。""]"
SF0013,季节-冬,季节,冬,冬,蔬菜,冬笋,,,用户参考,ingredient,184,184,core_exact,"[""冬季（12月-2月，农历十〜十二月）的应季蔬菜有冬笋。""]"
SF0014,季节-冬,季节,冬,冬,蔬菜,娃娃菜,,,用户参考,ingredient,70,70,core_exact,"[""冬季（12月-2月，农历十〜十二月）的应季蔬菜有娃娃菜。""]"
SF0015,季节-冬,季节,冬,冬,蔬菜,茼蒿,,,用户参考,ingredient,257,257,core_exact,"[""冬季（12月-2月，农历十〜十二月）的应季蔬菜有茼蒿。""]"
SF0016,季节-冬,季节,冬,冬,蔬菜,油麦菜,,,用户参考,ingredient,168,168,core_exact,"[""冬季（12月-2月，农历十〜十二月）的应季蔬菜有油麦菜。""]"
SF0017,季节-冬,季节,冬,冬,蔬菜,卷心菜,,,用户参考,ingredient,76,76,core_exact,"[""冬季（12月-2月，农历十〜十二月）的应季蔬菜有卷心菜。""]"
SF0018,季节-冬,季节,冬,冬,蔬菜,胡萝卜,,,用户参考,ingredient,6,6,core_exact,"[""冬季（12月-2月，农历十〜十二月）的应季蔬菜有胡萝卜。""]"
SF0019,季节-冬,季节,冬,冬,蔬菜,青椒,,,用户参考,ingredient,11,11,core_exact,"[""冬季（12月-2月，农历十〜十二月）的应季蔬菜有青椒。""]"
SF0020,季节-冬,季节,冬,冬,蔬菜,洋葱,,,用户参考,ingredient,5,5,core_exact,"[""冬季（12月-2月，农历十〜十二月）的应季蔬菜有洋葱。""]"
SF0021,季节-冬,季节,冬,冬,蔬菜,菜花,,,用户参考,ingredient,208,208,core_exact,"[""冬季（12月-2月，农历十〜十二月）的应季蔬菜有菜花。""]"
SF0022,季节-冬,季节,冬,冬,蔬菜,甜豌豆,,,用户参考,ingredient,8071,,seasonal_catalog,"[""冬季（12月-2月，农历十〜十二月）的应季蔬菜有甜豌豆。""]"
SF0023,季节-冬,季节,冬,冬,蔬菜,芹菜,,,用户参考,ingredient,27,27,core_exact,"[""冬季（12月-2月，农历十〜十二月）的应季蔬菜有芹菜。""]"
SF0024,季节-冬,季节,冬,冬,蔬菜,菠菜,,,用户参考,ingredient,40,40,core_exact,"[""冬季（12月-2月，农历十〜十二月）的应季蔬菜有菠菜。""]"
SF0025,季节-冬,季节,冬,冬,蔬菜,芥菜,,,用户参考,ingredient,256,256,core_exact,"[""冬季（12月-2月，农历十〜十二月）的应季蔬菜有芥菜。""]"
SF0026,季节-冬,季节,冬,冬,蔬菜,葵年菜,,,用户参考,ingredient,8078,,seasonal_catalog,"[""冬季（12月-2月，农历十〜十二月）的应季蔬菜有葵年菜。""]"
SF0027,季节-冬,季节,冬,冬,蔬菜,莴笋,,,用户参考,ingredient,145,145,core_exact,"[""冬季（12月-2月，农历十〜十二月）的应季蔬菜有莴笋。""]"
SF0028,季节-冬,季节,冬,冬,蔬菜,油菜,,,用户参考,ingredient,44,44,core_exact,"[""冬季（12月-2月，农历十〜十二月）的应季蔬菜有油菜。""]"
SF0029,季节-冬,季节,冬,冬,蔬菜,菜心,,,用户参考,ingredient,165,165,core_exact,"[""冬季（12月-2月，农历十〜十二月）的应季蔬菜有菜心。""]"
SF0030,季节-冬,季节,冬,冬,蔬菜,芥蓝,,,用户参考,ingredient,352,352,core_exact,"[""冬季（12月-2月，农历十〜十二月）的应季蔬菜有芥蓝。""]"
SF0031,季节-冬,季节,冬,冬,蔬菜,荸荠,,,用户参考,ingredient,302,302,core_exact,"[""冬季（12月-2月，农历十〜十二月）的应季蔬菜有荸荠。""]"
SF0032,季节-冬,季节,冬,冬,蔬菜,莲藕,,,用户参考,ingredient,96,96,core_exact,"[""冬季（12月-2月，农历十〜十二月）的应季蔬菜有莲藕。""]"
SF0033,季节-夏,季节,夏,夏,水果,西瓜,,,用户参考,ingredient,160,160,core_exact,"[""夏季（6月-8月，农历四〜六月）的应季水果有西瓜。""]"
SF0034,季节-夏,季节,夏,夏,水果,桃子,,,用户参考,ingredient,267,267,core_exact,"[""夏季（6月-8月，农历四〜六月）的应季水果有桃子。""]"
SF0035,季节-夏,季节,夏,夏,水果,李子,,,用户参考,ingredient,388,388,core_exact,"[""夏季（6月-8月，农历四〜六月）的应季水果有李子。""]"
SF0036,季节-夏,季节,夏,夏,水果,杏子,,,用户参考,ingredient,8066,,seasonal_catalog,"[""夏季（6月-8月，农历四〜六月）的应季水果有杏子。""]"
SF0037,季节-夏,季节,夏,夏,水果,葡萄,,,用户参考,ingredient,124,124,core_exact,"[""夏季（6月-8月，农历四〜六月）的应季水果有葡萄。""]"
SF0038,季节-夏,季节,夏,夏,水果,荔枝,,,用户参考,ingredient,233,233,core_exact,"[""夏季（6月-8月，农历四〜六月）的应季水果有荔枝。""]"
SF0039,季节-夏,季节,夏,夏,水果,龙眼,,,用户参考,ingredient,8087,,seasonal_catalog,"[""夏季（6月-8月，农历四〜六月）的应季水果有龙眼。""]"
SF0040,季节-夏,季节,夏,夏,水果,芒果,,,用户参考,ingredient,42,42,core_exact,"[""夏季（6月-8月，农历四〜六月）的应季水果有芒果。""]"
SF0041,季节-夏,季节,夏,夏,水果,哈密瓜,,,用户参考,ingredient,240,240,core_exact,"[""夏季（6月-8月，农历四〜六月）的应季水果有哈密瓜。""]"
SF0042,季节-夏,季节,夏,夏,水果,香瓜,,,用户参考,ingredient,444,444,core_exact,"[""夏季（6月-8月，农历四〜六月）的应季水果有香瓜。""]"
SF0043,季节-夏,季节,夏,夏,水果,草莓,,,用户参考,ingredient,43,43,core_exact,"[""夏季（6月-8月，农历四〜六月）的应季水果有草莓。""]"
SF0044,季节-夏,季节,夏,夏,水果,莲雾,,,用户参考,ingredient,8076,,seasonal_catalog,"[""夏季（6月-8月，农历四〜六月）的应季水果有莲雾。""]"
SF0045,季节-夏,季节,夏,夏,水果,菠萝,,,用户参考,ingredient,67,67,core_exact,"[""夏季（6月-8月，农历四〜六月）的应季水果有菠萝。""]"
SF0046,季节-夏,季节,夏,夏,水果,柠檬,,,用户参考,ingredient,22,22,core_exact,"[""夏季（6月-8月，农历四〜六月）的应季水果有柠檬。""]"
SF0047,季节-夏,季节,夏,夏,水果,百香果,,,用户参考,ingredient,120,120,core_exact,"[""夏季（6月-8月，农历四〜六月）的应季水果有百香果。""]"
SF0048,季节-夏,季节,夏,夏,水果,火龙果,,,用户参考,ingredient,100,100,core_exact,"[""夏季（6月-8月，农历四〜六月）的应季水果有火龙果。""]"
SF0049,季节-夏,季节,夏,夏,水果,猕猴桃,,,用户参考,ingredient,166,166,core_exact,"[""夏季（6月-8月，农历四〜六月）的应季水果有猕猴桃。""]"
SF0050,季节-夏,季节,夏,夏,水果,香蕉,,,用户参考,ingredient,61,61,core_exact,"[""夏季（6月-8月，农历四〜六月）的应季水果有香蕉。""]"
SF0051,季节-夏,季节,夏,夏,水果,椰子,,,用户参考,ingredient,170,170,core_exact,"[""夏季（6月-8月，农历四〜六月）的应季水果有椰子。""]"
SF0052,季节-夏,季节,夏,夏,水果,樱桃,,,用户参考,ingredient,135,135,core_exact,"[""夏季（6月-8月，农历四〜六月）的应季水果有樱桃。""]"
SF0053,季节-夏,季节,夏,夏,蔬菜,冬瓜,,,用户参考,ingredient,108,108,core_exact,"[""夏季（6月-8月，农历四〜六月）的应季蔬菜有冬瓜。""]"
SF0054,季节-夏,季节,夏,夏,蔬菜,丝瓜,,,用户参考,ingredient,254,254,core_exact,"[""夏季（6月-8月，农历四〜六月）的应季蔬菜有丝瓜。""]"
SF0055,季节-夏,季节,夏,夏,蔬菜,苦瓜,,,用户参考,ingredient,265,265,core_exact,"[""夏季（6月-8月，农历四〜六月）的应季蔬菜有苦瓜。""]"
SF0056,季节-夏,季节,夏,夏,蔬菜,黄瓜,,,用户参考,ingredient,19,19,core_exact,"[""夏季（6月-8月，农历四〜六月）的应季蔬菜有黄瓜。""]"
SF0057,季节-夏,季节,夏,夏,蔬菜,空心菜,,,用户参考,ingredient,264,264,core_exact,"[""夏季（6月-8月，农历四〜六月）的应季蔬菜有空心菜。""]"
SF0058,季节-夏,季节,夏,夏,蔬菜,豆角,,,用户参考,ingredient,84,84,core_exact,"[""夏季（6月-8月，农历四〜六月）的应季蔬菜有豆角。""]"
SF0059,季节-夏,季节,夏,夏,蔬菜,茄子,,,用户参考,ingredient,110,110,core_exact,"[""夏季（6月-8月，农历四〜六月）的应季蔬菜有茄子。""]"
SF0060,季节-夏,季节,夏,夏,蔬菜,番茄,,,用户参考,ingredient,14,14,core_exact,"[""夏季（6月-8月，农历四〜六月）的应季蔬菜有番茄。""]"
SF0061,季节-夏,季节,夏,夏,蔬菜,毛豆,,,用户参考,ingredient,129,129,core_exact,"[""夏季（6月-8月，农历四〜六月）的应季蔬菜有毛豆。""]"
SF0062,季节-夏,季节,夏,夏,蔬菜,莲藕,,,用户参考,ingredient,96,96,core_exact,"[""夏季（6月-8月，农历四〜六月）的应季蔬菜有莲藕。""]"
SF0063,季节-夏,季节,夏,夏,蔬菜,生菜,,,用户参考,ingredient,31,31,core_exact,"[""夏季（6月-8月，农历四〜六月）的应季蔬菜有生菜。""]"
SF0064,季节-夏,季节,夏,夏,蔬菜,辣椒,,,用户参考,ingredient,17,17,core_exact,"[""夏季（6月-8月，农历四〜六月）的应季蔬菜有辣椒。""]"
SF0065,季节-夏,季节,夏,夏,蔬菜,四季豆,,,用户参考,ingredient,136,136,core_exact,"[""夏季（6月-8月，农历四〜六月）的应季蔬菜有四季豆。""]"
SF0066,季节-夏,季节,夏,夏,蔬菜,芦笋,,,用户参考,ingredient,104,104,core_exact,"[""夏季（6月-8月，农历四〜六月）的应季蔬菜有芦笋。""]"
SF0067,季节-夏,季节,夏,夏,蔬菜,茭白,,,用户参考,ingredient,362,362,core_exact,"[""夏季（6月-8月，农历四〜六月）的应季蔬菜有茭白。""]"
SF0068,季节-夏,季节,夏,夏,蔬菜,洋葱,,,用户参考,ingredient,5,5,core_exact,"[""夏季（6月-8月，农历四〜六月）的应季蔬菜有洋葱。""]"
SF0069,季节-夏,季节,夏,夏,蔬菜,佛手瓜,,,用户参考,ingredient,436,436,core_exact,"[""夏季（6月-8月，农历四〜六月）的应季蔬菜有佛手瓜。""]"
SF0070,季节-夏,季节,夏,夏,蔬菜,南瓜,,,用户参考,ingredient,30,30,core_exact,"[""夏季（6月-8月，农历四〜六月）的应季蔬菜有南瓜。""]"
SF0071,季节-夏,季节,夏,夏,蔬菜,苋菜,,,用户参考,ingredient,327,327,core_exact,"[""夏季（6月-8月，农历四〜六月）的应季蔬菜有苋菜。""]"
SF0072,季节-夏,季节,夏,夏,蔬菜,山苏,,,用户参考,ingredient,8065,,seasonal_catalog,"[""夏季（6月-8月，农历四〜六月）的应季蔬菜有山苏。""]"
SF0073,季节-夏,季节,夏,夏,蔬菜,龙须菜,,,用户参考,ingredient,519,519,core_exact,"[""夏季（6月-8月，农历四〜六月）的应季蔬菜有龙须菜。""]"
SF0074,季节-夏,季节,夏,夏,蔬菜,红薯叶,,,用户参考,ingredient,474,474,core_exact,"[""夏季（6月-8月，农历四〜六月）的应季蔬菜有红薯叶。""]"
SF0075,季节-夏,季节,夏,夏,蔬菜,竹笋,,,用户参考,ingredient,282,282,core_exact,"[""夏季（6月-8月，农历四〜六月）的应季蔬菜有竹笋。""]"
SF0076,季节-夏,季节,夏,夏,蔬菜,卷心菜,,,用户参考,ingredient,76,76,core_exact,"[""夏季（6月-8月，农历四〜六月）的应季蔬菜有卷心菜。""]"
SF0077,季节-夏,季节,夏,夏,蔬菜,豇豆,,,用户参考,ingredient,151,151,core_exact,"[""夏季（6月-8月，农历四〜六月）的应季蔬菜有豇豆。""]"
SF0078,季节-夏,季节,夏,夏,蔬菜,蚕豆,,,用户参考,ingredient,284,284,core_exact,"[""夏季（6月-8月，农历四〜六月）的应季蔬菜有蚕豆。""]"
SF0079,季节-春,季节,春,春,水果,草莓,,,用户参考,ingredient,43,43,core_exact,"[""春季（3月-5月，农历一〜三月）的应季水果有草莓。""]"
SF0080,季节-春,季节,春,春,水果,樱桃,,,用户参考,ingredient,135,135,core_exact,"[""春季（3月-5月，农历一〜三月）的应季水果有樱桃。""]"
SF0081,季节-春,季节,春,春,水果,枇杷,,,用户参考,ingredient,353,353,core_exact,"[""春季（3月-5月，农历一〜三月）的应季水果有枇杷。""]"
SF0082,季节-春,季节,春,春,水果,桑葚,,,用户参考,ingredient,303,303,core_exact,"[""春季（3月-5月，农历一〜三月）的应季水果有桑葚。""]"
SF0083,季节-春,季节,春,春,水果,青梅,,,用户参考,ingredient,366,366,core_exact,"[""春季（3月-5月，农历一〜三月）的应季水果有青梅。""]"
SF0084,季节-春,季节,春,春,水果,油桃,,,用户参考,ingredient,4122,,catalog_exact,"[""春季（3月-5月，农历一〜三月）的应季水果有油桃。""]"
SF0085,季节-春,季节,春,春,水果,番石榴,,,用户参考,ingredient,443,443,core_exact,"[""春季（3月-5月，农历一〜三月）的应季水果有番石榴。""]"
SF0086,季节-春,季节,春,春,水果,青枣,,,用户参考,ingredient,8085,,seasonal_catalog,"[""春季（3月-5月，农历一〜三月）的应季水果有青枣。""]"
SF0087,季节-春,季节,春,春,水果,莲雾,春末,,用户参考,ingredient,8076,,seasonal_catalog,"[""春季（3月-5月，农历一〜三月）的应季水果有莲雾（春末）。""]"
SF0088,季节-春,季节,春,春,蔬菜,春笋,,,用户参考,ingredient,220,220,core_exact,"[""春季（3月-5月，农历一〜三月）的应季蔬菜有春笋。""]"
SF0089,季节-春,季节,春,春,蔬菜,韭菜,,,用户参考,ingredient,48,48,core_exact,"[""春季（3月-5月，农历一〜三月）的应季蔬菜有韭菜。""]"
SF0090,季节-春,季节,春,春,蔬菜,荠菜,,,用户参考,ingredient,266,266,core_exact,"[""春季（3月-5月，农历一〜三月）的应季蔬菜有荠菜。""]"
SF0091,季节-春,季节,春,春,蔬菜,菠菜,,,用户参考,ingredient,40,40,core_exact,"[""春季（3月-5月，农历一〜三月）的应季蔬菜有菠菜。""]"
SF0092,季节-春,季节,春,春,蔬菜,芹菜,,,用户参考,ingredient,27,27,core_exact,"[""春季（3月-5月，农历一〜三月）的应季蔬菜有芹菜。""]"
SF0093,季节-春,季节,春,春,蔬菜,莴笋,,,用户参考,ingredient,145,145,core_exact,"[""春季（3月-5月，农历一〜三月）的应季蔬菜有莴笋。""]"
SF0094,季节-春,季节,春,春,蔬菜,香椿,,,用户参考,ingredient,337,337,core_exact,"[""春季（3月-5月，农历一〜三月）的应季蔬菜有香椿。""]"
SF0095,季节-春,季节,春,春,蔬菜,蒜苗,,,用户参考,ingredient,80,80,core_exact,"[""春季（3月-5月，农历一〜三月）的应季蔬菜有蒜苗。""]"
SF0096,季节-春,季节,春,春,蔬菜,豌豆,,,用户参考,ingredient,60,60,core_exact,"[""春季（3月-5月，农历一〜三月）的应季蔬菜有豌豆。""]"
SF0097,季节-春,季节,春,春,蔬菜,茼蒿,,,用户参考,ingredient,257,257,core_exact,"[""春季（3月-5月，农历一〜三月）的应季蔬菜有茼蒿。""]"
SF0098,季节-春,季节,春,春,蔬菜,油菜,,,用户参考,ingredient,44,44,core_exact,"[""春季（3月-5月，农历一〜三月）的应季蔬菜有油菜。""]"
SF0099,季节-春,季节,春,春,蔬菜,辣椒,,,用户参考,ingredient,17,17,core_exact,"[""春季（3月-5月，农历一〜三月）的应季蔬菜有辣椒。""]"
SF0100,季节-春,季节,春,春,蔬菜,青椒,,,用户参考,ingredient,11,11,core_exact,"[""春季（3月-5月，农历一〜三月）的应季蔬菜有青椒。""]"
SF0101,季节-春,季节,春,春,蔬菜,彩椒,,,用户参考,ingredient,74,74,core_exact,"[""春季（3月-5月，农历一〜三月）的应季蔬菜有彩椒。""]"
SF0102,季节-春,季节,春,春,蔬菜,洋葱,,,用户参考,ingredient,5,5,core_exact,"[""春季（3月-5月，农历一〜三月）的应季蔬菜有洋葱。""]"
SF0103,季节-春,季节,春,春,蔬菜,菜花,,,用户参考,ingredient,208,208,core_exact,"[""春季（3月-5月，农历一〜三月）的应季蔬菜有菜花。""]"
SF0104,季节-春,季节,春,春,蔬菜,甜豌豆,,,用户参考,ingredient,8071,,seasonal_catalog,"[""春季（3月-5月，农历一〜三月）的应季蔬菜有甜豌豆。""]"
SF0105,季节-春,季节,春,春,蔬菜,马兰头,,,用户参考,ingredient,377,377,core_exact,"[""春季（3月-5月，农历一〜三月）的应季蔬菜有马兰头。""]"
SF0106,季节-春,季节,春,春,蔬菜,瓠子,,,用户参考,ingredient,8069,,seasonal_catalog,"[""春季（3月-5月，农历一〜三月）的应季蔬菜有瓠子。""]"
SF0107,季节-春,季节,春,春,蔬菜,菜心,,,用户参考,ingredient,165,165,core_exact,"[""春季（3月-5月，农历一〜三月）的应季蔬菜有菜心。""]"
SF0108,季节-春,季节,春,春,蔬菜,豌豆苗,,,用户参考,ingredient,440,440,core_exact,"[""春季（3月-5月，农历一〜三月）的应季蔬菜有豌豆苗。""]"
SF0109,季节-秋,季节,秋,秋,水果,梨,,,用户参考,ingredient,3899,,catalog_exact,"[""秋季（9月-11月，农历七〜九月）的应季水果有梨。""]"
SF0110,季节-秋,季节,秋,秋,水果,苹果,,,用户参考,ingredient,56,56,core_exact,"[""秋季（9月-11月，农历七〜九月）的应季水果有苹果。""]"
SF0111,季节-秋,季节,秋,秋,水果,石榴,,,用户参考,ingredient,314,314,core_exact,"[""秋季（9月-11月，农历七〜九月）的应季水果有石榴。""]"
SF0112,季节-秋,季节,秋,秋,水果,柚子,,,用户参考,ingredient,223,223,core_exact,"[""秋季（9月-11月，农历七〜九月）的应季水果有柚子。""]"
SF0113,季节-秋,季节,秋,秋,水果,橘子,,,用户参考,ingredient,214,214,core_exact,"[""秋季（9月-11月，农历七〜九月）的应季水果有橘子。""]"
SF0114,季节-秋,季节,秋,秋,水果,冬枣,,,用户参考,ingredient,520,520,core_exact,"[""秋季（9月-11月，农历七〜九月）的应季水果有冬枣。""]"
SF0115,季节-秋,季节,秋,秋,水果,猕猴桃,,,用户参考,ingredient,166,166,core_exact,"[""秋季（9月-11月，农历七〜九月）的应季水果有猕猴桃。""]"
SF0116,季节-秋,季节,秋,秋,水果,柿子,,,用户参考,ingredient,3855,,catalog_exact,"[""秋季（9月-11月，农历七〜九月）的应季水果有柿子。""]"
SF0117,季节-秋,季节,秋,秋,水果,木瓜,,,用户参考,ingredient,195,195,core_exact,"[""秋季（9月-11月，农历七〜九月）的应季水果有木瓜。""]"
SF0118,季节-秋,季节,秋,秋,水果,莲子,,,用户参考,ingredient,122,122,core_exact,"[""秋季（9月-11月，农历七〜九月）的应季水果有莲子。""]"
SF0119,季节-秋,季节,秋,秋,水果,甘蔗,,,用户参考,ingredient,8070,,seasonal_catalog,"[""秋季（9月-11月，农历七〜九月）的应季水果有甘蔗。""]"
SF0120,季节-秋,季节,秋,秋,水果,葡萄,,,用户参考,ingredient,124,124,core_exact,"[""秋季（9月-11月，农历七〜九月）的应季水果有葡萄。""]"
SF0121,季节-秋,季节,秋,秋,水果,火龙果,,,用户参考,ingredient,100,100,core_exact,"[""秋季（9月-11月，农历七〜九月）的应季水果有火龙果。""]"
SF0122,季节-秋,季节,秋,秋,水果,杨桃,,,用户参考,ingredient,419,419,core_exact,"[""秋季（9月-11月，农历七〜九月）的应季水果有杨桃。""]"
SF0123,季节-秋,季节,秋,秋,水果,番石榴,,,用户参考,ingredient,443,443,core_exact,"[""秋季（9月-11月，农历七〜九月）的应季水果有番石榴。""]"
SF0124,季节-秋,季节,秋,秋,水果,杏子,,,用户参考,ingredient,8066,,seasonal_catalog,"[""秋季（9月-11月，农历七〜九月）的应季水果有杏子。""]"
SF0125,季节-秋,季节,秋,秋,水果,红枣,,,用户参考,ingredient,21,21,core_exact,"[""秋季（9月-11月，农历七〜九月）的应季水果有红枣。""]"
SF0126,季节-秋,季节,秋,秋,水果,山楂,,,用户参考,ingredient,3019,,catalog_exact,"[""秋季（9月-11月，农历七〜九月）的应季水果有山楂。""]"
SF0127,季节-秋,季节,秋,秋,水果,核桃,,,用户参考,ingredient,38,38,core_exact,"[""秋季（9月-11月，农历七〜九月）的应季水果有核桃。""]"
SF0128,季节-秋,季节,秋,秋,蔬菜,白萝卜,,,用户参考,ingredient,63,63,core_exact,"[""秋季（9月-11月，农历七〜九月）的应季蔬菜有白萝卜。""]"
SF0129,季节-秋,季节,秋,秋,蔬菜,大白菜,,,用户参考,ingredient,158,158,core_exact,"[""秋季（9月-11月，农历七〜九月）的应季蔬菜有大白菜。""]"
SF0130,季节-秋,季节,秋,秋,蔬菜,山药,,,用户参考,ingredient,85,85,core_exact,"[""秋季（9月-11月，农历七〜九月）的应季蔬菜有山药。""]"
SF0131,季节-秋,季节,秋,秋,蔬菜,莲藕,,,用户参考,ingredient,96,96,core_exact,"[""秋季（9月-11月，农历七〜九月）的应季蔬菜有莲藕。""]"
SF0132,季节-秋,季节,秋,秋,蔬菜,西兰花,,,用户参考,ingredient,53,53,core_exact,"[""秋季（9月-11月，农历七〜九月）的应季蔬菜有西兰花。""]"
SF0133,季节-秋,季节,秋,秋,蔬菜,娃娃菜,,,用户参考,ingredient,70,70,core_exact,"[""秋季（9月-11月，农历七〜九月）的应季蔬菜有娃娃菜。""]"
SF0134,季节-秋,季节,秋,秋,蔬菜,秋葵,,,用户参考,ingredient,142,142,core_exact,"[""秋季（9月-11月，农历七〜九月）的应季蔬菜有秋葵。""]"
SF0135,季节-秋,季节,秋,秋,蔬菜,茨菇,,,用户参考,ingredient,6174,,catalog_exact,"[""秋季（9月-11月，农历七〜九月）的应季蔬菜有茨菇。""]"
SF0136,季节-秋,季节,秋,秋,蔬菜,南瓜,,,用户参考,ingredient,30,30,core_exact,"[""秋季（9月-11月，农历七〜九月）的应季蔬菜有南瓜。""]"
SF0137,季节-秋,季节,秋,秋,蔬菜,菱角,,,用户参考,ingredient,559,559,core_exact,"[""秋季（9月-11月，农历七〜九月）的应季蔬菜有菱角。""]"
SF0138,季节-秋,季节,秋,秋,蔬菜,辣椒,,,用户参考,ingredient,17,17,core_exact,"[""秋季（9月-11月，农历七〜九月）的应季蔬菜有辣椒。""]"
SF0139,季节-秋,季节,秋,秋,蔬菜,栗子,,,用户参考,ingredient,116,116,core_exact,"[""秋季（9月-11月，农历七〜九月）的应季蔬菜有栗子。""]"
SF0140,季节-秋,季节,秋,秋,蔬菜,冬瓜,,,用户参考,ingredient,108,108,core_exact,"[""秋季（9月-11月，农历七〜九月）的应季蔬菜有冬瓜。""]"
SF0141,季节-秋,季节,秋,秋,蔬菜,四季豆,芸豆,,用户参考,ingredient,136,136,core_exact,"[""秋季（9月-11月，农历七〜九月）的应季蔬菜有四季豆（芸豆）。""]"
SF0142,季节-秋,季节,秋,秋,蔬菜,红薯叶,,,用户参考,ingredient,474,474,core_exact,"[""秋季（9月-11月，农历七〜九月）的应季蔬菜有红薯叶。""]"
SF0143,季节-秋,季节,秋,秋,蔬菜,豆角,,,用户参考,ingredient,84,84,core_exact,"[""秋季（9月-11月，农历七〜九月）的应季蔬菜有豆角。""]"
SF0144,季节-秋,季节,秋,秋,蔬菜,扁豆,,,用户参考,ingredient,227,227,core_exact,"[""秋季（9月-11月，农历七〜九月）的应季蔬菜有扁豆。""]"
SF0145,季节-秋,季节,秋,秋,蔬菜,菜花,,,用户参考,ingredient,208,208,core_exact,"[""秋季（9月-11月，农历七〜九月）的应季蔬菜有菜花。""]"
SF0146,季节-秋,季节,秋,秋,蔬菜,胡萝卜,,,用户参考,ingredient,6,6,core_exact,"[""秋季（9月-11月，农历七〜九月）的应季蔬菜有胡萝卜。""]"
SF0147,季节-秋,季节,秋,秋,蔬菜,葱,,,用户参考,ingredient,1,1,core_exact,"[""秋季（9月-11月，农历七〜九月）的应季蔬菜有葱。""]"
SF0148,季节-秋,季节,秋,秋,蔬菜,黄瓜,,,用户参考,ingredient,19,19,core_exact,"[""秋季（9月-11月，农历七〜九月）的应季蔬菜有黄瓜。""]"
SF0149,季节-秋,季节,秋,秋,蔬菜,番茄,,,用户参考,ingredient,14,14,core_exact,"[""秋季（9月-11月，农历七〜九月）的应季蔬菜有番茄。""]"
SF0150,季节-秋,季节,秋,秋,蔬菜,茄子,,,用户参考,ingredient,110,110,core_exact,"[""秋季（9月-11月，农历七〜九月）的应季蔬菜有茄子。""]"
SF0151,季节-秋,季节,秋,秋,蔬菜,百合,,,用户参考,ingredient,229,229,core_exact,"[""秋季（9月-11月，农历七〜九月）的应季蔬菜有百合。""]"
SF0152,月份-01,月份,1月,冬,水果,砂糖橘,,,用户参考,ingredient,8073,,seasonal_catalog,"[""1月的应季水果有砂糖橘。""]"
SF0153,月份-01,月份,1月,冬,水果,沃柑,,,用户参考,ingredient,8068,,seasonal_catalog,"[""1月的应季水果有沃柑。""]"
SF0154,月份-01,月份,1月,冬,水果,赣南脐橙,,,用户参考,ingredient,8081,,seasonal_catalog,"[""1月的应季水果有赣南脐橙。""]"
SF0155,月份-01,月份,1月,冬,水果,猕猴桃,,,用户参考,ingredient,166,166,core_exact,"[""1月的应季水果有猕猴桃。""]"
SF0156,月份-01,月份,1月,冬,水果,山楂,,,用户参考,ingredient,3019,,catalog_exact,"[""1月的应季水果有山楂。""]"
SF0157,月份-01,月份,1月,冬,水果,甘蔗,,,用户参考,ingredient,8070,,seasonal_catalog,"[""1月的应季水果有甘蔗。""]"
SF0158,月份-01,月份,1月,冬,蔬菜,大白菜,,,用户参考,ingredient,158,158,core_exact,"[""1月的应季蔬菜有大白菜。""]"
SF0159,月份-01,月份,1月,冬,蔬菜,小白菜,,,用户参考,ingredient,137,137,core_exact,"[""1月的应季蔬菜有小白菜。""]"
SF0160,月份-01,月份,1月,冬,蔬菜,菠菜,,,用户参考,ingredient,40,40,core_exact,"[""1月的应季蔬菜有菠菜。""]"
SF0161,月份-01,月份,1月,冬,蔬菜,芹菜,,,用户参考,ingredient,27,27,core_exact,"[""1月的应季蔬菜有芹菜。""]"
SF0162,月份-01,月份,1月,冬,蔬菜,白萝卜,,,用户参考,ingredient,63,63,core_exact,"[""1月的应季蔬菜有白萝卜。""]"
SF0163,月份-01,月份,1月,冬,蔬菜,胡萝卜,,,用户参考,ingredient,6,6,core_exact,"[""1月的应季蔬菜有胡萝卜。""]"
SF0164,月份-01,月份,1月,冬,蔬菜,卷心菜,,,用户参考,ingredient,76,76,core_exact,"[""1月的应季蔬菜有卷心菜。""]"
SF0165,月份-01,月份,1月,冬,蔬菜,花菜,,,用户参考,ingredient,130,130,core_exact,"[""1月的应季蔬菜有花菜。""]"
SF0166,月份-01,月份,1月,冬,蔬菜,茨菇,,,用户参考,ingredient,6174,,catalog_exact,"[""1月的应季蔬菜有茨菇。""]"
SF0167,月份-01,月份,1月,冬,蔬菜,香菇,,,用户参考,ingredient,23,23,core_exact,"[""1月的应季蔬菜有香菇。""]"
SF0168,月份-02,月份,2月,冬,水果,砂糖橘,,,用户参考,ingredient,8073,,seasonal_catalog,"[""2月的应季水果有砂糖橘。""]"
SF0169,月份-02,月份,2月,冬,水果,沃柑,,,用户参考,ingredient,8068,,seasonal_catalog,"[""2月的应季水果有沃柑。""]"
SF0170,月份-02,月份,2月,冬,水果,赣南脐橙,,,用户参考,ingredient,8081,,seasonal_catalog,"[""2月的应季水果有赣南脐橙。""]"
SF0171,月份-02,月份,2月,冬,水果,猕猴桃,,,用户参考,ingredient,166,166,core_exact,"[""2月的应季水果有猕猴桃。""]"
SF0172,月份-02,月份,2月,冬,水果,山楂,,,用户参考,ingredient,3019,,catalog_exact,"[""2月的应季水果有山楂。""]"
SF0173,月份-02,月份,2月,冬,水果,甘蔗,,,用户参考,ingredient,8070,,seasonal_catalog,"[""2月的应季水果有甘蔗。""]"
SF0174,月份-02,月份,2月,冬,蔬菜,大白菜,,,用户参考,ingredient,158,158,core_exact,"[""2月的应季蔬菜有大白菜。""]"
SF0175,月份-02,月份,2月,冬,蔬菜,小白菜,,,用户参考,ingredient,137,137,core_exact,"[""2月的应季蔬菜有小白菜。""]"
SF0176,月份-02,月份,2月,冬,蔬菜,菠菜,,,用户参考,ingredient,40,40,core_exact,"[""2月的应季蔬菜有菠菜。""]"
SF0177,月份-02,月份,2月,冬,蔬菜,芹菜,,,用户参考,ingredient,27,27,core_exact,"[""2月的应季蔬菜有芹菜。""]"
SF0178,月份-02,月份,2月,冬,蔬菜,菜心,,,用户参考,ingredient,165,165,core_exact,"[""2月的应季蔬菜有菜心。""]"
SF0179,月份-02,月份,2月,冬,蔬菜,卷心菜,,,用户参考,ingredient,76,76,core_exact,"[""2月的应季蔬菜有卷心菜。""]"
SF0180,月份-02,月份,2月,冬,蔬菜,荠菜,,,用户参考,ingredient,266,266,core_exact,"[""2月的应季蔬菜有荠菜。""]"
SF0181,月份-02,月份,2月,冬,蔬菜,生菜,,,用户参考,ingredient,31,31,core_exact,"[""2月的应季蔬菜有生菜。""]"
SF0182,月份-03,月份,3月,春,水果,草莓,尾季,,用户参考,ingredient,43,43,core_exact,"[""3月的应季水果有草莓（尾季）。""]"
SF0183,月份-03,月份,3月,春,水果,芒果,海南/广西早熟,,用户参考,ingredient,42,42,core_exact,"[""3月的应季水果有芒果（海南/广西早熟）。""]"
SF0184,月份-03,月份,3月,春,水果,枇杷,,,用户参考,ingredient,353,353,core_exact,"[""3月的应季水果有枇杷。""]"
SF0185,月份-03,月份,3月,春,水果,桑葚,,,用户参考,ingredient,303,303,core_exact,"[""3月的应季水果有桑葚。""]"
SF0186,月份-03,月份,3月,春,水果,菠萝,,,用户参考,ingredient,67,67,core_exact,"[""3月的应季水果有菠萝。""]"
SF0187,月份-03,月份,3月,春,蔬菜,小白菜,,,用户参考,ingredient,137,137,core_exact,"[""3月的应季蔬菜有小白菜。""]"
SF0188,月份-03,月份,3月,春,蔬菜,菠菜,,,用户参考,ingredient,40,40,core_exact,"[""3月的应季蔬菜有菠菜。""]"
SF0189,月份-03,月份,3月,春,蔬菜,芹菜,,,用户参考,ingredient,27,27,core_exact,"[""3月的应季蔬菜有芹菜。""]"
SF0190,月份-03,月份,3月,春,蔬菜,菜心,,,用户参考,ingredient,165,165,core_exact,"[""3月的应季蔬菜有菜心。""]"
SF0191,月份-03,月份,3月,春,蔬菜,韭菜,,,用户参考,ingredient,48,48,core_exact,"[""3月的应季蔬菜有韭菜。""]"
SF0192,月份-03,月份,3月,春,蔬菜,春笋,,,用户参考,ingredient,220,220,core_exact,"[""3月的应季蔬菜有春笋。""]"
SF0193,月份-03,月份,3月,春,蔬菜,香椿,,,用户参考,ingredient,337,337,core_exact,"[""3月的应季蔬菜有香椿。""]"
SF0194,月份-03,月份,3月,春,蔬菜,豌豆苗,,,用户参考,ingredient,440,440,core_exact,"[""3月的应季蔬菜有豌豆苗。""]"
SF0195,月份-03,月份,3月,春,蔬菜,蚕豆,,,用户参考,ingredient,284,284,core_exact,"[""3月的应季蔬菜有蚕豆。""]"
SF0196,月份-03,月份,3月,春,蔬菜,荠菜,,,用户参考,ingredient,266,266,core_exact,"[""3月的应季蔬菜有荠菜。""]"
SF0197,月份-03,月份,3月,春,蔬菜,茼蒿,,,用户参考,ingredient,257,257,core_exact,"[""3月的应季蔬菜有茼蒿。""]"
SF0198,月份-04,月份,4月,春,水果,草莓,,,用户参考,ingredient,43,43,core_exact,"[""4月的应季水果有草莓。""]"
SF0199,月份-04,月份,4月,春,水果,枇杷,,,用户参考,ingredient,353,353,core_exact,"[""4月的应季水果有枇杷。""]"
SF0200,月份-04,月份,4月,春,水果,芒果,,,用户参考,ingredient,42,42,core_exact,"[""4月的应季水果有芒果。""]"
SF0201,月份-04,月份,4月,春,水果,桑葚,,,用户参考,ingredient,303,303,core_exact,"[""4月的应季水果有桑葚。""]"
SF0202,月份-04,月份,4月,春,水果,樱桃,早熟,,用户参考,ingredient,135,135,core_exact,"[""4月的应季水果有樱桃（早熟）。""]"
SF0203,月份-04,月份,4月,春,蔬菜,小白菜,,,用户参考,ingredient,137,137,core_exact,"[""4月的应季蔬菜有小白菜。""]"
SF0204,月份-04,月份,4月,春,蔬菜,莴笋,,,用户参考,ingredient,145,145,core_exact,"[""4月的应季蔬菜有莴笋。""]"
SF0205,月份-04,月份,4月,春,蔬菜,鸡毛菜,,,用户参考,ingredient,209,209,core_exact,"[""4月的应季蔬菜有鸡毛菜。""]"
SF0206,月份-04,月份,4月,春,蔬菜,芹菜,,,用户参考,ingredient,27,27,core_exact,"[""4月的应季蔬菜有芹菜。""]"
SF0207,月份-04,月份,4月,春,蔬菜,春笋,,,用户参考,ingredient,220,220,core_exact,"[""4月的应季蔬菜有春笋。""]"
SF0208,月份-04,月份,4月,春,蔬菜,香椿,,,用户参考,ingredient,337,337,core_exact,"[""4月的应季蔬菜有香椿。""]"
SF0209,月份-04,月份,4月,春,蔬菜,韭菜,,,用户参考,ingredient,48,48,core_exact,"[""4月的应季蔬菜有韭菜。""]"
SF0210,月份-04,月份,4月,春,蔬菜,豌豆苗,,,用户参考,ingredient,440,440,core_exact,"[""4月的应季蔬菜有豌豆苗。""]"
SF0211,月份-04,月份,4月,春,蔬菜,蚕豆,,,用户参考,ingredient,284,284,core_exact,"[""4月的应季蔬菜有蚕豆。""]"
SF0212,月份-04,月份,4月,春,蔬菜,荠菜,,,用户参考,ingredient,266,266,core_exact,"[""4月的应季蔬菜有荠菜。""]"
SF0213,月份-05,月份,5月,春,水果,草莓,,,用户参考,ingredient,43,43,core_exact,"[""5月的应季水果有草莓。""]"
SF0214,月份-05,月份,5月,春,水果,枇杷,,,用户参考,ingredient,353,353,core_exact,"[""5月的应季水果有枇杷。""]"
SF0215,月份-05,月份,5月,春,水果,桑葚,,,用户参考,ingredient,303,303,core_exact,"[""5月的应季水果有桑葚。""]"
SF0216,月份-05,月份,5月,春,水果,樱桃,,,用户参考,ingredient,135,135,core_exact,"[""5月的应季水果有樱桃。""]"
SF0217,月份-05,月份,5月,春,水果,芒果,,,用户参考,ingredient,42,42,core_exact,"[""5月的应季水果有芒果。""]"
SF0218,月份-05,月份,5月,春,水果,杨梅,,,用户参考,ingredient,210,210,core_exact,"[""5月的应季水果有杨梅。""]"
SF0219,月份-05,月份,5月,春,水果,油桃,,,用户参考,ingredient,4122,,catalog_exact,"[""5月的应季水果有油桃。""]"
SF0220,月份-05,月份,5月,春,水果,李子,,,用户参考,ingredient,388,388,core_exact,"[""5月的应季水果有李子。""]"
SF0221,月份-05,月份,5月,春,水果,荔枝,早熟,,用户参考,ingredient,233,233,core_exact,"[""5月的应季水果有荔枝（早熟）。""]"
SF0222,月份-05,月份,5月,春,蔬菜,小白菜,,,用户参考,ingredient,137,137,core_exact,"[""5月的应季蔬菜有小白菜。""]"
SF0223,月份-05,月份,5月,春,蔬菜,卷心菜,,,用户参考,ingredient,76,76,core_exact,"[""5月的应季蔬菜有卷心菜。""]"
SF0224,月份-05,月份,5月,春,蔬菜,莴笋,,,用户参考,ingredient,145,145,core_exact,"[""5月的应季蔬菜有莴笋。""]"
SF0225,月份-05,月份,5月,春,蔬菜,鸡毛菜,,,用户参考,ingredient,209,209,core_exact,"[""5月的应季蔬菜有鸡毛菜。""]"
SF0226,月份-05,月份,5月,春,蔬菜,黄瓜,,,用户参考,ingredient,19,19,core_exact,"[""5月的应季蔬菜有黄瓜。""]"
SF0227,月份-05,月份,5月,春,蔬菜,番茄,,,用户参考,ingredient,14,14,core_exact,"[""5月的应季蔬菜有番茄。""]"
SF0228,月份-05,月份,5月,春,蔬菜,蚕豆,,,用户参考,ingredient,284,284,core_exact,"[""5月的应季蔬菜有蚕豆。""]"
SF0229,月份-05,月份,5月,春,蔬菜,茭白,,,用户参考,ingredient,362,362,core_exact,"[""5月的应季蔬菜有茭白。""]"
SF0230,月份-05,月份,5月,春,蔬菜,茄子,,,用户参考,ingredient,110,110,core_exact,"[""5月的应季蔬菜有茄子。""]"
SF0231,月份-05,月份,5月,春,蔬菜,丝瓜,,,用户参考,ingredient,254,254,core_exact,"[""5月的应季蔬菜有丝瓜。""]"
SF0232,月份-05,月份,5月,春,蔬菜,苦瓜,,,用户参考,ingredient,265,265,core_exact,"[""5月的应季蔬菜有苦瓜。""]"
SF0233,月份-06,月份,6月,夏,水果,西瓜,,,用户参考,ingredient,160,160,core_exact,"[""6月的应季水果有西瓜。""]"
SF0234,月份-06,月份,6月,夏,水果,杨梅,,,用户参考,ingredient,210,210,core_exact,"[""6月的应季水果有杨梅。""]"
SF0235,月份-06,月份,6月,夏,水果,樱桃,,,用户参考,ingredient,135,135,core_exact,"[""6月的应季水果有樱桃。""]"
SF0236,月份-06,月份,6月,夏,水果,荔枝,,,用户参考,ingredient,233,233,core_exact,"[""6月的应季水果有荔枝。""]"
SF0237,月份-06,月份,6月,夏,水果,枇杷,尾季,,用户参考,ingredient,353,353,core_exact,"[""6月的应季水果有枇杷（尾季）。""]"
SF0238,月份-06,月份,6月,夏,水果,水蜜桃,,,用户参考,ingredient,224,224,core_exact,"[""6月的应季水果有水蜜桃。""]"
SF0239,月份-06,月份,6月,夏,水果,哈密瓜,,,用户参考,ingredient,240,240,core_exact,"[""6月的应季水果有哈密瓜。""]"
SF0240,月份-06,月份,6月,夏,水果,火龙果,,,用户参考,ingredient,100,100,core_exact,"[""6月的应季水果有火龙果。""]"
SF0241,月份-06,月份,6月,夏,水果,龙眼,,,用户参考,ingredient,8087,,seasonal_catalog,"[""6月的应季水果有龙眼。""]"
SF0242,月份-06,月份,6月,夏,水果,葡萄,早熟,,用户参考,ingredient,124,124,core_exact,"[""6月的应季水果有葡萄（早熟）。""]"
SF0243,月份-06,月份,6月,夏,蔬菜,黄瓜,,,用户参考,ingredient,19,19,core_exact,"[""6月的应季蔬菜有黄瓜。""]"
SF0244,月份-06,月份,6月,夏,蔬菜,番茄,,,用户参考,ingredient,14,14,core_exact,"[""6月的应季蔬菜有番茄。""]"
SF0245,月份-06,月份,6月,夏,蔬菜,冬瓜,,,用户参考,ingredient,108,108,core_exact,"[""6月的应季蔬菜有冬瓜。""]"
SF0246,月份-06,月份,6月,夏,蔬菜,丝瓜,,,用户参考,ingredient,254,254,core_exact,"[""6月的应季蔬菜有丝瓜。""]"
SF0247,月份-06,月份,6月,夏,蔬菜,茄子,,,用户参考,ingredient,110,110,core_exact,"[""6月的应季蔬菜有茄子。""]"
SF0248,月份-06,月份,6月,夏,蔬菜,南瓜,,,用户参考,ingredient,30,30,core_exact,"[""6月的应季蔬菜有南瓜。""]"
SF0249,月份-06,月份,6月,夏,蔬菜,卷心菜,,,用户参考,ingredient,76,76,core_exact,"[""6月的应季蔬菜有卷心菜。""]"
SF0250,月份-06,月份,6月,夏,蔬菜,土豆,,,用户参考,ingredient,12,12,core_exact,"[""6月的应季蔬菜有土豆。""]"
SF0251,月份-06,月份,6月,夏,蔬菜,鸡毛菜,,,用户参考,ingredient,209,209,core_exact,"[""6月的应季蔬菜有鸡毛菜。""]"
SF0252,月份-06,月份,6月,夏,蔬菜,刀豆,,,用户参考,ingredient,343,343,core_exact,"[""6月的应季蔬菜有刀豆。""]"
SF0253,月份-06,月份,6月,夏,蔬菜,豇豆,,,用户参考,ingredient,151,151,core_exact,"[""6月的应季蔬菜有豇豆。""]"
SF0254,月份-06,月份,6月,夏,蔬菜,毛豆,,,用户参考,ingredient,129,129,core_exact,"[""6月的应季蔬菜有毛豆。""]"
SF0255,月份-07,月份,7月,夏,水果,西瓜,,,用户参考,ingredient,160,160,core_exact,"[""7月的应季水果有西瓜。""]"
SF0256,月份-07,月份,7月,夏,水果,荔枝,,,用户参考,ingredient,233,233,core_exact,"[""7月的应季水果有荔枝。""]"
SF0257,月份-07,月份,7月,夏,水果,水蜜桃,,,用户参考,ingredient,224,224,core_exact,"[""7月的应季水果有水蜜桃。""]"
SF0258,月份-07,月份,7月,夏,水果,哈密瓜,,,用户参考,ingredient,240,240,core_exact,"[""7月的应季水果有哈密瓜。""]"
SF0259,月份-07,月份,7月,夏,水果,榴莲,,,用户参考,ingredient,196,196,core_exact,"[""7月的应季水果有榴莲。""]"
SF0260,月份-07,月份,7月,夏,水果,杨梅,,,用户参考,ingredient,210,210,core_exact,"[""7月的应季水果有杨梅。""]"
SF0261,月份-07,月份,7月,夏,水果,龙眼,,,用户参考,ingredient,8087,,seasonal_catalog,"[""7月的应季水果有龙眼。""]"
SF0262,月份-07,月份,7月,夏,水果,黄皮,,,用户参考,ingredient,7923,,catalog_exact,"[""7月的应季水果有黄皮。""]"
SF0263,月份-07,月份,7月,夏,水果,葡萄,,,用户参考,ingredient,124,124,core_exact,"[""7月的应季水果有葡萄。""]"
SF0264,月份-07,月份,7月,夏,水果,无花果,,,用户参考,ingredient,177,177,core_exact,"[""7月的应季水果有无花果。""]"
SF0265,月份-07,月份,7月,夏,水果,百香果,,,用户参考,ingredient,120,120,core_exact,"[""7月的应季水果有百香果。""]"
SF0266,月份-07,月份,7月,夏,蔬菜,黄瓜,,,用户参考,ingredient,19,19,core_exact,"[""7月的应季蔬菜有黄瓜。""]"
SF0267,月份-07,月份,7月,夏,蔬菜,番茄,,,用户参考,ingredient,14,14,core_exact,"[""7月的应季蔬菜有番茄。""]"
SF0268,月份-07,月份,7月,夏,蔬菜,冬瓜,,,用户参考,ingredient,108,108,core_exact,"[""7月的应季蔬菜有冬瓜。""]"
SF0269,月份-07,月份,7月,夏,蔬菜,丝瓜,,,用户参考,ingredient,254,254,core_exact,"[""7月的应季蔬菜有丝瓜。""]"
SF0270,月份-07,月份,7月,夏,蔬菜,苦瓜,,,用户参考,ingredient,265,265,core_exact,"[""7月的应季蔬菜有苦瓜。""]"
SF0271,月份-07,月份,7月,夏,蔬菜,茄子,,,用户参考,ingredient,110,110,core_exact,"[""7月的应季蔬菜有茄子。""]"
SF0272,月份-07,月份,7月,夏,蔬菜,豇豆,,,用户参考,ingredient,151,151,core_exact,"[""7月的应季蔬菜有豇豆。""]"
SF0273,月份-07,月份,7月,夏,蔬菜,扁豆,,,用户参考,ingredient,227,227,core_exact,"[""7月的应季蔬菜有扁豆。""]"
SF0274,月份-07,月份,7月,夏,蔬菜,空心菜,,,用户参考,ingredient,264,264,core_exact,"[""7月的应季蔬菜有空心菜。""]"
SF0275,月份-07,月份,7月,夏,蔬菜,毛豆,,,用户参考,ingredient,129,129,core_exact,"[""7月的应季蔬菜有毛豆。""]"
SF0276,月份-07,月份,7月,夏,蔬菜,辣椒,,,用户参考,ingredient,17,17,core_exact,"[""7月的应季蔬菜有辣椒。""]"
SF0277,月份-07,月份,7月,夏,蔬菜,土豆,,,用户参考,ingredient,12,12,core_exact,"[""7月的应季蔬菜有土豆。""]"
SF0278,月份-07,月份,7月,夏,蔬菜,卷心菜,,,用户参考,ingredient,76,76,core_exact,"[""7月的应季蔬菜有卷心菜。""]"
SF0279,月份-08,月份,8月,夏,水果,西瓜,,,用户参考,ingredient,160,160,core_exact,"[""8月的应季水果有西瓜。""]"
SF0280,月份-08,月份,8月,夏,水果,水蜜桃,,,用户参考,ingredient,224,224,core_exact,"[""8月的应季水果有水蜜桃。""]"
SF0281,月份-08,月份,8月,夏,水果,哈密瓜,,,用户参考,ingredient,240,240,core_exact,"[""8月的应季水果有哈密瓜。""]"
SF0282,月份-08,月份,8月,夏,水果,榴莲,,,用户参考,ingredient,196,196,core_exact,"[""8月的应季水果有榴莲。""]"
SF0283,月份-08,月份,8月,夏,水果,葡萄,,,用户参考,ingredient,124,124,core_exact,"[""8月的应季水果有葡萄。""]"
SF0284,月份-08,月份,8月,夏,水果,石榴,,,用户参考,ingredient,314,314,core_exact,"[""8月的应季水果有石榴。""]"
SF0285,月份-08,月份,8月,夏,水果,梨,早熟,,用户参考,ingredient,3899,,catalog_exact,"[""8月的应季水果有梨（早熟）。""]"
SF0286,月份-08,月份,8月,夏,水果,冬枣,,,用户参考,ingredient,520,520,core_exact,"[""8月的应季水果有冬枣。""]"
SF0287,月份-08,月份,8月,夏,水果,龙眼,,,用户参考,ingredient,8087,,seasonal_catalog,"[""8月的应季水果有龙眼。""]"
SF0288,月份-08,月份,8月,夏,蔬菜,冬瓜,,,用户参考,ingredient,108,108,core_exact,"[""8月的应季蔬菜有冬瓜。""]"
SF0289,月份-08,月份,8月,夏,蔬菜,丝瓜,,,用户参考,ingredient,254,254,core_exact,"[""8月的应季蔬菜有丝瓜。""]"
SF0290,月份-08,月份,8月,夏,蔬菜,苦瓜,,,用户参考,ingredient,265,265,core_exact,"[""8月的应季蔬菜有苦瓜。""]"
SF0291,月份-08,月份,8月,夏,蔬菜,茄子,,,用户参考,ingredient,110,110,core_exact,"[""8月的应季蔬菜有茄子。""]"
SF0292,月份-08,月份,8月,夏,蔬菜,豇豆,,,用户参考,ingredient,151,151,core_exact,"[""8月的应季蔬菜有豇豆。""]"
SF0293,月份-08,月份,8月,夏,蔬菜,扁豆,,,用户参考,ingredient,227,227,core_exact,"[""8月的应季蔬菜有扁豆。""]"
SF0294,月份-08,月份,8月,夏,蔬菜,空心菜,,,用户参考,ingredient,264,264,core_exact,"[""8月的应季蔬菜有空心菜。""]"
SF0295,月份-08,月份,8月,夏,蔬菜,毛豆,,,用户参考,ingredient,129,129,core_exact,"[""8月的应季蔬菜有毛豆。""]"
SF0296,月份-08,月份,8月,夏,蔬菜,辣椒,,,用户参考,ingredient,17,17,core_exact,"[""8月的应季蔬菜有辣椒。""]"
SF0297,月份-08,月份,8月,夏,蔬菜,南瓜,,,用户参考,ingredient,30,30,core_exact,"[""8月的应季蔬菜有南瓜。""]"
SF0298,月份-08,月份,8月,夏,蔬菜,土豆,,,用户参考,ingredient,12,12,core_exact,"[""8月的应季蔬菜有土豆。""]"
SF0299,月份-08,月份,8月,夏,蔬菜,卷心菜,,,用户参考,ingredient,76,76,core_exact,"[""8月的应季蔬菜有卷心菜。""]"
SF0300,月份-08,月份,8月,夏,蔬菜,青菜,,,用户参考,ingredient,7365,,catalog_exact,"[""8月的应季蔬菜有青菜。""]"
SF0301,月份-09,月份,9月,秋,水果,葡萄,,,用户参考,ingredient,124,124,core_exact,"[""9月的应季水果有葡萄。""]"
SF0302,月份-09,月份,9月,秋,水果,石榴,,,用户参考,ingredient,314,314,core_exact,"[""9月的应季水果有石榴。""]"
SF0303,月份-09,月份,9月,秋,水果,梨,,,用户参考,ingredient,3899,,catalog_exact,"[""9月的应季水果有梨。""]"
SF0304,月份-09,月份,9月,秋,水果,哈密瓜,,,用户参考,ingredient,240,240,core_exact,"[""9月的应季水果有哈密瓜。""]"
SF0305,月份-09,月份,9月,秋,水果,柚子,,,用户参考,ingredient,223,223,core_exact,"[""9月的应季水果有柚子。""]"
SF0306,月份-09,月份,9月,秋,水果,柿子,,,用户参考,ingredient,3855,,catalog_exact,"[""9月的应季水果有柿子。""]"
SF0307,月份-09,月份,9月,秋,水果,山楂,,,用户参考,ingredient,3019,,catalog_exact,"[""9月的应季水果有山楂。""]"
SF0308,月份-09,月份,9月,秋,水果,冬枣,,,用户参考,ingredient,520,520,core_exact,"[""9月的应季水果有冬枣。""]"
SF0309,月份-09,月份,9月,秋,蔬菜,冬瓜,,,用户参考,ingredient,108,108,core_exact,"[""9月的应季蔬菜有冬瓜。""]"
SF0310,月份-09,月份,9月,秋,蔬菜,丝瓜,,,用户参考,ingredient,254,254,core_exact,"[""9月的应季蔬菜有丝瓜。""]"
SF0311,月份-09,月份,9月,秋,蔬菜,毛豆,,,用户参考,ingredient,129,129,core_exact,"[""9月的应季蔬菜有毛豆。""]"
SF0312,月份-09,月份,9月,秋,蔬菜,豇豆,,,用户参考,ingredient,151,151,core_exact,"[""9月的应季蔬菜有豇豆。""]"
SF0313,月份-09,月份,9月,秋,蔬菜,茄子,,,用户参考,ingredient,110,110,core_exact,"[""9月的应季蔬菜有茄子。""]"
SF0314,月份-09,月份,9月,秋,蔬菜,辣椒,,,用户参考,ingredient,17,17,core_exact,"[""9月的应季蔬菜有辣椒。""]"
SF0315,月份-09,月份,9月,秋,蔬菜,芋头,,,用户参考,ingredient,73,73,core_exact,"[""9月的应季蔬菜有芋头。""]"
SF0316,月份-09,月份,9月,秋,蔬菜,茭白,,,用户参考,ingredient,362,362,core_exact,"[""9月的应季蔬菜有茭白。""]"
SF0317,月份-09,月份,9月,秋,蔬菜,莲藕,,,用户参考,ingredient,96,96,core_exact,"[""9月的应季蔬菜有莲藕。""]"
SF0318,月份-09,月份,9月,秋,蔬菜,山药,,,用户参考,ingredient,85,85,core_exact,"[""9月的应季蔬菜有山药。""]"
SF0319,月份-09,月份,9月,秋,蔬菜,秋葵,,,用户参考,ingredient,142,142,core_exact,"[""9月的应季蔬菜有秋葵。""]"
SF0320,月份-09,月份,9月,秋,蔬菜,白萝卜,,,用户参考,ingredient,63,63,core_exact,"[""9月的应季蔬菜有白萝卜。""]"
SF0321,月份-09,月份,9月,秋,蔬菜,大白菜,,,用户参考,ingredient,158,158,core_exact,"[""9月的应季蔬菜有大白菜。""]"
SF0322,月份-09,月份,9月,秋,蔬菜,卷心菜,,,用户参考,ingredient,76,76,core_exact,"[""9月的应季蔬菜有卷心菜。""]"
SF0323,月份-10,月份,10月,秋,水果,苹果,,,用户参考,ingredient,56,56,core_exact,"[""10月的应季水果有苹果。""]"
SF0324,月份-10,月份,10月,秋,水果,梨,,,用户参考,ingredient,3899,,catalog_exact,"[""10月的应季水果有梨。""]"
SF0325,月份-10,月份,10月,秋,水果,石榴,,,用户参考,ingredient,314,314,core_exact,"[""10月的应季水果有石榴。""]"
SF0326,月份-10,月份,10月,秋,水果,柿子,,,用户参考,ingredient,3855,,catalog_exact,"[""10月的应季水果有柿子。""]"
SF0327,月份-10,月份,10月,秋,水果,葡萄,晚熟,,用户参考,ingredient,124,124,core_exact,"[""10月的应季水果有葡萄（晚熟）。""]"
SF0328,月份-10,月份,10月,秋,水果,猕猴桃,,,用户参考,ingredient,166,166,core_exact,"[""10月的应季水果有猕猴桃。""]"
SF0329,月份-10,月份,10月,秋,水果,柑橘,,,用户参考,ingredient,8067,,seasonal_catalog,"[""10月的应季水果有柑橘。""]"
SF0330,月份-10,月份,10月,秋,水果,橙子,,,用户参考,ingredient,154,154,core_exact,"[""10月的应季水果有橙子。""]"
SF0331,月份-10,月份,10月,秋,水果,甘蔗,,,用户参考,ingredient,8070,,seasonal_catalog,"[""10月的应季水果有甘蔗。""]"
SF0332,月份-10,月份,10月,秋,水果,冬枣,尾季,,用户参考,ingredient,520,520,core_exact,"[""10月的应季水果有冬枣（尾季）。""]"
SF0333,月份-10,月份,10月,秋,蔬菜,大白菜,,,用户参考,ingredient,158,158,core_exact,"[""10月的应季蔬菜有大白菜。""]"
SF0334,月份-10,月份,10月,秋,蔬菜,白萝卜,,,用户参考,ingredient,63,63,core_exact,"[""10月的应季蔬菜有白萝卜。""]"
SF0335,月份-10,月份,10月,秋,蔬菜,芋头,,,用户参考,ingredient,73,73,core_exact,"[""10月的应季蔬菜有芋头。""]"
SF0336,月份-10,月份,10月,秋,蔬菜,茭白,,,用户参考,ingredient,362,362,core_exact,"[""10月的应季蔬菜有茭白。""]"
SF0337,月份-10,月份,10月,秋,蔬菜,莲藕,,,用户参考,ingredient,96,96,core_exact,"[""10月的应季蔬菜有莲藕。""]"
SF0338,月份-10,月份,10月,秋,蔬菜,山药,,,用户参考,ingredient,85,85,core_exact,"[""10月的应季蔬菜有山药。""]"
SF0339,月份-10,月份,10月,秋,蔬菜,花菜,,,用户参考,ingredient,130,130,core_exact,"[""10月的应季蔬菜有花菜。""]"
SF0340,月份-10,月份,10月,秋,蔬菜,西兰花,,,用户参考,ingredient,53,53,core_exact,"[""10月的应季蔬菜有西兰花。""]"
SF0341,月份-10,月份,10月,秋,蔬菜,生菜,,,用户参考,ingredient,31,31,core_exact,"[""10月的应季蔬菜有生菜。""]"
SF0342,月份-10,月份,10月,秋,蔬菜,菠菜,,,用户参考,ingredient,40,40,core_exact,"[""10月的应季蔬菜有菠菜。""]"
SF0343,月份-10,月份,10月,秋,蔬菜,芹菜,,,用户参考,ingredient,27,27,core_exact,"[""10月的应季蔬菜有芹菜。""]"
SF0344,月份-10,月份,10月,秋,蔬菜,卷心菜,,,用户参考,ingredient,76,76,core_exact,"[""10月的应季蔬菜有卷心菜。""]"
SF0345,月份-10,月份,10月,秋,蔬菜,茼蒿,,,用户参考,ingredient,257,257,core_exact,"[""10月的应季蔬菜有茼蒿。""]"
SF0346,月份-11,月份,11月,秋,水果,苹果,,,用户参考,ingredient,56,56,core_exact,"[""11月的应季水果有苹果。""]"
SF0347,月份-11,月份,11月,秋,水果,梨,,,用户参考,ingredient,3899,,catalog_exact,"[""11月的应季水果有梨。""]"
SF0348,月份-11,月份,11月,秋,水果,柚子,,,用户参考,ingredient,223,223,core_exact,"[""11月的应季水果有柚子。""]"
SF0349,月份-11,月份,11月,秋,水果,柿子,,,用户参考,ingredient,3855,,catalog_exact,"[""11月的应季水果有柿子。""]"
SF0350,月份-11,月份,11月,秋,水果,山楂,,,用户参考,ingredient,3019,,catalog_exact,"[""11月的应季水果有山楂。""]"
SF0351,月份-11,月份,11月,秋,水果,猕猴桃,,,用户参考,ingredient,166,166,core_exact,"[""11月的应季水果有猕猴桃。""]"
SF0352,月份-11,月份,11月,秋,水果,甘蔗,,,用户参考,ingredient,8070,,seasonal_catalog,"[""11月的应季水果有甘蔗。""]"
SF0353,月份-11,月份,11月,秋,水果,脐橙,,,用户参考,ingredient,8074,,seasonal_catalog,"[""11月的应季水果有脐橙。""]"
SF0354,月份-11,月份,11月,秋,水果,皇帝柑,,,用户参考,ingredient,8072,,seasonal_catalog,"[""11月的应季水果有皇帝柑。""]"
SF0355,月份-11,月份,11月,秋,水果,草莓,大棚初上市,,用户参考,ingredient,43,43,core_exact,"[""11月的应季水果有草莓（大棚初上市）。""]"
SF0356,月份-11,月份,11月,秋,水果,荸荠,,,用户参考,ingredient,302,302,core_exact,"[""11月的应季水果有荸荠。""]"
SF0357,月份-11,月份,11月,秋,蔬菜,大白菜,,,用户参考,ingredient,158,158,core_exact,"[""11月的应季蔬菜有大白菜。""]"
SF0358,月份-11,月份,11月,秋,蔬菜,白萝卜,,,用户参考,ingredient,63,63,core_exact,"[""11月的应季蔬菜有白萝卜。""]"
SF0359,月份-11,月份,11月,秋,蔬菜,莴笋,,,用户参考,ingredient,145,145,core_exact,"[""11月的应季蔬菜有莴笋。""]"
SF0360,月份-11,月份,11月,秋,蔬菜,花菜,,,用户参考,ingredient,130,130,core_exact,"[""11月的应季蔬菜有花菜。""]"
SF0361,月份-11,月份,11月,秋,蔬菜,西兰花,,,用户参考,ingredient,53,53,core_exact,"[""11月的应季蔬菜有西兰花。""]"
SF0362,月份-11,月份,11月,秋,蔬菜,荠菜,,,用户参考,ingredient,266,266,core_exact,"[""11月的应季蔬菜有荠菜。""]"
SF0363,月份-11,月份,11月,秋,蔬菜,草头,,,用户参考,ingredient,511,511,core_exact,"[""11月的应季蔬菜有草头。""]"
SF0364,月份-11,月份,11月,秋,蔬菜,生菜,,,用户参考,ingredient,31,31,core_exact,"[""11月的应季蔬菜有生菜。""]"
SF0365,月份-11,月份,11月,秋,蔬菜,茨菇,,,用户参考,ingredient,6174,,catalog_exact,"[""11月的应季蔬菜有茨菇。""]"
SF0366,月份-11,月份,11月,秋,蔬菜,青蒜,,,用户参考,ingredient,115,115,core_exact,"[""11月的应季蔬菜有青蒜。""]"
SF0367,月份-11,月份,11月,秋,蔬菜,菠菜,,,用户参考,ingredient,40,40,core_exact,"[""11月的应季蔬菜有菠菜。""]"
SF0368,月份-11,月份,11月,秋,蔬菜,芹菜,,,用户参考,ingredient,27,27,core_exact,"[""11月的应季蔬菜有芹菜。""]"
SF0369,月份-11,月份,11月,秋,蔬菜,卷心菜,,,用户参考,ingredient,76,76,core_exact,"[""11月的应季蔬菜有卷心菜。""]"
SF0370,月份-12,月份,12月,冬,水果,砂糖橘,,,用户参考,ingredient,8073,,seasonal_catalog,"[""12月的应季水果有砂糖橘。""]"
SF0371,月份-12,月份,12月,冬,水果,沃柑,,,用户参考,ingredient,8068,,seasonal_catalog,"[""12月的应季水果有沃柑。""]"
SF0372,月份-12,月份,12月,冬,水果,赣南脐橙,,,用户参考,ingredient,8081,,seasonal_catalog,"[""12月的应季水果有赣南脐橙。""]"
SF0373,月份-12,月份,12月,冬,水果,猕猴桃,,,用户参考,ingredient,166,166,core_exact,"[""12月的应季水果有猕猴桃。""]"
SF0374,月份-12,月份,12月,冬,水果,山楂,,,用户参考,ingredient,3019,,catalog_exact,"[""12月的应季水果有山楂。""]"
SF0375,月份-12,月份,12月,冬,水果,甘蔗,,,用户参考,ingredient,8070,,seasonal_catalog,"[""12月的应季水果有甘蔗。""]"
SF0376,月份-12,月份,12月,冬,水果,草莓,大棚,,用户参考,ingredient,43,43,core_exact,"[""12月的应季水果有草莓（大棚）。""]"
SF0377,月份-12,月份,12月,冬,水果,车厘子,进口,,用户参考,ingredient,8082,,seasonal_catalog,"[""12月的应季水果有车厘子（进口）。""]"
SF0378,月份-12,月份,12月,冬,水果,金桔,,,用户参考,ingredient,7174,,catalog_exact,"[""12月的应季水果有金桔。""]"
SF0379,月份-12,月份,12月,冬,水果,释迦,,,用户参考,ingredient,8083,,seasonal_catalog,"[""12月的应季水果有释迦。""]"
SF0380,月份-12,月份,12月,冬,蔬菜,大白菜,,,用户参考,ingredient,158,158,core_exact,"[""12月的应季蔬菜有大白菜。""]"
SF0381,月份-12,月份,12月,冬,蔬菜,白萝卜,,,用户参考,ingredient,63,63,core_exact,"[""12月的应季蔬菜有白萝卜。""]"
SF0382,月份-12,月份,12月,冬,蔬菜,塌菜,,,用户参考,ingredient,8064,,seasonal_catalog,"[""12月的应季蔬菜有塌菜。""]"
SF0383,月份-12,月份,12月,冬,蔬菜,荠菜,,,用户参考,ingredient,266,266,core_exact,"[""12月的应季蔬菜有荠菜。""]"
SF0384,月份-12,月份,12月,冬,蔬菜,茨菇,,,用户参考,ingredient,6174,,catalog_exact,"[""12月的应季蔬菜有茨菇。""]"
SF0385,月份-12,月份,12月,冬,蔬菜,花菜,,,用户参考,ingredient,130,130,core_exact,"[""12月的应季蔬菜有花菜。""]"
SF0386,月份-12,月份,12月,冬,蔬菜,菠菜,,,用户参考,ingredient,40,40,core_exact,"[""12月的应季蔬菜有菠菜。""]"
SF0387,月份-12,月份,12月,冬,蔬菜,芹菜,,,用户参考,ingredient,27,27,core_exact,"[""12月的应季蔬菜有芹菜。""]"
SF0388,月份-12,月份,12月,冬,蔬菜,卷心菜,,,用户参考,ingredient,76,76,core_exact,"[""12月的应季蔬菜有卷心菜。""]"
SF0389,月份-12,月份,12月,冬,蔬菜,香菇,,,用户参考,ingredient,23,23,core_exact,"[""12月的应季蔬菜有香菇。""]"
SF0390,月份-12,月份,12月,冬,蔬菜,胡萝卜,,,用户参考,ingredient,6,6,core_exact,"[""12月的应季蔬菜有胡萝卜。""]"
SF0391,节日-七夕节,节日,七夕节,秋,菜品,巧果,,,常识草稿,dish_keyword,,,unmatched_dish_keyword,"[""七夕节（农历七月初七）的传统菜品有巧果。""]"
SF0392,节日-七夕节,节日,七夕节,秋,菜品,面食,,,常识草稿,dish_keyword,,,unmatched_dish_keyword,"[""七夕节（农历七月初七）的传统菜品有面食。""]"
SF0393,节日-中元节,节日,中元节,秋,食材,鸭子,,,常识草稿,ingredient,7840,,catalog_exact,"[""中元节（农历七月十五）的传统食材有鸭子。""]"
SF0394,节日-中秋节,节日,中秋节,秋,菜品,月饼,,,常识草稿,dish_keyword,,,dish_title_keyword,"[""中秋节（农历八月十五）的传统菜品有月饼。""]"
SF0395,节日-中秋节,节日,中秋节,秋,食材,螃蟹,,,常识草稿,ingredient,292,292,core_exact,"[""中秋节（农历八月十五）的传统食材有螃蟹。""]"
SF0396,节日-中秋节,节日,中秋节,秋,食材,芋头,,,常识草稿,ingredient,73,73,core_exact,"[""中秋节（农历八月十五）的传统食材有芋头。""]"
SF0397,节日-中秋节,节日,中秋节,秋,食材,桂花,,,常识草稿,ingredient,3874,,catalog_exact,"[""中秋节（农历八月十五）的传统食材有桂花。""]"
SF0398,节日-元宵节,节日,元宵节,春,菜品,汤圆,,,常识草稿,ingredient,4076,,catalog_exact,"[""元宵节（农历正月十五）的传统菜品有汤圆。""]"
SF0399,节日-元宵节,节日,元宵节,春,菜品,元宵,,,常识草稿,dish_keyword,,,unmatched_dish_keyword,"[""元宵节（农历正月十五）的传统菜品有元宵。""]"
SF0400,节日-寒食节,节日,寒食节,春,菜品,青团,,,常识草稿,dish_keyword,,,dish_title_keyword,"[""寒食节（清明前1-2日）的传统菜品有青团。""]"
SF0401,节日-小年,节日,小年,冬,菜品,糖瓜,,,常识草稿,dish_keyword,,,unmatched_dish_keyword,"[""小年（农历腊月廿三）的传统菜品有糖瓜。""]"
SF0402,节日-小年,节日,小年,冬,菜品,饺子,,,常识草稿,ingredient,7506,,catalog_exact,"[""小年（农历腊月廿三）的传统菜品有饺子。""]"
SF0403,节日-春节,节日,春节,春,菜品,饺子,,,常识草稿,ingredient,7506,,catalog_exact,"[""春节（农历正月初一）的传统菜品有饺子。""]"
SF0404,节日-春节,节日,春节,春,菜品,年糕,,,常识草稿,ingredient,3209,,catalog_exact,"[""春节（农历正月初一）的传统菜品有年糕。""]"
SF0405,节日-春节,节日,春节,春,食材,鱼,,,常识草稿,ingredient,7648,,catalog_exact,"[""春节（农历正月初一）的传统食材有鱼。""]"
SF0406,节日-端午节,节日,端午节,夏,菜品,粽子,,,常识草稿,dish_keyword,,,dish_title_keyword,"[""端午节（农历五月初五）的传统菜品有粽子。""]"
SF0407,节日-端午节,节日,端午节,夏,食材,艾草,,,常识草稿,ingredient,8075,,seasonal_catalog,"[""端午节（农历五月初五）的传统食材有艾草。""]"
SF0408,节日-腊八节,节日,腊八节,冬,菜品,腊八粥,,,常识草稿,dish_keyword,,,dish_title_keyword,"[""腊八节（农历腊月初八）的传统菜品有腊八粥。""]"
SF0409,节日-腊八节,节日,腊八节,冬,菜品,腊八蒜,,,常识草稿,ingredient,5928,,catalog_exact,"[""腊八节（农历腊月初八）的传统菜品有腊八蒜。""]"
SF0410,节日-重阳节,节日,重阳节,秋,食材,菊花,,,常识草稿,ingredient,8077,,seasonal_catalog,"[""重阳节（农历九月初九）的传统食材有菊花。""]"
SF0411,节日-重阳节,节日,重阳节,秋,菜品,重阳糕,,,常识草稿,dish_keyword,,,unmatched_dish_keyword,"[""重阳节（农历九月初九）的传统菜品有重阳糕。""]"
SF0412,节日-除夕,节日,除夕,冬,菜品,饺子,,,常识草稿,ingredient,7506,,catalog_exact,"[""除夕（农历腊月最后一天）的传统菜品有饺子。""]"
SF0413,节日-除夕,节日,除夕,冬,食材,鱼,,,常识草稿,ingredient,7648,,catalog_exact,"[""除夕（农历腊月最后一天）的传统食材有鱼。""]"
SF0414,节日-除夕,节日,除夕,冬,菜品,年糕,,,常识草稿,ingredient,3209,,catalog_exact,"[""除夕（农历腊月最后一天）的传统菜品有年糕。""]"
SF0415,节日-龙抬头,节日,龙抬头,春,菜品,春饼,,,常识草稿,ingredient,3675,,catalog_exact,"[""龙抬头（农历二月初二）的传统菜品有春饼。""]"
SF0416,节日-龙抬头,节日,龙抬头,春,食材,猪头肉,,,常识草稿,ingredient,4748,,catalog_exact,"[""龙抬头（农历二月初二）的传统食材有猪头肉。""]"
SF0417,节日-龙抬头,节日,龙抬头,春,菜品,龙须面,,,常识草稿,dish_keyword,,,unmatched_dish_keyword,"[""龙抬头（农历二月初二）的传统菜品有龙须面。""]"
SF0418,节气-冬至,节气,冬至,冬,食材,黑米,,暖呼呼的黑色补肾米,用户参考,ingredient,102,102,core_exact,"[""冬至（12月21-23日）宜吃黑米，暖呼呼的黑色补肾米。""]"
SF0419,节气-冬至,节气,冬至,冬,食材,茼蒿,,迷魂香气征服各式火锅,用户参考,ingredient,257,257,core_exact,"[""冬至（12月21-23日）宜吃茼蒿，迷魂香气征服各式火锅。""]"
SF0420,节气-冬至,节气,冬至,冬,食材,大白菜,,围炉煲汤的翠玉佳蔬,用户参考,ingredient,158,158,core_exact,"[""冬至（12月21-23日）宜吃大白菜，围炉煲汤的翠玉佳蔬。""]"
SF0421,节气-冬至,节气,冬至,冬,食材,橙子,,黄澄澄的佳果老少咸宜,用户参考,ingredient,154,154,core_exact,"[""冬至（12月21-23日）宜吃橙子，黄澄澄的佳果老少咸宜。""]"
SF0422,节气-冬至,节气,冬至,冬,菜品,饺子,,冬至吃饺子,用户参考,ingredient,7506,,catalog_exact,"[""冬至（12月21-23日）的食俗是吃饺子。""]"
SF0423,节气-处暑,节气,处暑,秋,食材,牛奶,,温温一杯暖胃顾睡眠,用户参考,ingredient,4663,,catalog_exact,"[""处暑（8月22-24日）宜吃牛奶，温温一杯暖胃顾睡眠。""]"
SF0424,节气-处暑,节气,处暑,秋,食材,甘蔗,,齿颊留香的铁质仓库,用户参考,ingredient,8070,,seasonal_catalog,"[""处暑（8月22-24日）宜吃甘蔗，齿颊留香的铁质仓库。""]"
SF0425,节气-处暑,节气,处暑,秋,食材,龙眼,,补血降虚火还你好血气,用户参考,ingredient,8087,,seasonal_catalog,"[""处暑（8月22-24日）宜吃龙眼，补血降虚火还你好血气。""]"
SF0426,节气-处暑,节气,处暑,秋,食材,银耳,,延年益寿的长生不老药,用户参考,ingredient,107,107,core_exact,"[""处暑（8月22-24日）宜吃银耳，延年益寿的长生不老药。""]"
SF0427,节气-处暑,节气,处暑,秋,菜品,鸭子,,处暑吃鸭子,用户参考,ingredient,7840,,catalog_exact,"[""处暑（8月22-24日）的食俗是吃鸭子。""]"
SF0428,节气-夏至,节气,夏至,夏,食材,冬瓜,,名不副实的仲夏夜瓜瓜,用户参考,ingredient,108,108,core_exact,"[""夏至（6月21-22日）宜吃冬瓜，名不副实的仲夏夜瓜瓜。""]"
SF0429,节气-夏至,节气,夏至,夏,食材,莲子,,脑力工作者的补脑灵丹,用户参考,ingredient,122,122,core_exact,"[""夏至（6月21-22日）宜吃莲子，脑力工作者的补脑灵丹。""]"
SF0430,节气-夏至,节气,夏至,夏,食材,芒果,,艳阳下的甜滋滋红宝石,用户参考,ingredient,42,42,core_exact,"[""夏至（6月21-22日）宜吃芒果，艳阳下的甜滋滋红宝石。""]"
SF0431,节气-夏至,节气,夏至,夏,食材,菠萝,,热带水果王好运旺旺来,用户参考,ingredient,67,67,core_exact,"[""夏至（6月21-22日）宜吃菠萝，热带水果王好运旺旺来。""]"
SF0432,节气-夏至,节气,夏至,夏,食材,榴莲,,黯然销魂的独特难忘气味,用户参考,ingredient,196,196,core_exact,"[""夏至（6月21-22日）宜吃榴莲，黯然销魂的独特难忘气味。""]"
SF0433,节气-夏至,节气,夏至,夏,菜品,面,,夏至吃面,用户参考,ingredient,7390,,catalog_exact,"[""夏至（6月21-22日）的食俗是吃面。""]"
SF0434,节气-大寒,节气,大寒,冬,食材,葱,,杀灭人体坏菌驱散寒气,用户参考,ingredient,1,1,core_exact,"[""大寒（1月20-21日）宜吃葱，杀灭人体坏菌驱散寒气。""]"
SF0435,节气-大寒,节气,大寒,冬,食材,四季豆,,老饕私藏菜俘虏你味蕾,用户参考,ingredient,136,136,core_exact,"[""大寒（1月20-21日）宜吃四季豆，老饕私藏菜俘虏你味蕾。""]"
SF0436,节气-大寒,节气,大寒,冬,食材,土豆,,诸神的营养冬之礼,用户参考,ingredient,12,12,core_exact,"[""大寒（1月20-21日）宜吃土豆，诸神的营养冬之礼。""]"
SF0437,节气-大寒,节气,大寒,冬,食材,红豆,,寄托食欲之冬的相思,用户参考,ingredient,54,54,core_exact,"[""大寒（1月20-21日）宜吃红豆，寄托食欲之冬的相思。""]"
SF0438,节气-大寒,节气,大寒,冬,菜品,年糕,,大寒吃年糕,用户参考,ingredient,3209,,catalog_exact,"[""大寒（1月20-21日）的食俗是吃年糕。""]"
SF0439,节气-大暑,节气,大暑,夏,食材,苦瓜,,吃苦吃补的降血糖蔬食,用户参考,ingredient,265,265,core_exact,"[""大暑（7月22-24日）宜吃苦瓜，吃苦吃补的降血糖蔬食。""]"
SF0440,节气-大暑,节气,大暑,夏,食材,荔枝,,妃子也疯狂的炎夏珍珠,用户参考,ingredient,233,233,core_exact,"[""大暑（7月22-24日）宜吃荔枝，妃子也疯狂的炎夏珍珠。""]"
SF0441,节气-大暑,节气,大暑,夏,食材,西瓜,,无它不夏天的解暑良品,用户参考,ingredient,160,160,core_exact,"[""大暑（7月22-24日）宜吃西瓜，无它不夏天的解暑良品。""]"
SF0442,节气-大暑,节气,大暑,夏,食材,鸭肉,,肥美多汁的优质蛋白质,用户参考,ingredient,242,242,core_exact,"[""大暑（7月22-24日）宜吃鸭肉，肥美多汁的优质蛋白质。""]"
SF0443,节气-大暑,节气,大暑,夏,菜品,仙草,,大暑吃仙草,用户参考,dish_keyword,,,unmatched_dish_keyword,"[""大暑（7月22-24日）的食俗是吃仙草。""]"
SF0444,节气-大雪,节气,大雪,冬,食材,白萝卜,,平民老百姓的养气人参,用户参考,ingredient,63,63,core_exact,"[""大雪（12月6-8日）宜吃白萝卜，平民老百姓的养气人参。""]"
SF0445,节气-大雪,节气,大雪,冬,食材,橄榄,,轻轻品嚼苦涩也变得清甜,用户参考,ingredient,213,213,core_exact,"[""大雪（12月6-8日）宜吃橄榄，轻轻品嚼苦涩也变得清甜。""]"
SF0446,节气-大雪,节气,大雪,冬,食材,橘子,,烤过入口增添几分暖意,用户参考,ingredient,214,214,core_exact,"[""大雪（12月6-8日）宜吃橘子，烤过入口增添几分暖意。""]"
SF0447,节气-大雪,节气,大雪,冬,食材,牛肉,,暖胃补益提高机体抗病力,用户参考,ingredient,8,8,core_exact,"[""大雪（12月6-8日）宜吃牛肉，暖胃补益提高机体抗病力。""]"
SF0448,节气-大雪,节气,大雪,冬,菜品,粥,,大雪喝粥,用户参考,dish_keyword,,,dish_title_keyword,"[""大雪（12月6-8日）的食俗是喝粥。""]"
SF0449,节气-寒露,节气,寒露,秋,食材,杏仁,,白色系食材为养肺首选,用户参考,ingredient,25,25,core_exact,"[""寒露（10月8-9日）宜吃杏仁，白色系食材为养肺首选。""]"
SF0450,节气-寒露,节气,寒露,秋,食材,猕猴桃,,秋愁浓浓的微酸小清新,用户参考,ingredient,166,166,core_exact,"[""寒露（10月8-9日）宜吃猕猴桃，秋愁浓浓的微酸小清新。""]"
SF0451,节气-寒露,节气,寒露,秋,食材,覆盆子,,壮阳滋阴的男女瑰宝,用户参考,ingredient,8080,,seasonal_catalog,"[""寒露（10月8-9日）宜吃覆盆子，壮阳滋阴的男女瑰宝。""]"
SF0452,节气-寒露,节气,寒露,秋,食材,秀珍菇,,秋日快烹的下饭好菇到,用户参考,ingredient,5350,,catalog_exact,"[""寒露（10月8-9日）宜吃秀珍菇，秋日快烹的下饭好菇到。""]"
SF0453,节气-寒露,节气,寒露,秋,食材,草虾,,当季最鲜美疗愈大海味,用户参考,ingredient,501,501,core_exact,"[""寒露（10月8-9日）宜吃草虾，当季最鲜美疗愈大海味。""]"
SF0454,节气-寒露,节气,寒露,秋,菜品,芝麻,,寒露吃芝麻,用户参考,ingredient,26,26,core_exact,"[""寒露（10月8-9日）的食俗是吃芝麻。""]"
SF0455,节气-小寒,节气,小寒,冬,食材,葵花籽,,多多吃防止手脚皮肤干裂,用户参考,ingredient,8079,,seasonal_catalog,"[""小寒（1月5-7日）宜吃葵花籽，多多吃防止手脚皮肤干裂。""]"
SF0456,节气-小寒,节气,小寒,冬,食材,黑豆,,冬季刮起的黑色养生旋风,用户参考,ingredient,139,139,core_exact,"[""小寒（1月5-7日）宜吃黑豆，冬季刮起的黑色养生旋风。""]"
SF0457,节气-小寒,节气,小寒,冬,食材,鲫鱼,,清蒸或炖汤的补益鲜鱼,用户参考,ingredient,126,126,core_exact,"[""小寒（1月5-7日）宜吃鲫鱼，清蒸或炖汤的补益鲜鱼。""]"
SF0458,节气-小寒,节气,小寒,冬,食材,羊肉,,眩晕冬季的贫血补充剂,用户参考,ingredient,58,58,core_exact,"[""小寒（1月5-7日）宜吃羊肉，眩晕冬季的贫血补充剂。""]"
SF0459,节气-小寒,节气,小寒,冬,菜品,腊八粥,,小寒喝腊八粥,用户参考,dish_keyword,,,dish_title_keyword,"[""小寒（1月5-7日）的食俗是喝腊八粥。""]"
SF0460,节气-小暑,节气,小暑,夏,食材,南瓜,,饱含营养素的绵密果肉,用户参考,ingredient,30,30,core_exact,"[""小暑（7月6-8日）宜吃南瓜，饱含营养素的绵密果肉。""]"
SF0461,节气-小暑,节气,小暑,夏,食材,丝瓜,,棚架下垂吊的成长日记,用户参考,ingredient,254,254,core_exact,"[""小暑（7月6-8日）宜吃丝瓜，棚架下垂吊的成长日记。""]"
SF0462,节气-小暑,节气,小暑,夏,食材,黄花菜,,从生鲜到干燥都好好食,用户参考,ingredient,153,153,core_exact,"[""小暑（7月6-8日）宜吃黄花菜，从生鲜到干燥都好好食。""]"
SF0463,节气-小暑,节气,小暑,夏,食材,桃子,,猴屁股一般的形状很讨喜,用户参考,ingredient,267,267,core_exact,"[""小暑（7月6-8日）宜吃桃子，猴屁股一般的形状很讨喜。""]"
SF0464,节气-小暑,节气,小暑,夏,食材,鳝鱼,,夏季吃鳝鱼胜过补人参,用户参考,ingredient,533,533,core_exact,"[""小暑（7月6-8日）宜吃鳝鱼，夏季吃鳝鱼胜过补人参。""]"
SF0465,节气-小暑,节气,小暑,夏,菜品,新米,,小暑食新米,用户参考,dish_keyword,,,unmatched_dish_keyword,"[""小暑（7月6-8日）的食俗是食新米。""]"
SF0466,节气-小满,节气,小满,夏,食材,苋菜,,高铁高钙的长寿叶菜,用户参考,ingredient,327,327,core_exact,"[""小满（5月20-22日）宜吃苋菜，高铁高钙的长寿叶菜。""]"
SF0467,节气-小满,节气,小满,夏,食材,青椒,,小灯笼加速脂肪的燃烧,用户参考,ingredient,11,11,core_exact,"[""小满（5月20-22日）宜吃青椒，小灯笼加速脂肪的燃烧。""]"
SF0468,节气-小满,节气,小满,夏,食材,桑葚,,恣意享受田园好风情,用户参考,ingredient,303,303,core_exact,"[""小满（5月20-22日）宜吃桑葚，恣意享受田园好风情。""]"
SF0469,节气-小满,节气,小满,夏,食材,绿豆,,夏日消暑的必备第一品,用户参考,ingredient,94,94,core_exact,"[""小满（5月20-22日）宜吃绿豆，夏日消暑的必备第一品。""]"
SF0470,节气-小满,节气,小满,夏,菜品,苦菜,,小满吃苦菜,用户参考,ingredient,556,556,core_exact,"[""小满（5月20-22日）的食俗是吃苦菜。""]"
SF0471,节气-小雪,节气,小雪,冬,食材,芥菜,,将岁末的福气腌起来保存,用户参考,ingredient,256,256,core_exact,"[""小雪（11月22-23日）宜吃芥菜，将岁末的福气腌起来保存。""]"
SF0472,节气-小雪,节气,小雪,冬,食材,荸荠,,蔬菜水果傻傻分不清楚,用户参考,ingredient,302,302,core_exact,"[""小雪（11月22-23日）宜吃荸荠，蔬菜水果傻傻分不清楚。""]"
SF0473,节气-小雪,节气,小雪,冬,食材,木耳,,打通血液堵塞的清道夫,用户参考,ingredient,33,33,core_exact,"[""小雪（11月22-23日）宜吃木耳，打通血液堵塞的清道夫。""]"
SF0474,节气-小雪,节气,小雪,冬,食材,核桃,,增加记忆力的护脑长寿果,用户参考,ingredient,38,38,core_exact,"[""小雪（11月22-23日）宜吃核桃，增加记忆力的护脑长寿果。""]"
SF0475,节气-小雪,节气,小雪,冬,菜品,腊肉,,小雪吃腊肉,用户参考,ingredient,5933,,catalog_exact,"[""小雪（11月22-23日）的食俗是吃腊肉。""]"
SF0476,节气-惊蛰,节气,惊蛰,春,食材,胡萝卜,,打造明亮的双眸招蜂引蝶,用户参考,ingredient,6,6,core_exact,"[""惊蛰（3月5-7日）宜吃胡萝卜，打造明亮的双眸招蜂引蝶。""]"
SF0477,节气-惊蛰,节气,惊蛰,春,食材,菜花,,通便宽肠的免疫力好帮手,用户参考,ingredient,208,208,core_exact,"[""惊蛰（3月5-7日）宜吃菜花，通便宽肠的免疫力好帮手。""]"
SF0478,节气-惊蛰,节气,惊蛰,春,食材,小白菜,,深绿色蔬菜是养肝救星,用户参考,ingredient,137,137,core_exact,"[""惊蛰（3月5-7日）宜吃小白菜，深绿色蔬菜是养肝救星。""]"
SF0479,节气-惊蛰,节气,惊蛰,春,食材,开心果,,喜上眉梢免惊春雷隆隆响,用户参考,ingredient,175,175,core_exact,"[""惊蛰（3月5-7日）宜吃开心果，喜上眉梢免惊春雷隆隆响。""]"
SF0480,节气-惊蛰,节气,惊蛰,春,菜品,驴打滚,,惊蛰吃驴打滚,用户参考,dish_keyword,,,unmatched_dish_keyword,"[""惊蛰（3月5-7日）的食俗是吃驴打滚。""]"
SF0481,节气-春分,节气,春分,春,食材,菠菜,,大力水手的超级能量罐头,用户参考,ingredient,40,40,core_exact,"[""春分（3月20-22日）宜吃菠菜，大力水手的超级能量罐头。""]"
SF0482,节气-春分,节气,春分,春,食材,荠菜,,越嚼越顺口的护生野草,用户参考,ingredient,266,266,core_exact,"[""春分（3月20-22日）宜吃荠菜，越嚼越顺口的护生野草。""]"
SF0483,节气-春分,节气,春分,春,食材,豌豆,,咬一口春天的鲜嫩感,用户参考,ingredient,60,60,core_exact,"[""春分（3月20-22日）宜吃豌豆，咬一口春天的鲜嫩感。""]"
SF0484,节气-春分,节气,春分,春,食材,蚕豆,,健脑补钙聪明一整年,用户参考,ingredient,284,284,core_exact,"[""春分（3月20-22日）宜吃蚕豆，健脑补钙聪明一整年。""]"
SF0485,节气-春分,节气,春分,春,菜品,春菜,,春分吃春菜,用户参考,ingredient,3673,,catalog_exact,"[""春分（3月20-22日）的食俗是吃春菜。""]"
SF0486,节气-清明,节气,清明,春,食材,小米,,为迎接春神煮上一锅粥,用户参考,ingredient,127,127,core_exact,"[""清明（4月4-6日）宜吃小米，为迎接春神煮上一锅粥。""]"
SF0487,节气-清明,节气,清明,春,食材,香蕉,,许你快乐情绪雨季不忧郁,用户参考,ingredient,61,61,core_exact,"[""清明（4月4-6日）宜吃香蕉，许你快乐情绪雨季不忧郁。""]"
SF0488,节气-清明,节气,清明,春,食材,菊花,,清肝明目养生菊花香,用户参考,ingredient,8077,,seasonal_catalog,"[""清明（4月4-6日）宜吃菊花，清肝明目养生菊花香。""]"
SF0489,节气-清明,节气,清明,春,食材,蒜薹,,自然赠予的天然抗生素,用户参考,ingredient,258,258,core_exact,"[""清明（4月4-6日）宜吃蒜薹，自然赠予的天然抗生素。""]"
SF0490,节气-清明,节气,清明,春,菜品,青团,,清明吃青团,用户参考,dish_keyword,,,dish_title_keyword,"[""清明（4月4-6日）的食俗是吃青团。""]"
SF0491,节气-白露,节气,白露,秋,食材,大米,,五谷丰登之收获好时节,用户参考,ingredient,20,20,core_exact,"[""白露（9月7-9日）宜吃大米，五谷丰登之收获好时节。""]"
SF0492,节气-白露,节气,白露,秋,食材,木瓜,,养颜丰胸的百搭水果,用户参考,ingredient,195,195,core_exact,"[""白露（9月7-9日）宜吃木瓜，养颜丰胸的百搭水果。""]"
SF0493,节气-白露,节气,白露,秋,食材,葡萄,,皇家后院种的万能灵药,用户参考,ingredient,124,124,core_exact,"[""白露（9月7-9日）宜吃葡萄，皇家后院种的万能灵药。""]"
SF0494,节气-白露,节气,白露,秋,食材,柚子,,中秋节烤肉的抗癌好物,用户参考,ingredient,223,223,core_exact,"[""白露（9月7-9日）宜吃柚子，中秋节烤肉的抗癌好物。""]"
SF0495,节气-白露,节气,白露,秋,菜品,米酒,,白露饮米酒,用户参考,ingredient,5431,,catalog_exact,"[""白露（9月7-9日）的食俗是饮米酒。""]"
SF0496,节气-秋分,节气,秋分,秋,食材,芋头,,入口即化的优良淀粉,用户参考,ingredient,73,73,core_exact,"[""秋分（9月22-24日）宜吃芋头，入口即化的优良淀粉。""]"
SF0497,节气-秋分,节气,秋分,秋,食材,山药,,改善秋燥的补益中药材,用户参考,ingredient,85,85,core_exact,"[""秋分（9月22-24日）宜吃山药，改善秋燥的补益中药材。""]"
SF0498,节气-秋分,节气,秋分,秋,食材,莲藕,,药食同源一身都是宝,用户参考,ingredient,96,96,core_exact,"[""秋分（9月22-24日）宜吃莲藕，药食同源一身都是宝。""]"
SF0499,节气-秋分,节气,秋分,秋,食材,香菇,,养生风潮下的热门话题,用户参考,ingredient,23,23,core_exact,"[""秋分（9月22-24日）宜吃香菇，养生风潮下的热门话题。""]"
SF0500,节气-秋分,节气,秋分,秋,食材,芝麻,,银发族的保健处方,用户参考,ingredient,26,26,core_exact,"[""秋分（9月22-24日）宜吃芝麻，银发族的保健处方。""]"
SF0501,节气-秋分,节气,秋分,秋,菜品,芋饼,,秋分吃芋饼,用户参考,dish_keyword,,,unmatched_dish_keyword,"[""秋分（9月22-24日）的食俗是吃芋饼。""]"
SF0502,节气-立冬,节气,立冬,冬,食材,紫米,,温粥进补强身不畏寒,用户参考,ingredient,219,219,core_exact,"[""立冬（11月7-8日）宜吃紫米，温粥进补强身不畏寒。""]"
SF0503,节气-立冬,节气,立冬,冬,食材,海参,,海中珍品抵御寒冷来袭,用户参考,ingredient,189,189,core_exact,"[""立冬（11月7-8日）宜吃海参，海中珍品抵御寒冷来袭。""]"
SF0504,节气-立冬,节气,立冬,冬,食材,栗子,,路边摊弥漫的爆炒焦香味,用户参考,ingredient,116,116,core_exact,"[""立冬（11月7-8日）宜吃栗子，路边摊弥漫的爆炒焦香味。""]"
SF0505,节气-立冬,节气,立冬,冬,食材,松子,,不饱和脂肪酸代谢脑废物,用户参考,ingredient,190,190,core_exact,"[""立冬（11月7-8日）宜吃松子，不饱和脂肪酸代谢脑废物。""]"
SF0506,节气-立冬,节气,立冬,冬,菜品,鸡汤,,立冬喝鸡汤,用户参考,ingredient,7776,,catalog_exact,"[""立冬（11月7-8日）的食俗是喝鸡汤。""]"
SF0507,节气-立夏,节气,立夏,夏,食材,莴笋,,解油腻的清爽沙拉拍档,用户参考,ingredient,145,145,core_exact,"[""立夏（5月5-7日）宜吃莴笋，解油腻的清爽沙拉拍档。""]"
SF0508,节气-立夏,节气,立夏,夏,食材,薏米,,盛夏时光和水肿说拜拜,用户参考,ingredient,128,128,core_exact,"[""立夏（5月5-7日）宜吃薏米，盛夏时光和水肿说拜拜。""]"
SF0509,节气-立夏,节气,立夏,夏,食材,椰子,,国境之南的解暑饮品,用户参考,ingredient,170,170,core_exact,"[""立夏（5月5-7日）宜吃椰子，国境之南的解暑饮品。""]"
SF0510,节气-立夏,节气,立夏,夏,食材,空心菜,,降火气的食物中毒克星,用户参考,ingredient,264,264,core_exact,"[""立夏（5月5-7日）宜吃空心菜，降火气的食物中毒克星。""]"
SF0511,节气-立夏,节气,立夏,夏,菜品,鸭蛋,,立夏吃鸭蛋,用户参考,ingredient,243,243,core_exact,"[""立夏（5月5-7日）的食俗是吃鸭蛋。""]"
SF0512,节气-立春,节气,立春,春,食材,洋葱,,春季抗敏感的健康好食材,用户参考,ingredient,5,5,core_exact,"[""立春（2月3-5日）宜吃洋葱，春季抗敏感的健康好食材。""]"
SF0513,节气-立春,节气,立春,春,食材,芹菜,,盐巴减量的天然佐料菜,用户参考,ingredient,27,27,core_exact,"[""立春（2月3-5日）宜吃芹菜，盐巴减量的天然佐料菜。""]"
SF0514,节气-立春,节气,立春,春,食材,樱桃,,属于春天的粉红色气息,用户参考,ingredient,135,135,core_exact,"[""立春（2月3-5日）宜吃樱桃，属于春天的粉红色气息。""]"
SF0515,节气-立春,节气,立春,春,食材,草莓,,红通通的女孩儿养颜圣品,用户参考,ingredient,43,43,core_exact,"[""立春（2月3-5日）宜吃草莓，红通通的女孩儿养颜圣品。""]"
SF0516,节气-立春,节气,立春,春,菜品,春卷,,立春吃春卷,用户参考,dish_keyword,,,dish_title_keyword,"[""立春（2月3-5日）的食俗是吃春卷。""]"
SF0517,节气-立秋,节气,立秋,秋,食材,茄子,,秋季食疗养生第一蔬,用户参考,ingredient,110,110,core_exact,"[""立秋（8月7-9日）宜吃茄子，秋季食疗养生第一蔬。""]"
SF0518,节气-立秋,节气,立秋,秋,食材,红薯,,落叶土窑体验童年回忆,用户参考,ingredient,28,28,core_exact,"[""立秋（8月7-9日）宜吃红薯，落叶土窑体验童年回忆。""]"
SF0519,节气-立秋,节气,立秋,秋,食材,梨,,止咳化痰的润肺矿泉水,用户参考,ingredient,3899,,catalog_exact,"[""立秋（8月7-9日）宜吃梨，止咳化痰的润肺矿泉水。""]"
SF0520,节气-立秋,节气,立秋,秋,食材,柠檬,,酸香清爽的坏血病克星,用户参考,ingredient,22,22,core_exact,"[""立秋（8月7-9日）宜吃柠檬，酸香清爽的坏血病克星。""]"
SF0521,节气-立秋,节气,立秋,秋,食材,哈密瓜,,秋天限定的当家甜瓜,用户参考,ingredient,240,240,core_exact,"[""立秋（8月7-9日）宜吃哈密瓜，秋天限定的当家甜瓜。""]"
SF0522,节气-立秋,节气,立秋,秋,菜品,西瓜,,立秋啃西瓜,用户参考,ingredient,160,160,core_exact,"[""立秋（8月7-9日）的食俗是啃西瓜。""]"
SF0523,节气-芒种,节气,芒种,夏,食材,玉米,,纤维丰富的肠道保健王,用户参考,ingredient,13,13,core_exact,"[""芒种（6月5-7日）宜吃玉米，纤维丰富的肠道保健王。""]"
SF0524,节气-芒种,节气,芒种,夏,食材,黄瓜,,料理不败的凉拌常备菜,用户参考,ingredient,19,19,core_exact,"[""芒种（6月5-7日）宜吃黄瓜，料理不败的凉拌常备菜。""]"
SF0525,节气-芒种,节气,芒种,夏,食材,豇豆,,开胃爽脆的夏季营养豆儿,用户参考,ingredient,151,151,core_exact,"[""芒种（6月5-7日）宜吃豇豆，开胃爽脆的夏季营养豆儿。""]"
SF0526,节气-芒种,节气,芒种,夏,食材,高粱,,热天品酩之一杯微微醺,用户参考,ingredient,8086,,seasonal_catalog,"[""芒种（6月5-7日）宜吃高粱，热天品酩之一杯微微醺。""]"
SF0527,节气-芒种,节气,芒种,夏,食材,乌梅,,生津止渴的酸味佳果,用户参考,ingredient,8063,,seasonal_catalog,"[""芒种（6月5-7日）宜吃乌梅，生津止渴的酸味佳果。""]"
SF0528,节气-芒种,节气,芒种,夏,菜品,梅子,,芒种吃梅子,用户参考,dish_keyword,,,dish_title_keyword,"[""芒种（6月5-7日）的食俗是吃梅子。""]"
SF0529,节气-谷雨,节气,谷雨,春,食材,香椿,,香气浓郁的树上新芽菜,用户参考,ingredient,337,337,core_exact,"[""谷雨（4月19-21日）宜吃香椿，香气浓郁的树上新芽菜。""]"
SF0530,节气-谷雨,节气,谷雨,春,食材,番茄,,保护强心脏的爱情果实,用户参考,ingredient,14,14,core_exact,"[""谷雨（4月19-21日）宜吃番茄，保护强心脏的爱情果实。""]"
SF0531,节气-谷雨,节气,谷雨,春,食材,竹笋,,娇嫩欲滴的雨后春笋,用户参考,ingredient,282,282,core_exact,"[""谷雨（4月19-21日）宜吃竹笋，娇嫩欲滴的雨后春笋。""]"
SF0532,节气-谷雨,节气,谷雨,春,食材,小麦,,麦穗在阳光下金光闪闪,用户参考,ingredient,450,450,core_exact,"[""谷雨（4月19-21日）宜吃小麦，麦穗在阳光下金光闪闪。""]"
SF0533,节气-谷雨,节气,谷雨,春,菜品,香椿,,谷雨采茶食香椿,用户参考,ingredient,337,337,core_exact,"[""谷雨（4月19-21日）的食俗是采茶食香椿。""]"
SF0534,节气-雨水,节气,雨水,春,食材,红枣,,血气红润脸上拂春风,用户参考,ingredient,21,21,core_exact,"[""雨水（2月18-20日）宜吃红枣，血气红润脸上拂春风。""]"
SF0535,节气-雨水,节气,雨水,春,食材,燕麦,,降低胆固醇的减重主食,用户参考,ingredient,34,34,core_exact,"[""雨水（2月18-20日）宜吃燕麦，降低胆固醇的减重主食。""]"
SF0536,节气-雨水,节气,雨水,春,食材,韭菜,,补气壮阳不怕春「困」扰,用户参考,ingredient,48,48,core_exact,"[""雨水（2月18-20日）宜吃韭菜，补气壮阳不怕春「困」扰。""]"
SF0537,节气-雨水,节气,雨水,春,食材,豆豉,,家常特色菜肴的最佳配角,用户参考,ingredient,6807,,catalog_exact,"[""雨水（2月18-20日）宜吃豆豉，家常特色菜肴的最佳配角。""]"
SF0538,节气-雨水,节气,雨水,春,菜品,龙须饼,,雨水吃龙须饼,用户参考,dish_keyword,,,unmatched_dish_keyword,"[""雨水（2月18-20日）的食俗是吃龙须饼。""]"
SF0539,节气-霜降,节气,霜降,秋,食材,柿子,,晒足日光浴的润肺秋礼,用户参考,ingredient,3855,,catalog_exact,"[""霜降（10月23-24日）宜吃柿子，晒足日光浴的润肺秋礼。""]"
SF0540,节气-霜降,节气,霜降,秋,食材,苹果,,让医生远离的伊甸园果实,用户参考,ingredient,56,56,core_exact,"[""霜降（10月23-24日）宜吃苹果，让医生远离的伊甸园果实。""]"
SF0541,节气-霜降,节气,霜降,秋,食材,黄豆,,皮肤干燥的水当当法宝,用户参考,ingredient,87,87,core_exact,"[""霜降（10月23-24日）宜吃黄豆，皮肤干燥的水当当法宝。""]"
SF0542,节气-霜降,节气,霜降,秋,食材,蜂蜜,,深秋的味道蜜蜂最知道,用户参考,ingredient,6621,,catalog_exact,"[""霜降（10月23-24日）宜吃蜂蜜，深秋的味道蜜蜂最知道。""]"
SF0543,节气-霜降,节气,霜降,秋,食材,百合,,宽心安神的食疗系花卉,用户参考,ingredient,229,229,core_exact,"[""霜降（10月23-24日）宜吃百合，宽心安神的食疗系花卉。""]"
SF0544,节气-霜降,节气,霜降,秋,菜品,柿子,,霜降吃柿子,用户参考,ingredient,3855,,catalog_exact,"[""霜降（10月23-24日）的食俗是吃柿子。""]"
