id,name,usage_count,reason
1,干辣椒,455,调味料不进入基础原生食材表
2,啤酒,122,调味料不进入基础原生食材表
3,迷迭香,104,调味料不进入基础原生食材表
4,红酒,98,调味料不进入基础原生食材表
5,百里香,95,调味料不进入基础原生食材表
6,白葡萄酒,88,调味料不进入基础原生食材表
7,肉桂粉,81,调味料不进入基础原生食材表
8,麻椒,78,调味料不进入基础原生食材表
9,薄荷叶,67,调味料不进入基础原生食材表
10,玫瑰,42,调味料不进入基础原生食材表
11,黑椒,41,调味料不进入基础原生食材表
12,桂花,40,调味料不进入基础原生食材表
13,肉桂,39,调味料不进入基础原生食材表
14,藤椒,35,调味料不进入基础原生食材表
15,干桂花,32,调味料不进入基础原生食材表
16,干红椒,32,调味料不进入基础原生食材表
17,玫瑰花瓣,31,调味料不进入基础原生食材表
18,老酒,28,调味料不进入基础原生食材表
19,葡萄酒,28,调味料不进入基础原生食材表
20,黑椒粉,26,调味料不进入基础原生食材表
21,红油辣椒,26,调味料不进入基础原生食材表
22,烧酒,26,调味料不进入基础原生食材表
23,豆蔻,26,调味料不进入基础原生食材表
24,百利甜酒,25,调味料不进入基础原生食材表
25,干玫瑰,24,调味料不进入基础原生食材表
26,甜酒,23,调味料不进入基础原生食材表
27,油辣椒,23,调味料不进入基础原生食材表
28,干罗勒,23,调味料不进入基础原生食材表
29,肉蔻,22,调味料不进入基础原生食材表
30,干欧芹,22,调味料不进入基础原生食材表
31,香茅,20,调味料不进入基础原生食材表
32,川贝,20,调味料不进入基础原生食材表
33,荷叶,20,调味料不进入基础原生食材表
34,桂花蜜,19,调味料不进入基础原生食材表
35,肉豆蔻,19,调味料不进入基础原生食材表
36,肉豆蔻粉,19,调味料不进入基础原生食材表
37,红干辣椒,19,调味料不进入基础原生食材表
38,新鲜迷迭香,18,调味料不进入基础原生食材表
39,咖啡酒,18,调味料不进入基础原生食材表
40,红葡萄酒,17,调味料不进入基础原生食材表
41,高粱酒,17,调味料不进入基础原生食材表
42,干百里香,17,调味料不进入基础原生食材表
43,新鲜薄荷叶,16,调味料不进入基础原生食材表
44,玫瑰露酒,16,调味料不进入基础原生食材表
45,麻椒粉,15,调味料不进入基础原生食材表
46,红油豆瓣,15,调味料不进入基础原生食材表
47,葱姜蒜干辣椒,14,调味料不进入基础原生食材表
48,新鲜百里香,14,调味料不进入基础原生食材表
49,绍酒,14,调味料不进入基础原生食材表
50,力娇酒,14,调味料不进入基础原生食材表
51,利口酒,13,调味料不进入基础原生食材表
52,果酒,13,调味料不进入基础原生食材表
53,桂花鱼,12,调味料不进入基础原生食材表
54,绍兴酒,12,调味料不进入基础原生食材表
55,香茅草,11,调味料不进入基础原生食材表
56,肉桂棒,11,调味料不进入基础原生食材表
57,干迷迭香,11,调味料不进入基础原生食材表
58,玫瑰花茶,10,调味料不进入基础原生食材表
59,口味干辣椒,10,调味料不进入基础原生食材表
60,干白葡萄酒,10,调味料不进入基础原生食材表
61,干红葡萄酒,10,调味料不进入基础原生食材表
62,红油辣子,10,调味料不进入基础原生食材表
63,樱桃酒,10,调味料不进入基础原生食材表
64,豆蔻粉,10,调味料不进入基础原生食材表
65,鲜薄荷叶,10,调味料不进入基础原生食材表
66,金酒,10,调味料不进入基础原生食材表
67,川贝粉,10,调味料不进入基础原生食材表
68,料理酒,10,调味料不进入基础原生食材表
69,黑椒牛肉,10,调味料不进入基础原生食材表
70,干荷叶,9,调味料不进入基础原生食材表
71,玫瑰花干,9,调味料不进入基础原生食材表
72,熟油辣椒,9,调味料不进入基础原生食材表
73,咖啡力娇酒,9,调味料不进入基础原生食材表
74,干玫瑰花瓣,9,调味料不进入基础原生食材表
75,梅子酒,9,调味料不进入基础原生食材表
76,茶匙肉桂粉,9,调味料不进入基础原生食材表
77,味利口酒,9,调味料不进入基础原生食材表
78,君度橙酒,9,调味料不进入基础原生食材表
79,自己口味干辣椒,9,调味料不进入基础原生食材表
80,苹果酒,8,调味料不进入基础原生食材表
81,桂花干,8,调味料不进入基础原生食材表
82,青麻椒,8,调味料不进入基础原生食材表
83,易拉罐啤酒,8,调味料不进入基础原生食材表
84,新鲜桂花,8,调味料不进入基础原生食材表
85,利甜酒,8,调味料不进入基础原生食材表
86,玫瑰水,8,调味料不进入基础原生食材表
87,日本酒,8,调味料不进入基础原生食材表
88,辣干辣椒,8,调味料不进入基础原生食材表
89,福建老酒,7,调味料不进入基础原生食材表
90,九江双蒸酒,7,调味料不进入基础原生食材表
91,支新鲜迷迭香,7,调味料不进入基础原生食材表
92,二荆条干辣椒,7,调味料不进入基础原生食材表
93,肉蔻粉,7,调味料不进入基础原生食材表
94,桂花酒酿,7,调味料不进入基础原生食材表
95,青梅酒,7,调味料不进入基础原生食材表
96,烈酒,7,调味料不进入基础原生食材表
97,多少干辣椒,7,调味料不进入基础原生食材表
98,鸡尾酒,7,调味料不进入基础原生食材表
99,黑椒牛排,6,调味料不进入基础原生食材表
100,麻椒辣椒,6,调味料不进入基础原生食材表
101,草莓酒,6,调味料不进入基础原生食材表
102,枝迷迭香,6,调味料不进入基础原生食材表
103,干辣椒节,6,调味料不进入基础原生食材表
104,干辣椒皮,6,调味料不进入基础原生食材表
105,食玫瑰花瓣,6,调味料不进入基础原生食材表
106,曲酒,6,调味料不进入基础原生食材表
107,干辣椒蒜,6,调味料不进入基础原生食材表
108,支迷迭香,6,调味料不进入基础原生食材表
109,不辣干辣椒,6,调味料不进入基础原生食材表
110,碎干辣椒,6,调味料不进入基础原生食材表
111,纯生啤酒,6,调味料不进入基础原生食材表
112,荷叶饼,6,调味料不进入基础原生食材表
113,鲜藤椒,6,调味料不进入基础原生食材表
114,调味酒,6,调味料不进入基础原生食材表
115,姜片干辣椒,6,调味料不进入基础原生食材表
116,橙味力娇酒,6,调味料不进入基础原生食材表
117,和迷迭香,6,调味料不进入基础原生食材表
118,迷迭香百里香,6,调味料不进入基础原生食材表
119,辣度干辣椒,6,调味料不进入基础原生食材表
120,和干辣椒,6,调味料不进入基础原生食材表
121,玫瑰茄,6,调味料不进入基础原生食材表
122,金边玫瑰,6,调味料不进入基础原生食材表
123,鲜玫瑰,6,调味料不进入基础原生食材表
124,朵玫瑰,6,调味料不进入基础原生食材表
125,枝百里香,5,调味料不进入基础原生食材表
126,君度酒,5,调味料不进入基础原生食材表
127,兰姆酒,5,调味料不进入基础原生食材表
128,咖啡利口酒,5,调味料不进入基础原生食材表
129,红油榨菜,5,调味料不进入基础原生食材表
130,郎姆酒,5,调味料不进入基础原生食材表
131,啤酒啤酒,5,调味料不进入基础原生食材表
132,姜干辣椒,5,调味料不进入基础原生食材表
133,梅酒,5,调味料不进入基础原生食材表
134,和薄荷叶,5,调味料不进入基础原生食材表
135,鲜桂花,5,调味料不进入基础原生食材表
136,黑椒牛柳,5,调味料不进入基础原生食材表
137,可食玫瑰,5,调味料不进入基础原生食材表
138,干辣椒圈,5,调味料不进入基础原生食材表
139,葱姜干辣椒,5,调味料不进入基础原生食材表
140,姜酒,5,调味料不进入基础原生食材表
141,玫瑰豆沙馅,5,调味料不进入基础原生食材表
142,辣椒干辣椒,5,调味料不进入基础原生食材表
143,粉肉桂粉,5,调味料不进入基础原生食材表
144,绿麻椒,5,调味料不进入基础原生食材表
145,薄荷酒,5,调味料不进入基础原生食材表
146,玫瑰花馅,5,调味料不进入基础原生食材表
147,各干辣椒,5,调味料不进入基础原生食材表
148,起泡酒,5,调味料不进入基础原生食材表
149,预调酒,5,调味料不进入基础原生食材表
150,玫瑰葡萄干,5,调味料不进入基础原生食材表
151,雪利酒,5,调味料不进入基础原生食材表
152,杜松子酒,5,调味料不进入基础原生食材表
153,干辣椒小米辣,5,调味料不进入基础原生食材表
154,桂花红豆沙,5,调味料不进入基础原生食材表
155,基酒,5,调味料不进入基础原生食材表
156,玫瑰干花,5,调味料不进入基础原生食材表
157,玫瑰慕斯,5,调味料不进入基础原生食材表
158,儿肉桂粉,4,调味料不进入基础原生食材表
159,桂花层,4,调味料不进入基础原生食材表
160,辣就多放点干辣椒,4,调味料不进入基础原生食材表
161,青岛啤酒,4,调味料不进入基础原生食材表
162,枝新鲜迷迭香,4,调味料不进入基础原生食材表
163,枝新鲜百里香,4,调味料不进入基础原生食材表
164,精酿啤酒,4,调味料不进入基础原生食材表
165,香茅叶,4,调味料不进入基础原生食材表
166,干辣椒切段,4,调味料不进入基础原生食材表
167,香茅粉,4,调味料不进入基础原生食材表
168,可食玫瑰花瓣,4,调味料不进入基础原生食材表
169,饭碗干辣椒,4,调味料不进入基础原生食材表
170,糯米甜酒,4,调味料不进入基础原生食材表
171,干罗勒叶,4,调味料不进入基础原生食材表
172,雪莉酒,4,调味料不进入基础原生食材表
173,青藤椒,4,调味料不进入基础原生食材表
174,桂林三花酒,4,调味料不进入基础原生食材表
175,麻椒面,4,调味料不进入基础原生食材表
176,哥顿金酒,4,调味料不进入基础原生食材表
177,小豆蔻粉,4,调味料不进入基础原生食材表
178,味鸡尾酒,4,调味料不进入基础原生食材表
179,紹興酒,4,调味料不进入基础原生食材表
180,张荷叶,4,调味料不进入基础原生食材表
181,君度力娇酒,4,调味料不进入基础原生食材表
182,食玫瑰,4,调味料不进入基础原生食材表
183,水酒,4,调味料不进入基础原生食材表
184,玫瑰花粉,4,调味料不进入基础原生食材表
185,黑椒肠,4,调味料不进入基础原生食材表
186,香草酒,4,调味料不进入基础原生食材表
187,余干辣椒,4,调味料不进入基础原生食材表
188,咖啡甜酒,4,调味料不进入基础原生食材表
189,甜白葡萄酒,4,调味料不进入基础原生食材表
190,葱干辣椒,4,调味料不进入基础原生食材表
191,日本料理酒,4,调味料不进入基础原生食材表
192,玫瑰红茶,4,调味料不进入基础原生食材表
193,玫瑰豆沙,4,调味料不进入基础原生食材表
194,支新鲜百里香,4,调味料不进入基础原生食材表
195,气泡酒,4,调味料不进入基础原生食材表
196,干红酒,4,调味料不进入基础原生食材表
197,装啤酒,4,调味料不进入基础原生食材表
198,迷迭香粉,4,调味料不进入基础原生食材表
199,苦艾酒,4,调味料不进入基础原生食材表
200,抓干辣椒,4,调味料不进入基础原生食材表
201,羹绍酒,4,调味料不进入基础原生食材表
202,果味利口酒,4,调味料不进入基础原生食材表
203,黑椒香肠,4,调味料不进入基础原生食材表
204,客家娘酒,4,调味料不进入基础原生食材表
205,不干辣椒,4,调味料不进入基础原生食材表
206,薄荷叶子,4,调味料不进入基础原生食材表
207,干辣椒切碎,4,调味料不进入基础原生食材表
208,冰酒,4,调味料不进入基础原生食材表
209,姜葱干辣椒,4,调味料不进入基础原生食材表
210,多干辣椒,4,调味料不进入基础原生食材表
211,椒干辣椒,4,调味料不进入基础原生食材表
212,蒜片干辣椒,4,调味料不进入基础原生食材表
213,粉干辣椒,4,调味料不进入基础原生食材表
214,锐澳鸡尾酒,4,调味料不进入基础原生食材表
215,可可利口酒,4,调味料不进入基础原生食材表
216,了干辣椒,4,调味料不进入基础原生食材表
217,辣油辣椒,4,调味料不进入基础原生食材表
218,低度酒,4,调味料不进入基础原生食材表
219,红油豇豆,4,调味料不进入基础原生食材表
220,干辣椒小米椒,4,调味料不进入基础原生食材表
221,口味放干辣椒,4,调味料不进入基础原生食材表
222,就好干辣椒,4,调味料不进入基础原生食材表
223,多少放多少干辣椒,4,调味料不进入基础原生食材表
224,酒酒,4,调味料不进入基础原生食材表
225,克桂花,4,调味料不进入基础原生食材表
226,辣程度干辣椒,4,调味料不进入基础原生食材表
227,玫瑰蜜,4,调味料不进入基础原生食材表
228,潘趣酒,4,调味料不进入基础原生食材表
229,桂花年糕,4,调味料不进入基础原生食材表
230,很多干辣椒,3,调味料不进入基础原生食材表
231,玫瑰花嘴,3,调味料不进入基础原生食材表
232,制酒,3,调味料不进入基础原生食材表
233,干薄荷叶,3,调味料不进入基础原生食材表
234,川贝母,3,调味料不进入基础原生食材表
235,草莓利口酒,3,调味料不进入基础原生食材表
236,洛施玫瑰花,3,调味料不进入基础原生食材表
237,滇红玫瑰花瓣,3,调味料不进入基础原生食材表
238,香料百里香,3,调味料不进入基础原生食材表
239,少量迷迭香,3,调味料不进入基础原生食材表
240,罗勒叶迷迭香,3,调味料不进入基础原生食材表
241,玫瑰层,3,调味料不进入基础原生食材表
242,玫瑰花蕾,3,调味料不进入基础原生食材表
243,桂花乌龙茶包,3,调味料不进入基础原生食材表
244,罗勒迷迭香,3,调味料不进入基础原生食材表
245,灯笼干辣椒,3,调味料不进入基础原生食材表
246,碎薄荷叶,3,调味料不进入基础原生食材表
247,桂花豆沙馅,3,调味料不进入基础原生食材表
248,干香茅,3,调味料不进入基础原生食材表
249,多点干辣椒,3,调味料不进入基础原生食材表
250,食玫瑰干花瓣,3,调味料不进入基础原生食材表
251,口味调节干辣椒,3,调味料不进入基础原生食材表
252,叶薄荷叶,3,调味料不进入基础原生食材表
253,草莓力娇酒,3,调味料不进入基础原生食材表
254,鲜迷迭香,3,调味料不进入基础原生食材表
255,椰子酒,3,调味料不进入基础原生食材表
256,预调鸡尾酒,3,调味料不进入基础原生食材表
257,魔鬼干辣椒,3,调味料不进入基础原生食材表
258,枝新鲜薄荷叶,3,调味料不进入基础原生食材表
259,娘酒,3,调味料不进入基础原生食材表
260,干辣椒几个,3,调味料不进入基础原生食材表
261,粮食酒,3,调味料不进入基础原生食材表
262,薄荷叶薄荷,3,调味料不进入基础原生食材表
263,多麻椒,3,调味料不进入基础原生食材表
264,小红干辣椒,3,调味料不进入基础原生食材表
265,小段干辣椒,3,调味料不进入基础原生食材表
266,玫瑰酒,3,调味料不进入基础原生食材表
267,波特酒,3,调味料不进入基础原生食材表
268,玫瑰大头菜,3,调味料不进入基础原生食材表
269,桂花蜜茶,3,调味料不进入基础原生食材表
270,黑啤酒,3,调味料不进入基础原生食材表
271,白可可力娇酒,3,调味料不进入基础原生食材表
272,藤椒粉,3,调味料不进入基础原生食材表
273,干玫瑰花苞,3,调味料不进入基础原生食材表
274,真露烧酒,3,调味料不进入基础原生食材表
275,百里香枝条,3,调味料不进入基础原生食材表
276,鲜玫瑰花瓣,3,调味料不进入基础原生食材表
277,剪碎干辣椒,3,调味料不进入基础原生食材表
278,碟干辣椒,3,调味料不进入基础原生食材表
279,玫瑰馅,3,调味料不进入基础原生食材表
280,樱桃力娇酒,3,调味料不进入基础原生食材表
281,干辣椒壳,3,调味料不进入基础原生食材表
282,紹酒,3,调味料不进入基础原生食材表
283,墨红玫瑰,3,调味料不进入基础原生食材表
284,干麻椒,3,调味料不进入基础原生食材表
285,即墨老酒,3,调味料不进入基础原生食材表
286,就行干辣椒,3,调味料不进入基础原生食材表
287,半啤酒,3,调味料不进入基础原生食材表
288,巧克力玫瑰花,3,调味料不进入基础原生食材表
289,干妈风味鸡油辣椒,3,调味料不进入基础原生食材表
290,干葡萄酒,3,调味料不进入基础原生食材表
291,百里香迷迭香,3,调味料不进入基础原生食材表
292,肉桂苹果,3,调味料不进入基础原生食材表
293,玫瑰花朵,3,调味料不进入基础原生食材表
294,定量干辣椒,3,调味料不进入基础原生食材表
295,蒜干辣椒,3,调味料不进入基础原生食材表
296,朝天椒干辣椒,3,调味料不进入基础原生食材表
297,迷迭香料,3,调味料不进入基础原生食材表
298,小米椒干辣椒,3,调味料不进入基础原生食材表
299,干雪莉酒,3,调味料不进入基础原生食材表
300,爱好干辣椒,3,调味料不进入基础原生食材表
301,干妈香辣脆油辣椒,3,调味料不进入基础原生食材表
302,平阴玫瑰,3,调味料不进入基础原生食材表
303,浸泡金酒,3,调味料不进入基础原生食材表
304,听啤酒,3,调味料不进入基础原生食材表
305,玫瑰花馒头,3,调味料不进入基础原生食材表
306,备干辣椒,3,调味料不进入基础原生食材表
307,了啤酒,3,调味料不进入基础原生食材表
308,料干辣椒,3,调味料不进入基础原生食材表
309,蒜粒干辣椒,3,调味料不进入基础原生食材表
310,朗姆预调酒,3,调味料不进入基础原生食材表
311,玫瑰红葡萄干,3,调味料不进入基础原生食材表
312,玫瑰干花瓣,3,调味料不进入基础原生食材表
313,辣椒麻椒,3,调味料不进入基础原生食材表
314,小豆蔻,3,调味料不进入基础原生食材表
315,没放干辣椒,3,调味料不进入基础原生食材表
316,儿干辣椒,3,调味料不进入基础原生食材表
317,糯米老酒,3,调味料不进入基础原生食材表
318,斟酌干辣椒,3,调味料不进入基础原生食材表
319,玫瑰原浆,3,调味料不进入基础原生食材表
320,人吃辣程度干辣椒,3,调味料不进入基础原生食材表
321,生姜干辣椒,3,调味料不进入基础原生食材表
322,张干荷叶,3,调味料不进入基础原生食材表
323,新鲜薄荷叶子,3,调味料不进入基础原生食材表
324,干辣椒辣椒,3,调味料不进入基础原生食材表
325,几个干辣椒,3,调味料不进入基础原生食材表
326,鮮迷迭香,3,调味料不进入基础原生食材表
327,薄荷力娇酒,3,调味料不进入基础原生食材表
328,枓酒,3,调味料不进入基础原生食材表
329,橙味利口酒,3,调味料不进入基础原生食材表
330,蒜末干辣椒,3,调味料不进入基础原生食材表
331,盖老酒,3,调味料不进入基础原生食材表
332,小干辣椒,3,调味料不进入基础原生食材表
333,石榴酒,3,调味料不进入基础原生食材表
334,干辣椒一小把,3,调味料不进入基础原生食材表
335,高度粮食酒,3,调味料不进入基础原生食材表
336,和肉桂粉,3,调味料不进入基础原生食材表
337,口味加减干辣椒,3,调味料不进入基础原生食材表
338,橙子酒,3,调味料不进入基础原生食材表
339,了迷迭香,3,调味料不进入基础原生食材表
340,多红酒,3,调味料不进入基础原生食材表
341,水果酒,3,调味料不进入基础原生食材表
342,蜜桃力娇酒,3,调味料不进入基础原生食材表
343,都行干辣椒,3,调味料不进入基础原生食材表
344,香肉桂粉,3,调味料不进入基础原生食材表
345,迷迭香切片,3,调味料不进入基础原生食材表
346,干玫瑰花茶,3,调味料不进入基础原生食材表
347,柚子酒,3,调味料不进入基础原生食材表
348,食玫瑰鲜花,3,调味料不进入基础原生食材表
349,青梅果酒,3,调味料不进入基础原生食材表
350,百利酒,3,调味料不进入基础原生食材表
351,曼怡橘味力娇甜酒,3,调味料不进入基础原生食材表
352,儿麻椒,3,调味料不进入基础原生食材表
353,台湾高粱酒,3,调味料不进入基础原生食材表
354,葱花干辣椒,3,调味料不进入基础原生食材表
355,干辣椒葱,3,调味料不进入基础原生食材表
356,接受程度干辣椒,3,调味料不进入基础原生食材表
357,辣椒酒,3,调味料不进入基础原生食材表
358,味力娇酒,3,调味料不进入基础原生食材表
359,哈干辣椒,3,调味料不进入基础原生食材表
360,可干辣椒,3,调味料不进入基础原生食材表
361,肉桂味,3,调味料不进入基础原生食材表
362,口味加干辣椒,3,调味料不进入基础原生食材表
363,束薄荷叶,3,调味料不进入基础原生食材表
364,少干辣椒,3,调味料不进入基础原生食材表
365,干辣椒碎,3,调味料不进入基础原生食材表
366,果利口酒,3,调味料不进入基础原生食材表
367,干玫瑰花冠,3,调味料不进入基础原生食材表
368,多少啤酒,3,调味料不进入基础原生食材表
369,和白葡萄酒,3,调味料不进入基础原生食材表
370,味预调酒,3,调味料不进入基础原生食材表
371,也干辣椒,3,调味料不进入基础原生食材表
372,自己酿葡萄酒,3,调味料不进入基础原生食材表
373,食薄荷叶,3,调味料不进入基础原生食材表
374,迷迭香草,3,调味料不进入基础原生食材表
375,不太辣干辣椒,3,调味料不进入基础原生食材表
376,低脂黑椒土豆泥,3,调味料不进入基础原生食材表
377,朵玫瑰花茶,3,调味料不进入基础原生食材表
378,那种干辣椒,3,调味料不进入基础原生食材表
379,玫瑰红豆沙,3,调味料不进入基础原生食材表
380,青红酒,3,调味料不进入基础原生食材表
381,新鲜藤椒,3,调味料不进入基础原生食材表
382,麻椒干辣椒,3,调味料不进入基础原生食材表
383,程度干辣椒,3,调味料不进入基础原生食材表
384,干辣椒葱姜蒜,3,调味料不进入基础原生食材表
385,儿迷迭香,3,调味料不进入基础原生食材表
386,香橙力娇酒,3,调味料不进入基础原生食材表
387,桂花乌龙,3,调味料不进入基础原生食材表
388,蒜瓣干辣椒,3,调味料不进入基础原生食材表
389,藤椒鸡,3,调味料不进入基础原生食材表
390,支白葡萄酒,3,调味料不进入基础原生食材表
391,别酒,3,调味料不进入基础原生食材表
392,图干辣椒,3,调味料不进入基础原生食材表
393,自晒干辣椒,3,调味料不进入基础原生食材表
394,自己干辣椒,3,调味料不进入基础原生食材表
395,蒜头干辣椒,3,调味料不进入基础原生食材表
396,丝干辣椒,3,调味料不进入基础原生食材表
397,自己口味肉桂粉,3,调味料不进入基础原生食材表
398,新鲜麻椒,3,调味料不进入基础原生食材表
399,玫瑰花水,3,调味料不进入基础原生食材表
