id,calendar_id,seasonal_food_id,time_name,level,season,category,name,content,source,knowledge_type
KB0001,季节-春,SF0079,春,季节,春,水果,草莓,春季（3月-5月，农历一〜三月）的应季水果有草莓。,用户参考,food
KB0002,季节-春,SF0080,春,季节,春,水果,樱桃,春季（3月-5月，农历一〜三月）的应季水果有樱桃。,用户参考,food
KB0003,季节-春,SF0081,春,季节,春,水果,枇杷,春季（3月-5月，农历一〜三月）的应季水果有枇杷。,用户参考,food
KB0004,季节-春,SF0082,春,季节,春,水果,桑葚,春季（3月-5月，农历一〜三月）的应季水果有桑葚。,用户参考,food
KB0005,季节-春,SF0083,春,季节,春,水果,青梅,春季（3月-5月，农历一〜三月）的应季水果有青梅。,用户参考,food
KB0006,季节-春,SF0084,春,季节,春,水果,油桃,春季（3月-5月，农历一〜三月）的应季水果有油桃。,用户参考,food
KB0007,季节-春,SF0085,春,季节,春,水果,番石榴,春季（3月-5月，农历一〜三月）的应季水果有番石榴。,用户参考,food
KB0008,季节-春,SF0086,春,季节,春,水果,青枣,春季（3月-5月，农历一〜三月）的应季水果有青枣。,用户参考,food
KB0009,季节-春,SF0087,春,季节,春,水果,莲雾,春季（3月-5月，农历一〜三月）的应季水果有莲雾（春末）。,用户参考,food
KB0010,季节-春,SF0088,春,季节,春,蔬菜,春笋,春季（3月-5月，农历一〜三月）的应季蔬菜有春笋。,用户参考,food
KB0011,季节-春,SF0089,春,季节,春,蔬菜,韭菜,春季（3月-5月，农历一〜三月）的应季蔬菜有韭菜。,用户参考,food
KB0012,季节-春,SF0090,春,季节,春,蔬菜,荠菜,春季（3月-5月，农历一〜三月）的应季蔬菜有荠菜。,用户参考,food
KB0013,季节-春,SF0091,春,季节,春,蔬菜,菠菜,春季（3月-5月，农历一〜三月）的应季蔬菜有菠菜。,用户参考,food
KB0014,季节-春,SF0092,春,季节,春,蔬菜,芹菜,春季（3月-5月，农历一〜三月）的应季蔬菜有芹菜。,用户参考,food
KB0015,季节-春,SF0093,春,季节,春,蔬菜,莴笋,春季（3月-5月，农历一〜三月）的应季蔬菜有莴笋。,用户参考,food
KB0016,季节-春,SF0094,春,季节,春,蔬菜,香椿,春季（3月-5月，农历一〜三月）的应季蔬菜有香椿。,用户参考,food
KB0017,季节-春,SF0095,春,季节,春,蔬菜,蒜苗,春季（3月-5月，农历一〜三月）的应季蔬菜有蒜苗。,用户参考,food
KB0018,季节-春,SF0096,春,季节,春,蔬菜,豌豆,春季（3月-5月，农历一〜三月）的应季蔬菜有豌豆。,用户参考,food
KB0019,季节-春,SF0097,春,季节,春,蔬菜,茼蒿,春季（3月-5月，农历一〜三月）的应季蔬菜有茼蒿。,用户参考,food
KB0020,季节-春,SF0098,春,季节,春,蔬菜,油菜,春季（3月-5月，农历一〜三月）的应季蔬菜有油菜。,用户参考,food
KB0021,季节-春,SF0099,春,季节,春,蔬菜,辣椒,春季（3月-5月，农历一〜三月）的应季蔬菜有辣椒。,用户参考,food
KB0022,季节-春,SF0100,春,季节,春,蔬菜,青椒,春季（3月-5月，农历一〜三月）的应季蔬菜有青椒。,用户参考,food
KB0023,季节-春,SF0101,春,季节,春,蔬菜,彩椒,春季（3月-5月，农历一〜三月）的应季蔬菜有彩椒。,用户参考,food
KB0024,季节-春,SF0102,春,季节,春,蔬菜,洋葱,春季（3月-5月，农历一〜三月）的应季蔬菜有洋葱。,用户参考,food
KB0025,季节-春,SF0103,春,季节,春,蔬菜,菜花,春季（3月-5月，农历一〜三月）的应季蔬菜有菜花。,用户参考,food
KB0026,季节-春,SF0104,春,季节,春,蔬菜,甜豌豆,春季（3月-5月，农历一〜三月）的应季蔬菜有甜豌豆。,用户参考,food
KB0027,季节-春,SF0105,春,季节,春,蔬菜,马兰头,春季（3月-5月，农历一〜三月）的应季蔬菜有马兰头。,用户参考,food
KB0028,季节-春,SF0106,春,季节,春,蔬菜,瓠子,春季（3月-5月，农历一〜三月）的应季蔬菜有瓠子。,用户参考,food
KB0029,季节-春,SF0107,春,季节,春,蔬菜,菜心,春季（3月-5月，农历一〜三月）的应季蔬菜有菜心。,用户参考,food
KB0030,季节-春,SF0108,春,季节,春,蔬菜,豌豆苗,春季（3月-5月，农历一〜三月）的应季蔬菜有豌豆苗。,用户参考,food
KB0031,季节-春,,春,季节,春,水果汇总,春的水果,春季（3月-5月，农历一〜三月）的应季水果共 9 种：草莓、樱桃、枇杷、桑葚、青梅、油桃、番石榴、青枣、莲雾（春末）。春季养肝，这样吃解春困！,用户参考,summary
KB0032,季节-春,,春,季节,春,蔬菜汇总,春的蔬菜,春季（3月-5月，农历一〜三月）的应季蔬菜共 21 种：春笋、韭菜、荠菜、菠菜、芹菜、莴笋、香椿、蒜苗、豌豆、茼蒿、油菜、辣椒、青椒、彩椒、洋葱、菜花、甜豌豆、马兰头、瓠子、菜心、豌豆苗。春季养肝，这样吃解春困！,用户参考,summary
KB0033,季节-夏,SF0033,夏,季节,夏,水果,西瓜,夏季（6月-8月，农历四〜六月）的应季水果有西瓜。,用户参考,food
KB0034,季节-夏,SF0034,夏,季节,夏,水果,桃子,夏季（6月-8月，农历四〜六月）的应季水果有桃子。,用户参考,food
KB0035,季节-夏,SF0035,夏,季节,夏,水果,李子,夏季（6月-8月，农历四〜六月）的应季水果有李子。,用户参考,food
KB0036,季节-夏,SF0036,夏,季节,夏,水果,杏子,夏季（6月-8月，农历四〜六月）的应季水果有杏子。,用户参考,food
KB0037,季节-夏,SF0037,夏,季节,夏,水果,葡萄,夏季（6月-8月，农历四〜六月）的应季水果有葡萄。,用户参考,food
KB0038,季节-夏,SF0038,夏,季节,夏,水果,荔枝,夏季（6月-8月，农历四〜六月）的应季水果有荔枝。,用户参考,food
KB0039,季节-夏,SF0039,夏,季节,夏,水果,龙眼,夏季（6月-8月，农历四〜六月）的应季水果有龙眼。,用户参考,food
KB0040,季节-夏,SF0040,夏,季节,夏,水果,芒果,夏季（6月-8月，农历四〜六月）的应季水果有芒果。,用户参考,food
KB0041,季节-夏,SF0041,夏,季节,夏,水果,哈密瓜,夏季（6月-8月，农历四〜六月）的应季水果有哈密瓜。,用户参考,food
KB0042,季节-夏,SF0042,夏,季节,夏,水果,香瓜,夏季（6月-8月，农历四〜六月）的应季水果有香瓜。,用户参考,food
KB0043,季节-夏,SF0043,夏,季节,夏,水果,草莓,夏季（6月-8月，农历四〜六月）的应季水果有草莓。,用户参考,food
KB0044,季节-夏,SF0044,夏,季节,夏,水果,莲雾,夏季（6月-8月，农历四〜六月）的应季水果有莲雾。,用户参考,food
KB0045,季节-夏,SF0045,夏,季节,夏,水果,菠萝,夏季（6月-8月，农历四〜六月）的应季水果有菠萝。,用户参考,food
KB0046,季节-夏,SF0046,夏,季节,夏,水果,柠檬,夏季（6月-8月，农历四〜六月）的应季水果有柠檬。,用户参考,food
KB0047,季节-夏,SF0047,夏,季节,夏,水果,百香果,夏季（6月-8月，农历四〜六月）的应季水果有百香果。,用户参考,food
KB0048,季节-夏,SF0048,夏,季节,夏,水果,火龙果,夏季（6月-8月，农历四〜六月）的应季水果有火龙果。,用户参考,food
KB0049,季节-夏,SF0049,夏,季节,夏,水果,猕猴桃,夏季（6月-8月，农历四〜六月）的应季水果有猕猴桃。,用户参考,food
KB0050,季节-夏,SF0050,夏,季节,夏,水果,香蕉,夏季（6月-8月，农历四〜六月）的应季水果有香蕉。,用户参考,food
KB0051,季节-夏,SF0051,夏,季节,夏,水果,椰子,夏季（6月-8月，农历四〜六月）的应季水果有椰子。,用户参考,food
KB0052,季节-夏,SF0052,夏,季节,夏,水果,樱桃,夏季（6月-8月，农历四〜六月）的应季水果有樱桃。,用户参考,food
KB0053,季节-夏,SF0053,夏,季节,夏,蔬菜,冬瓜,夏季（6月-8月，农历四〜六月）的应季蔬菜有冬瓜。,用户参考,food
KB0054,季节-夏,SF0054,夏,季节,夏,蔬菜,丝瓜,夏季（6月-8月，农历四〜六月）的应季蔬菜有丝瓜。,用户参考,food
KB0055,季节-夏,SF0055,夏,季节,夏,蔬菜,苦瓜,夏季（6月-8月，农历四〜六月）的应季蔬菜有苦瓜。,用户参考,food
KB0056,季节-夏,SF0056,夏,季节,夏,蔬菜,黄瓜,夏季（6月-8月，农历四〜六月）的应季蔬菜有黄瓜。,用户参考,food
KB0057,季节-夏,SF0057,夏,季节,夏,蔬菜,空心菜,夏季（6月-8月，农历四〜六月）的应季蔬菜有空心菜。,用户参考,food
KB0058,季节-夏,SF0058,夏,季节,夏,蔬菜,豆角,夏季（6月-8月，农历四〜六月）的应季蔬菜有豆角。,用户参考,food
KB0059,季节-夏,SF0059,夏,季节,夏,蔬菜,茄子,夏季（6月-8月，农历四〜六月）的应季蔬菜有茄子。,用户参考,food
KB0060,季节-夏,SF0060,夏,季节,夏,蔬菜,番茄,夏季（6月-8月，农历四〜六月）的应季蔬菜有番茄。,用户参考,food
KB0061,季节-夏,SF0061,夏,季节,夏,蔬菜,毛豆,夏季（6月-8月，农历四〜六月）的应季蔬菜有毛豆。,用户参考,food
KB0062,季节-夏,SF0062,夏,季节,夏,蔬菜,莲藕,夏季（6月-8月，农历四〜六月）的应季蔬菜有莲藕。,用户参考,food
KB0063,季节-夏,SF0063,夏,季节,夏,蔬菜,生菜,夏季（6月-8月，农历四〜六月）的应季蔬菜有生菜。,用户参考,food
KB0064,季节-夏,SF0064,夏,季节,夏,蔬菜,辣椒,夏季（6月-8月，农历四〜六月）的应季蔬菜有辣椒。,用户参考,food
KB0065,季节-夏,SF0065,夏,季节,夏,蔬菜,四季豆,夏季（6月-8月，农历四〜六月）的应季蔬菜有四季豆。,用户参考,food
KB0066,季节-夏,SF0066,夏,季节,夏,蔬菜,芦笋,夏季（6月-8月，农历四〜六月）的应季蔬菜有芦笋。,用户参考,food
KB0067,季节-夏,SF0067,夏,季节,夏,蔬菜,茭白,夏季（6月-8月，农历四〜六月）的应季蔬菜有茭白。,用户参考,food
KB0068,季节-夏,SF0068,夏,季节,夏,蔬菜,洋葱,夏季（6月-8月，农历四〜六月）的应季蔬菜有洋葱。,用户参考,food
KB0069,季节-夏,SF0069,夏,季节,夏,蔬菜,佛手瓜,夏季（6月-8月，农历四〜六月）的应季蔬菜有佛手瓜。,用户参考,food
KB0070,季节-夏,SF0070,夏,季节,夏,蔬菜,南瓜,夏季（6月-8月，农历四〜六月）的应季蔬菜有南瓜。,用户参考,food
KB0071,季节-夏,SF0071,夏,季节,夏,蔬菜,苋菜,夏季（6月-8月，农历四〜六月）的应季蔬菜有苋菜。,用户参考,food
KB0072,季节-夏,SF0072,夏,季节,夏,蔬菜,山苏,夏季（6月-8月，农历四〜六月）的应季蔬菜有山苏。,用户参考,food
KB0073,季节-夏,SF0073,夏,季节,夏,蔬菜,龙须菜,夏季（6月-8月，农历四〜六月）的应季蔬菜有龙须菜。,用户参考,food
KB0074,季节-夏,SF0074,夏,季节,夏,蔬菜,红薯叶,夏季（6月-8月，农历四〜六月）的应季蔬菜有红薯叶。,用户参考,food
KB0075,季节-夏,SF0075,夏,季节,夏,蔬菜,竹笋,夏季（6月-8月，农历四〜六月）的应季蔬菜有竹笋。,用户参考,food
KB0076,季节-夏,SF0076,夏,季节,夏,蔬菜,卷心菜,夏季（6月-8月，农历四〜六月）的应季蔬菜有卷心菜。,用户参考,food
KB0077,季节-夏,SF0077,夏,季节,夏,蔬菜,豇豆,夏季（6月-8月，农历四〜六月）的应季蔬菜有豇豆。,用户参考,food
KB0078,季节-夏,SF0078,夏,季节,夏,蔬菜,蚕豆,夏季（6月-8月，农历四〜六月）的应季蔬菜有蚕豆。,用户参考,food
KB0079,季节-夏,,夏,季节,夏,水果汇总,夏的水果,夏季（6月-8月，农历四〜六月）的应季水果共 20 种：西瓜、桃子、李子、杏子、葡萄、荔枝、龙眼、芒果、哈密瓜、香瓜、草莓、莲雾、菠萝、柠檬、百香果、火龙果、猕猴桃、香蕉、椰子、樱桃。夏季养心，这样吃消火气！,用户参考,summary
KB0080,季节-夏,,夏,季节,夏,蔬菜汇总,夏的蔬菜,夏季（6月-8月，农历四〜六月）的应季蔬菜共 26 种：冬瓜、丝瓜、苦瓜、黄瓜、空心菜、豆角、茄子、番茄、毛豆、莲藕、生菜、辣椒、四季豆、芦笋、茭白、洋葱、佛手瓜、南瓜、苋菜、山苏、龙须菜、红薯叶、竹笋、卷心菜、豇豆、蚕豆。夏季养心，这样吃消火气！,用户参考,summary
KB0081,季节-秋,SF0109,秋,季节,秋,水果,梨,秋季（9月-11月，农历七〜九月）的应季水果有梨。,用户参考,food
KB0082,季节-秋,SF0110,秋,季节,秋,水果,苹果,秋季（9月-11月，农历七〜九月）的应季水果有苹果。,用户参考,food
KB0083,季节-秋,SF0111,秋,季节,秋,水果,石榴,秋季（9月-11月，农历七〜九月）的应季水果有石榴。,用户参考,food
KB0084,季节-秋,SF0112,秋,季节,秋,水果,柚子,秋季（9月-11月，农历七〜九月）的应季水果有柚子。,用户参考,food
KB0085,季节-秋,SF0113,秋,季节,秋,水果,橘子,秋季（9月-11月，农历七〜九月）的应季水果有橘子。,用户参考,food
KB0086,季节-秋,SF0114,秋,季节,秋,水果,冬枣,秋季（9月-11月，农历七〜九月）的应季水果有冬枣。,用户参考,food
KB0087,季节-秋,SF0115,秋,季节,秋,水果,猕猴桃,秋季（9月-11月，农历七〜九月）的应季水果有猕猴桃。,用户参考,food
KB0088,季节-秋,SF0116,秋,季节,秋,水果,柿子,秋季（9月-11月，农历七〜九月）的应季水果有柿子。,用户参考,food
KB0089,季节-秋,SF0117,秋,季节,秋,水果,木瓜,秋季（9月-11月，农历七〜九月）的应季水果有木瓜。,用户参考,food
KB0090,季节-秋,SF0118,秋,季节,秋,水果,莲子,秋季（9月-11月，农历七〜九月）的应季水果有莲子。,用户参考,food
KB0091,季节-秋,SF0119,秋,季节,秋,水果,甘蔗,秋季（9月-11月，农历七〜九月）的应季水果有甘蔗。,用户参考,food
KB0092,季节-秋,SF0120,秋,季节,秋,水果,葡萄,秋季（9月-11月，农历七〜九月）的应季水果有葡萄。,用户参考,food
KB0093,季节-秋,SF0121,秋,季节,秋,水果,火龙果,秋季（9月-11月，农历七〜九月）的应季水果有火龙果。,用户参考,food
KB0094,季节-秋,SF0122,秋,季节,秋,水果,杨桃,秋季（9月-11月，农历七〜九月）的应季水果有杨桃。,用户参考,food
KB0095,季节-秋,SF0123,秋,季节,秋,水果,番石榴,秋季（9月-11月，农历七〜九月）的应季水果有番石榴。,用户参考,food
KB0096,季节-秋,SF0124,秋,季节,秋,水果,杏子,秋季（9月-11月，农历七〜九月）的应季水果有杏子。,用户参考,food
KB0097,季节-秋,SF0125,秋,季节,秋,水果,红枣,秋季（9月-11月，农历七〜九月）的应季水果有红枣。,用户参考,food
KB0098,季节-秋,SF0126,秋,季节,秋,水果,山楂,秋季（9月-11月，农历七〜九月）的应季水果有山楂。,用户参考,food
KB0099,季节-秋,SF0127,秋,季节,秋,水果,核桃,秋季（9月-11月，农历七〜九月）的应季水果有核桃。,用户参考,food
KB0100,季节-秋,SF0128,秋,季节,秋,蔬菜,白萝卜,秋季（9月-11月，农历七〜九月）的应季蔬菜有白萝卜。,用户参考,food
KB0101,季节-秋,SF0129,秋,季节,秋,蔬菜,大白菜,秋季（9月-11月，农历七〜九月）的应季蔬菜有大白菜。,用户参考,food
KB0102,季节-秋,SF0130,秋,季节,秋,蔬菜,山药,秋季（9月-11月，农历七〜九月）的应季蔬菜有山药。,用户参考,food
KB0103,季节-秋,SF0131,秋,季节,秋,蔬菜,莲藕,秋季（9月-11月，农历七〜九月）的应季蔬菜有莲藕。,用户参考,food
KB0104,季节-秋,SF0132,秋,季节,秋,蔬菜,西兰花,秋季（9月-11月，农历七〜九月）的应季蔬菜有西兰花。,用户参考,food
KB0105,季节-秋,SF0133,秋,季节,秋,蔬菜,娃娃菜,秋季（9月-11月，农历七〜九月）的应季蔬菜有娃娃菜。,用户参考,food
KB0106,季节-秋,SF0134,秋,季节,秋,蔬菜,秋葵,秋季（9月-11月，农历七〜九月）的应季蔬菜有秋葵。,用户参考,food
KB0107,季节-秋,SF0135,秋,季节,秋,蔬菜,茨菇,秋季（9月-11月，农历七〜九月）的应季蔬菜有茨菇。,用户参考,food
KB0108,季节-秋,SF0136,秋,季节,秋,蔬菜,南瓜,秋季（9月-11月，农历七〜九月）的应季蔬菜有南瓜。,用户参考,food
KB0109,季节-秋,SF0137,秋,季节,秋,蔬菜,菱角,秋季（9月-11月，农历七〜九月）的应季蔬菜有菱角。,用户参考,food
KB0110,季节-秋,SF0138,秋,季节,秋,蔬菜,辣椒,秋季（9月-11月，农历七〜九月）的应季蔬菜有辣椒。,用户参考,food
KB0111,季节-秋,SF0139,秋,季节,秋,蔬菜,栗子,秋季（9月-11月，农历七〜九月）的应季蔬菜有栗子。,用户参考,food
KB0112,季节-秋,SF0140,秋,季节,秋,蔬菜,冬瓜,秋季（9月-11月，农历七〜九月）的应季蔬菜有冬瓜。,用户参考,food
KB0113,季节-秋,SF0141,秋,季节,秋,蔬菜,四季豆,秋季（9月-11月，农历七〜九月）的应季蔬菜有四季豆（芸豆）。,用户参考,food
KB0114,季节-秋,SF0142,秋,季节,秋,蔬菜,红薯叶,秋季（9月-11月，农历七〜九月）的应季蔬菜有红薯叶。,用户参考,food
KB0115,季节-秋,SF0143,秋,季节,秋,蔬菜,豆角,秋季（9月-11月，农历七〜九月）的应季蔬菜有豆角。,用户参考,food
KB0116,季节-秋,SF0144,秋,季节,秋,蔬菜,扁豆,秋季（9月-11月，农历七〜九月）的应季蔬菜有扁豆。,用户参考,food
KB0117,季节-秋,SF0145,秋,季节,秋,蔬菜,菜花,秋季（9月-11月，农历七〜九月）的应季蔬菜有菜花。,用户参考,food
KB0118,季节-秋,SF0146,秋,季节,秋,蔬菜,胡萝卜,秋季（9月-11月，农历七〜九月）的应季蔬菜有胡萝卜。,用户参考,food
KB0119,季节-秋,SF0147,秋,季节,秋,蔬菜,葱,秋季（9月-11月，农历七〜九月）的应季蔬菜有葱。,用户参考,food
KB0120,季节-秋,SF0148,秋,季节,秋,蔬菜,黄瓜,秋季（9月-11月，农历七〜九月）的应季蔬菜有黄瓜。,用户参考,food
KB0121,季节-秋,SF0149,秋,季节,秋,蔬菜,番茄,秋季（9月-11月，农历七〜九月）的应季蔬菜有番茄。,用户参考,food
KB0122,季节-秋,SF0150,秋,季节,秋,蔬菜,茄子,秋季（9月-11月，农历七〜九月）的应季蔬菜有茄子。,用户参考,food
KB0123,季节-秋,SF0151,秋,季节,秋,蔬菜,百合,秋季（9月-11月，农历七〜九月）的应季蔬菜有百合。,用户参考,food
KB0124,季节-秋,,秋,季节,秋,水果汇总,秋的水果,秋季（9月-11月，农历七〜九月）的应季水果共 19 种：梨、苹果、石榴、柚子、橘子、冬枣、猕猴桃、柿子、木瓜、莲子、甘蔗、葡萄、火龙果、杨桃、番石榴、杏子、红枣、山楂、核桃。秋季润肺，这样吃抗病魔！,用户参考,summary
KB0125,季节-秋,,秋,季节,秋,蔬菜汇总,秋的蔬菜,秋季（9月-11月，农历七〜九月）的应季蔬菜共 24 种：白萝卜、大白菜、山药、莲藕、西兰花、娃娃菜、秋葵、茨菇、南瓜、菱角、辣椒、栗子、冬瓜、四季豆（芸豆）、红薯叶、豆角、扁豆、菜花、胡萝卜、葱、黄瓜、番茄、茄子、百合。秋季润肺，这样吃抗病魔！,用户参考,summary
KB0126,季节-冬,SF0001,冬,季节,冬,水果,砂糖橘,冬季（12月-2月，农历十〜十二月）的应季水果有砂糖橘。,用户参考,food
KB0127,季节-冬,SF0002,冬,季节,冬,水果,橙子,冬季（12月-2月，农历十〜十二月）的应季水果有橙子。,用户参考,food
KB0128,季节-冬,SF0003,冬,季节,冬,水果,沃柑,冬季（12月-2月，农历十〜十二月）的应季水果有沃柑。,用户参考,food
KB0129,季节-冬,SF0004,冬,季节,冬,水果,柚子,冬季（12月-2月，农历十〜十二月）的应季水果有柚子。,用户参考,food
KB0130,季节-冬,SF0005,冬,季节,冬,水果,冬枣,冬季（12月-2月，农历十〜十二月）的应季水果有冬枣。,用户参考,food
KB0131,季节-冬,SF0006,冬,季节,冬,水果,雪莲果,冬季（12月-2月，农历十〜十二月）的应季水果有雪莲果。,用户参考,food
KB0132,季节-冬,SF0007,冬,季节,冬,水果,甘蔗,冬季（12月-2月，农历十〜十二月）的应季水果有甘蔗。,用户参考,food
KB0133,季节-冬,SF0008,冬,季节,冬,水果,橘子,冬季（12月-2月，农历十〜十二月）的应季水果有橘子。,用户参考,food
KB0134,季节-冬,SF0009,冬,季节,冬,水果,青枣,冬季（12月-2月，农历十〜十二月）的应季水果有青枣。,用户参考,food
KB0135,季节-冬,SF0010,冬,季节,冬,水果,释迦,冬季（12月-2月，农历十〜十二月）的应季水果有释迦。,用户参考,food
KB0136,季节-冬,SF0011,冬,季节,冬,蔬菜,大白菜,冬季（12月-2月，农历十〜十二月）的应季蔬菜有大白菜。,用户参考,food
KB0137,季节-冬,SF0012,冬,季节,冬,蔬菜,白萝卜,冬季（12月-2月，农历十〜十二月）的应季蔬菜有白萝卜。,用户参考,food
KB0138,季节-冬,SF0013,冬,季节,冬,蔬菜,冬笋,冬季（12月-2月，农历十〜十二月）的应季蔬菜有冬笋。,用户参考,food
KB0139,季节-冬,SF0014,冬,季节,冬,蔬菜,娃娃菜,冬季（12月-2月，农历十〜十二月）的应季蔬菜有娃娃菜。,用户参考,food
KB0140,季节-冬,SF0015,冬,季节,冬,蔬菜,茼蒿,冬季（12月-2月，农历十〜十二月）的应季蔬菜有茼蒿。,用户参考,food
KB0141,季节-冬,SF0016,冬,季节,冬,蔬菜,油麦菜,冬季（12月-2月，农历十〜十二月）的应季蔬菜有油麦菜。,用户参考,food
KB0142,季节-冬,SF0017,冬,季节,冬,蔬菜,卷心菜,冬季（12月-2月，农历十〜十二月）的应季蔬菜有卷心菜。,用户参考,food
KB0143,季节-冬,SF0018,冬,季节,冬,蔬菜,胡萝卜,冬季（12月-2月，农历十〜十二月）的应季蔬菜有胡萝卜。,用户参考,food
KB0144,季节-冬,SF0019,冬,季节,冬,蔬菜,青椒,冬季（12月-2月，农历十〜十二月）的应季蔬菜有青椒。,用户参考,food
KB0145,季节-冬,SF0020,冬,季节,冬,蔬菜,洋葱,冬季（12月-2月，农历十〜十二月）的应季蔬菜有洋葱。,用户参考,food
KB0146,季节-冬,SF0021,冬,季节,冬,蔬菜,菜花,冬季（12月-2月，农历十〜十二月）的应季蔬菜有菜花。,用户参考,food
KB0147,季节-冬,SF0022,冬,季节,冬,蔬菜,甜豌豆,冬季（12月-2月，农历十〜十二月）的应季蔬菜有甜豌豆。,用户参考,food
KB0148,季节-冬,SF0023,冬,季节,冬,蔬菜,芹菜,冬季（12月-2月，农历十〜十二月）的应季蔬菜有芹菜。,用户参考,food
KB0149,季节-冬,SF0024,冬,季节,冬,蔬菜,菠菜,冬季（12月-2月，农历十〜十二月）的应季蔬菜有菠菜。,用户参考,food
KB0150,季节-冬,SF0025,冬,季节,冬,蔬菜,芥菜,冬季（12月-2月，农历十〜十二月）的应季蔬菜有芥菜。,用户参考,food
KB0151,季节-冬,SF0026,冬,季节,冬,蔬菜,葵年菜,冬季（12月-2月，农历十〜十二月）的应季蔬菜有葵年菜。,用户参考,food
KB0152,季节-冬,SF0027,冬,季节,冬,蔬菜,莴笋,冬季（12月-2月，农历十〜十二月）的应季蔬菜有莴笋。,用户参考,food
KB0153,季节-冬,SF0028,冬,季节,冬,蔬菜,油菜,冬季（12月-2月，农历十〜十二月）的应季蔬菜有油菜。,用户参考,food
KB0154,季节-冬,SF0029,冬,季节,冬,蔬菜,菜心,冬季（12月-2月，农历十〜十二月）的应季蔬菜有菜心。,用户参考,food
KB0155,季节-冬,SF0030,冬,季节,冬,蔬菜,芥蓝,冬季（12月-2月，农历十〜十二月）的应季蔬菜有芥蓝。,用户参考,food
KB0156,季节-冬,SF0031,冬,季节,冬,蔬菜,荸荠,冬季（12月-2月，农历十〜十二月）的应季蔬菜有荸荠。,用户参考,food
KB0157,季节-冬,SF0032,冬,季节,冬,蔬菜,莲藕,冬季（12月-2月，农历十〜十二月）的应季蔬菜有莲藕。,用户参考,food
KB0158,季节-冬,,冬,季节,冬,水果汇总,冬的水果,冬季（12月-2月，农历十〜十二月）的应季水果共 10 种：砂糖橘、橙子、沃柑、柚子、冬枣、雪莲果、甘蔗、橘子、青枣、释迦。冬季补肾，这样吃好体力！,用户参考,summary
KB0159,季节-冬,,冬,季节,冬,蔬菜汇总,冬的蔬菜,冬季（12月-2月，农历十〜十二月）的应季蔬菜共 22 种：大白菜、白萝卜、冬笋、娃娃菜、茼蒿、油麦菜、卷心菜、胡萝卜、青椒、洋葱、菜花、甜豌豆、芹菜、菠菜、芥菜、葵年菜、莴笋、油菜、菜心、芥蓝、荸荠、莲藕。冬季补肾，这样吃好体力！,用户参考,summary
KB0160,月份-01,SF0152,1月,月份,冬,水果,砂糖橘,1月的应季水果有砂糖橘。,用户参考,food
KB0161,月份-01,SF0153,1月,月份,冬,水果,沃柑,1月的应季水果有沃柑。,用户参考,food
KB0162,月份-01,SF0154,1月,月份,冬,水果,赣南脐橙,1月的应季水果有赣南脐橙。,用户参考,food
KB0163,月份-01,SF0155,1月,月份,冬,水果,猕猴桃,1月的应季水果有猕猴桃。,用户参考,food
KB0164,月份-01,SF0156,1月,月份,冬,水果,山楂,1月的应季水果有山楂。,用户参考,food
KB0165,月份-01,SF0157,1月,月份,冬,水果,甘蔗,1月的应季水果有甘蔗。,用户参考,food
KB0166,月份-01,SF0158,1月,月份,冬,蔬菜,大白菜,1月的应季蔬菜有大白菜。,用户参考,food
KB0167,月份-01,SF0159,1月,月份,冬,蔬菜,小白菜,1月的应季蔬菜有小白菜。,用户参考,food
KB0168,月份-01,SF0160,1月,月份,冬,蔬菜,菠菜,1月的应季蔬菜有菠菜。,用户参考,food
KB0169,月份-01,SF0161,1月,月份,冬,蔬菜,芹菜,1月的应季蔬菜有芹菜。,用户参考,food
KB0170,月份-01,SF0162,1月,月份,冬,蔬菜,白萝卜,1月的应季蔬菜有白萝卜。,用户参考,food
KB0171,月份-01,SF0163,1月,月份,冬,蔬菜,胡萝卜,1月的应季蔬菜有胡萝卜。,用户参考,food
KB0172,月份-01,SF0164,1月,月份,冬,蔬菜,卷心菜,1月的应季蔬菜有卷心菜。,用户参考,food
KB0173,月份-01,SF0165,1月,月份,冬,蔬菜,花菜,1月的应季蔬菜有花菜。,用户参考,food
KB0174,月份-01,SF0166,1月,月份,冬,蔬菜,茨菇,1月的应季蔬菜有茨菇。,用户参考,food
KB0175,月份-01,SF0167,1月,月份,冬,蔬菜,香菇,1月的应季蔬菜有香菇。,用户参考,food
KB0176,月份-01,,1月,月份,冬,水果汇总,1月的水果,1月的应季水果共 6 种：砂糖橘、沃柑、赣南脐橙、猕猴桃、山楂、甘蔗。,用户参考,summary
KB0177,月份-01,,1月,月份,冬,蔬菜汇总,1月的蔬菜,1月的应季蔬菜共 10 种：大白菜、小白菜、菠菜、芹菜、白萝卜、胡萝卜、卷心菜、花菜、茨菇、香菇。,用户参考,summary
KB0178,月份-02,SF0168,2月,月份,冬,水果,砂糖橘,2月的应季水果有砂糖橘。,用户参考,food
KB0179,月份-02,SF0169,2月,月份,冬,水果,沃柑,2月的应季水果有沃柑。,用户参考,food
KB0180,月份-02,SF0170,2月,月份,冬,水果,赣南脐橙,2月的应季水果有赣南脐橙。,用户参考,food
KB0181,月份-02,SF0171,2月,月份,冬,水果,猕猴桃,2月的应季水果有猕猴桃。,用户参考,food
KB0182,月份-02,SF0172,2月,月份,冬,水果,山楂,2月的应季水果有山楂。,用户参考,food
KB0183,月份-02,SF0173,2月,月份,冬,水果,甘蔗,2月的应季水果有甘蔗。,用户参考,food
KB0184,月份-02,SF0174,2月,月份,冬,蔬菜,大白菜,2月的应季蔬菜有大白菜。,用户参考,food
KB0185,月份-02,SF0175,2月,月份,冬,蔬菜,小白菜,2月的应季蔬菜有小白菜。,用户参考,food
KB0186,月份-02,SF0176,2月,月份,冬,蔬菜,菠菜,2月的应季蔬菜有菠菜。,用户参考,food
KB0187,月份-02,SF0177,2月,月份,冬,蔬菜,芹菜,2月的应季蔬菜有芹菜。,用户参考,food
KB0188,月份-02,SF0178,2月,月份,冬,蔬菜,菜心,2月的应季蔬菜有菜心。,用户参考,food
KB0189,月份-02,SF0179,2月,月份,冬,蔬菜,卷心菜,2月的应季蔬菜有卷心菜。,用户参考,food
KB0190,月份-02,SF0180,2月,月份,冬,蔬菜,荠菜,2月的应季蔬菜有荠菜。,用户参考,food
KB0191,月份-02,SF0181,2月,月份,冬,蔬菜,生菜,2月的应季蔬菜有生菜。,用户参考,food
KB0192,月份-02,,2月,月份,冬,水果汇总,2月的水果,2月的应季水果共 6 种：砂糖橘、沃柑、赣南脐橙、猕猴桃、山楂、甘蔗。,用户参考,summary
KB0193,月份-02,,2月,月份,冬,蔬菜汇总,2月的蔬菜,2月的应季蔬菜共 8 种：大白菜、小白菜、菠菜、芹菜、菜心、卷心菜、荠菜、生菜。,用户参考,summary
KB0194,月份-03,SF0182,3月,月份,春,水果,草莓,3月的应季水果有草莓（尾季）。,用户参考,food
KB0195,月份-03,SF0183,3月,月份,春,水果,芒果,3月的应季水果有芒果（海南/广西早熟）。,用户参考,food
KB0196,月份-03,SF0184,3月,月份,春,水果,枇杷,3月的应季水果有枇杷。,用户参考,food
KB0197,月份-03,SF0185,3月,月份,春,水果,桑葚,3月的应季水果有桑葚。,用户参考,food
KB0198,月份-03,SF0186,3月,月份,春,水果,菠萝,3月的应季水果有菠萝。,用户参考,food
KB0199,月份-03,SF0187,3月,月份,春,蔬菜,小白菜,3月的应季蔬菜有小白菜。,用户参考,food
KB0200,月份-03,SF0188,3月,月份,春,蔬菜,菠菜,3月的应季蔬菜有菠菜。,用户参考,food
KB0201,月份-03,SF0189,3月,月份,春,蔬菜,芹菜,3月的应季蔬菜有芹菜。,用户参考,food
KB0202,月份-03,SF0190,3月,月份,春,蔬菜,菜心,3月的应季蔬菜有菜心。,用户参考,food
KB0203,月份-03,SF0191,3月,月份,春,蔬菜,韭菜,3月的应季蔬菜有韭菜。,用户参考,food
KB0204,月份-03,SF0192,3月,月份,春,蔬菜,春笋,3月的应季蔬菜有春笋。,用户参考,food
KB0205,月份-03,SF0193,3月,月份,春,蔬菜,香椿,3月的应季蔬菜有香椿。,用户参考,food
KB0206,月份-03,SF0194,3月,月份,春,蔬菜,豌豆苗,3月的应季蔬菜有豌豆苗。,用户参考,food
KB0207,月份-03,SF0195,3月,月份,春,蔬菜,蚕豆,3月的应季蔬菜有蚕豆。,用户参考,food
KB0208,月份-03,SF0196,3月,月份,春,蔬菜,荠菜,3月的应季蔬菜有荠菜。,用户参考,food
KB0209,月份-03,SF0197,3月,月份,春,蔬菜,茼蒿,3月的应季蔬菜有茼蒿。,用户参考,food
KB0210,月份-03,,3月,月份,春,水果汇总,3月的水果,3月的应季水果共 5 种：草莓（尾季）、芒果（海南/广西早熟）、枇杷、桑葚、菠萝。,用户参考,summary
KB0211,月份-03,,3月,月份,春,蔬菜汇总,3月的蔬菜,3月的应季蔬菜共 11 种：小白菜、菠菜、芹菜、菜心、韭菜、春笋、香椿、豌豆苗、蚕豆、荠菜、茼蒿。,用户参考,summary
KB0212,月份-04,SF0198,4月,月份,春,水果,草莓,4月的应季水果有草莓。,用户参考,food
KB0213,月份-04,SF0199,4月,月份,春,水果,枇杷,4月的应季水果有枇杷。,用户参考,food
KB0214,月份-04,SF0200,4月,月份,春,水果,芒果,4月的应季水果有芒果。,用户参考,food
KB0215,月份-04,SF0201,4月,月份,春,水果,桑葚,4月的应季水果有桑葚。,用户参考,food
KB0216,月份-04,SF0202,4月,月份,春,水果,樱桃,4月的应季水果有樱桃（早熟）。,用户参考,food
KB0217,月份-04,SF0203,4月,月份,春,蔬菜,小白菜,4月的应季蔬菜有小白菜。,用户参考,food
KB0218,月份-04,SF0204,4月,月份,春,蔬菜,莴笋,4月的应季蔬菜有莴笋。,用户参考,food
KB0219,月份-04,SF0205,4月,月份,春,蔬菜,鸡毛菜,4月的应季蔬菜有鸡毛菜。,用户参考,food
KB0220,月份-04,SF0206,4月,月份,春,蔬菜,芹菜,4月的应季蔬菜有芹菜。,用户参考,food
KB0221,月份-04,SF0207,4月,月份,春,蔬菜,春笋,4月的应季蔬菜有春笋。,用户参考,food
KB0222,月份-04,SF0208,4月,月份,春,蔬菜,香椿,4月的应季蔬菜有香椿。,用户参考,food
KB0223,月份-04,SF0209,4月,月份,春,蔬菜,韭菜,4月的应季蔬菜有韭菜。,用户参考,food
KB0224,月份-04,SF0210,4月,月份,春,蔬菜,豌豆苗,4月的应季蔬菜有豌豆苗。,用户参考,food
KB0225,月份-04,SF0211,4月,月份,春,蔬菜,蚕豆,4月的应季蔬菜有蚕豆。,用户参考,food
KB0226,月份-04,SF0212,4月,月份,春,蔬菜,荠菜,4月的应季蔬菜有荠菜。,用户参考,food
KB0227,月份-04,,4月,月份,春,水果汇总,4月的水果,4月的应季水果共 5 种：草莓、枇杷、芒果、桑葚、樱桃（早熟）。,用户参考,summary
KB0228,月份-04,,4月,月份,春,蔬菜汇总,4月的蔬菜,4月的应季蔬菜共 10 种：小白菜、莴笋、鸡毛菜、芹菜、春笋、香椿、韭菜、豌豆苗、蚕豆、荠菜。,用户参考,summary
KB0229,月份-05,SF0213,5月,月份,春,水果,草莓,5月的应季水果有草莓。,用户参考,food
KB0230,月份-05,SF0214,5月,月份,春,水果,枇杷,5月的应季水果有枇杷。,用户参考,food
KB0231,月份-05,SF0215,5月,月份,春,水果,桑葚,5月的应季水果有桑葚。,用户参考,food
KB0232,月份-05,SF0216,5月,月份,春,水果,樱桃,5月的应季水果有樱桃。,用户参考,food
KB0233,月份-05,SF0217,5月,月份,春,水果,芒果,5月的应季水果有芒果。,用户参考,food
KB0234,月份-05,SF0218,5月,月份,春,水果,杨梅,5月的应季水果有杨梅。,用户参考,food
KB0235,月份-05,SF0219,5月,月份,春,水果,油桃,5月的应季水果有油桃。,用户参考,food
KB0236,月份-05,SF0220,5月,月份,春,水果,李子,5月的应季水果有李子。,用户参考,food
KB0237,月份-05,SF0221,5月,月份,春,水果,荔枝,5月的应季水果有荔枝（早熟）。,用户参考,food
KB0238,月份-05,SF0222,5月,月份,春,蔬菜,小白菜,5月的应季蔬菜有小白菜。,用户参考,food
KB0239,月份-05,SF0223,5月,月份,春,蔬菜,卷心菜,5月的应季蔬菜有卷心菜。,用户参考,food
KB0240,月份-05,SF0224,5月,月份,春,蔬菜,莴笋,5月的应季蔬菜有莴笋。,用户参考,food
KB0241,月份-05,SF0225,5月,月份,春,蔬菜,鸡毛菜,5月的应季蔬菜有鸡毛菜。,用户参考,food
KB0242,月份-05,SF0226,5月,月份,春,蔬菜,黄瓜,5月的应季蔬菜有黄瓜。,用户参考,food
KB0243,月份-05,SF0227,5月,月份,春,蔬菜,番茄,5月的应季蔬菜有番茄。,用户参考,food
KB0244,月份-05,SF0228,5月,月份,春,蔬菜,蚕豆,5月的应季蔬菜有蚕豆。,用户参考,food
KB0245,月份-05,SF0229,5月,月份,春,蔬菜,茭白,5月的应季蔬菜有茭白。,用户参考,food
KB0246,月份-05,SF0230,5月,月份,春,蔬菜,茄子,5月的应季蔬菜有茄子。,用户参考,food
KB0247,月份-05,SF0231,5月,月份,春,蔬菜,丝瓜,5月的应季蔬菜有丝瓜。,用户参考,food
KB0248,月份-05,SF0232,5月,月份,春,蔬菜,苦瓜,5月的应季蔬菜有苦瓜。,用户参考,food
KB0249,月份-05,,5月,月份,春,水果汇总,5月的水果,5月的应季水果共 9 种：草莓、枇杷、桑葚、樱桃、芒果、杨梅、油桃、李子、荔枝（早熟）。,用户参考,summary
KB0250,月份-05,,5月,月份,春,蔬菜汇总,5月的蔬菜,5月的应季蔬菜共 11 种：小白菜、卷心菜、莴笋、鸡毛菜、黄瓜、番茄、蚕豆、茭白、茄子、丝瓜、苦瓜。,用户参考,summary
KB0251,月份-06,SF0233,6月,月份,夏,水果,西瓜,6月的应季水果有西瓜。,用户参考,food
KB0252,月份-06,SF0234,6月,月份,夏,水果,杨梅,6月的应季水果有杨梅。,用户参考,food
KB0253,月份-06,SF0235,6月,月份,夏,水果,樱桃,6月的应季水果有樱桃。,用户参考,food
KB0254,月份-06,SF0236,6月,月份,夏,水果,荔枝,6月的应季水果有荔枝。,用户参考,food
KB0255,月份-06,SF0237,6月,月份,夏,水果,枇杷,6月的应季水果有枇杷（尾季）。,用户参考,food
KB0256,月份-06,SF0238,6月,月份,夏,水果,水蜜桃,6月的应季水果有水蜜桃。,用户参考,food
KB0257,月份-06,SF0239,6月,月份,夏,水果,哈密瓜,6月的应季水果有哈密瓜。,用户参考,food
KB0258,月份-06,SF0240,6月,月份,夏,水果,火龙果,6月的应季水果有火龙果。,用户参考,food
KB0259,月份-06,SF0241,6月,月份,夏,水果,龙眼,6月的应季水果有龙眼。,用户参考,food
KB0260,月份-06,SF0242,6月,月份,夏,水果,葡萄,6月的应季水果有葡萄（早熟）。,用户参考,food
KB0261,月份-06,SF0243,6月,月份,夏,蔬菜,黄瓜,6月的应季蔬菜有黄瓜。,用户参考,food
KB0262,月份-06,SF0244,6月,月份,夏,蔬菜,番茄,6月的应季蔬菜有番茄。,用户参考,food
KB0263,月份-06,SF0245,6月,月份,夏,蔬菜,冬瓜,6月的应季蔬菜有冬瓜。,用户参考,food
KB0264,月份-06,SF0246,6月,月份,夏,蔬菜,丝瓜,6月的应季蔬菜有丝瓜。,用户参考,food
KB0265,月份-06,SF0247,6月,月份,夏,蔬菜,茄子,6月的应季蔬菜有茄子。,用户参考,food
KB0266,月份-06,SF0248,6月,月份,夏,蔬菜,南瓜,6月的应季蔬菜有南瓜。,用户参考,food
KB0267,月份-06,SF0249,6月,月份,夏,蔬菜,卷心菜,6月的应季蔬菜有卷心菜。,用户参考,food
KB0268,月份-06,SF0250,6月,月份,夏,蔬菜,土豆,6月的应季蔬菜有土豆。,用户参考,food
KB0269,月份-06,SF0251,6月,月份,夏,蔬菜,鸡毛菜,6月的应季蔬菜有鸡毛菜。,用户参考,food
KB0270,月份-06,SF0252,6月,月份,夏,蔬菜,刀豆,6月的应季蔬菜有刀豆。,用户参考,food
KB0271,月份-06,SF0253,6月,月份,夏,蔬菜,豇豆,6月的应季蔬菜有豇豆。,用户参考,food
KB0272,月份-06,SF0254,6月,月份,夏,蔬菜,毛豆,6月的应季蔬菜有毛豆。,用户参考,food
KB0273,月份-06,,6月,月份,夏,水果汇总,6月的水果,6月的应季水果共 10 种：西瓜、杨梅、樱桃、荔枝、枇杷（尾季）、水蜜桃、哈密瓜、火龙果、龙眼、葡萄（早熟）。,用户参考,summary
KB0274,月份-06,,6月,月份,夏,蔬菜汇总,6月的蔬菜,6月的应季蔬菜共 12 种：黄瓜、番茄、冬瓜、丝瓜、茄子、南瓜、卷心菜、土豆、鸡毛菜、刀豆、豇豆、毛豆。,用户参考,summary
KB0275,月份-07,SF0255,7月,月份,夏,水果,西瓜,7月的应季水果有西瓜。,用户参考,food
KB0276,月份-07,SF0256,7月,月份,夏,水果,荔枝,7月的应季水果有荔枝。,用户参考,food
KB0277,月份-07,SF0257,7月,月份,夏,水果,水蜜桃,7月的应季水果有水蜜桃。,用户参考,food
KB0278,月份-07,SF0258,7月,月份,夏,水果,哈密瓜,7月的应季水果有哈密瓜。,用户参考,food
KB0279,月份-07,SF0259,7月,月份,夏,水果,榴莲,7月的应季水果有榴莲。,用户参考,food
KB0280,月份-07,SF0260,7月,月份,夏,水果,杨梅,7月的应季水果有杨梅。,用户参考,food
KB0281,月份-07,SF0261,7月,月份,夏,水果,龙眼,7月的应季水果有龙眼。,用户参考,food
KB0282,月份-07,SF0262,7月,月份,夏,水果,黄皮,7月的应季水果有黄皮。,用户参考,food
KB0283,月份-07,SF0263,7月,月份,夏,水果,葡萄,7月的应季水果有葡萄。,用户参考,food
KB0284,月份-07,SF0264,7月,月份,夏,水果,无花果,7月的应季水果有无花果。,用户参考,food
KB0285,月份-07,SF0265,7月,月份,夏,水果,百香果,7月的应季水果有百香果。,用户参考,food
KB0286,月份-07,SF0266,7月,月份,夏,蔬菜,黄瓜,7月的应季蔬菜有黄瓜。,用户参考,food
KB0287,月份-07,SF0267,7月,月份,夏,蔬菜,番茄,7月的应季蔬菜有番茄。,用户参考,food
KB0288,月份-07,SF0268,7月,月份,夏,蔬菜,冬瓜,7月的应季蔬菜有冬瓜。,用户参考,food
KB0289,月份-07,SF0269,7月,月份,夏,蔬菜,丝瓜,7月的应季蔬菜有丝瓜。,用户参考,food
KB0290,月份-07,SF0270,7月,月份,夏,蔬菜,苦瓜,7月的应季蔬菜有苦瓜。,用户参考,food
KB0291,月份-07,SF0271,7月,月份,夏,蔬菜,茄子,7月的应季蔬菜有茄子。,用户参考,food
KB0292,月份-07,SF0272,7月,月份,夏,蔬菜,豇豆,7月的应季蔬菜有豇豆。,用户参考,food
KB0293,月份-07,SF0273,7月,月份,夏,蔬菜,扁豆,7月的应季蔬菜有扁豆。,用户参考,food
KB0294,月份-07,SF0274,7月,月份,夏,蔬菜,空心菜,7月的应季蔬菜有空心菜。,用户参考,food
KB0295,月份-07,SF0275,7月,月份,夏,蔬菜,毛豆,7月的应季蔬菜有毛豆。,用户参考,food
KB0296,月份-07,SF0276,7月,月份,夏,蔬菜,辣椒,7月的应季蔬菜有辣椒。,用户参考,food
KB0297,月份-07,SF0277,7月,月份,夏,蔬菜,土豆,7月的应季蔬菜有土豆。,用户参考,food
KB0298,月份-07,SF0278,7月,月份,夏,蔬菜,卷心菜,7月的应季蔬菜有卷心菜。,用户参考,food
KB0299,月份-07,,7月,月份,夏,水果汇总,7月的水果,7月的应季水果共 11 种：西瓜、荔枝、水蜜桃、哈密瓜、榴莲、杨梅、龙眼、黄皮、葡萄、无花果、百香果。,用户参考,summary
KB0300,月份-07,,7月,月份,夏,蔬菜汇总,7月的蔬菜,7月的应季蔬菜共 13 种：黄瓜、番茄、冬瓜、丝瓜、苦瓜、茄子、豇豆、扁豆、空心菜、毛豆、辣椒、土豆、卷心菜。,用户参考,summary
KB0301,月份-08,SF0279,8月,月份,夏,水果,西瓜,8月的应季水果有西瓜。,用户参考,food
KB0302,月份-08,SF0280,8月,月份,夏,水果,水蜜桃,8月的应季水果有水蜜桃。,用户参考,food
KB0303,月份-08,SF0281,8月,月份,夏,水果,哈密瓜,8月的应季水果有哈密瓜。,用户参考,food
KB0304,月份-08,SF0282,8月,月份,夏,水果,榴莲,8月的应季水果有榴莲。,用户参考,food
KB0305,月份-08,SF0283,8月,月份,夏,水果,葡萄,8月的应季水果有葡萄。,用户参考,food
KB0306,月份-08,SF0284,8月,月份,夏,水果,石榴,8月的应季水果有石榴。,用户参考,food
KB0307,月份-08,SF0285,8月,月份,夏,水果,梨,8月的应季水果有梨（早熟）。,用户参考,food
KB0308,月份-08,SF0286,8月,月份,夏,水果,冬枣,8月的应季水果有冬枣。,用户参考,food
KB0309,月份-08,SF0287,8月,月份,夏,水果,龙眼,8月的应季水果有龙眼。,用户参考,food
KB0310,月份-08,SF0288,8月,月份,夏,蔬菜,冬瓜,8月的应季蔬菜有冬瓜。,用户参考,food
KB0311,月份-08,SF0289,8月,月份,夏,蔬菜,丝瓜,8月的应季蔬菜有丝瓜。,用户参考,food
KB0312,月份-08,SF0290,8月,月份,夏,蔬菜,苦瓜,8月的应季蔬菜有苦瓜。,用户参考,food
KB0313,月份-08,SF0291,8月,月份,夏,蔬菜,茄子,8月的应季蔬菜有茄子。,用户参考,food
KB0314,月份-08,SF0292,8月,月份,夏,蔬菜,豇豆,8月的应季蔬菜有豇豆。,用户参考,food
KB0315,月份-08,SF0293,8月,月份,夏,蔬菜,扁豆,8月的应季蔬菜有扁豆。,用户参考,food
KB0316,月份-08,SF0294,8月,月份,夏,蔬菜,空心菜,8月的应季蔬菜有空心菜。,用户参考,food
KB0317,月份-08,SF0295,8月,月份,夏,蔬菜,毛豆,8月的应季蔬菜有毛豆。,用户参考,food
KB0318,月份-08,SF0296,8月,月份,夏,蔬菜,辣椒,8月的应季蔬菜有辣椒。,用户参考,food
KB0319,月份-08,SF0297,8月,月份,夏,蔬菜,南瓜,8月的应季蔬菜有南瓜。,用户参考,food
KB0320,月份-08,SF0298,8月,月份,夏,蔬菜,土豆,8月的应季蔬菜有土豆。,用户参考,food
KB0321,月份-08,SF0299,8月,月份,夏,蔬菜,卷心菜,8月的应季蔬菜有卷心菜。,用户参考,food
KB0322,月份-08,SF0300,8月,月份,夏,蔬菜,青菜,8月的应季蔬菜有青菜。,用户参考,food
KB0323,月份-08,,8月,月份,夏,水果汇总,8月的水果,8月的应季水果共 9 种：西瓜、水蜜桃、哈密瓜、榴莲、葡萄、石榴、梨（早熟）、冬枣、龙眼。,用户参考,summary
KB0324,月份-08,,8月,月份,夏,蔬菜汇总,8月的蔬菜,8月的应季蔬菜共 13 种：冬瓜、丝瓜、苦瓜、茄子、豇豆、扁豆、空心菜、毛豆、辣椒、南瓜、土豆、卷心菜、青菜。,用户参考,summary
KB0325,月份-09,SF0301,9月,月份,秋,水果,葡萄,9月的应季水果有葡萄。,用户参考,food
KB0326,月份-09,SF0302,9月,月份,秋,水果,石榴,9月的应季水果有石榴。,用户参考,food
KB0327,月份-09,SF0303,9月,月份,秋,水果,梨,9月的应季水果有梨。,用户参考,food
KB0328,月份-09,SF0304,9月,月份,秋,水果,哈密瓜,9月的应季水果有哈密瓜。,用户参考,food
KB0329,月份-09,SF0305,9月,月份,秋,水果,柚子,9月的应季水果有柚子。,用户参考,food
KB0330,月份-09,SF0306,9月,月份,秋,水果,柿子,9月的应季水果有柿子。,用户参考,food
KB0331,月份-09,SF0307,9月,月份,秋,水果,山楂,9月的应季水果有山楂。,用户参考,food
KB0332,月份-09,SF0308,9月,月份,秋,水果,冬枣,9月的应季水果有冬枣。,用户参考,food
KB0333,月份-09,SF0309,9月,月份,秋,蔬菜,冬瓜,9月的应季蔬菜有冬瓜。,用户参考,food
KB0334,月份-09,SF0310,9月,月份,秋,蔬菜,丝瓜,9月的应季蔬菜有丝瓜。,用户参考,food
KB0335,月份-09,SF0311,9月,月份,秋,蔬菜,毛豆,9月的应季蔬菜有毛豆。,用户参考,food
KB0336,月份-09,SF0312,9月,月份,秋,蔬菜,豇豆,9月的应季蔬菜有豇豆。,用户参考,food
KB0337,月份-09,SF0313,9月,月份,秋,蔬菜,茄子,9月的应季蔬菜有茄子。,用户参考,food
KB0338,月份-09,SF0314,9月,月份,秋,蔬菜,辣椒,9月的应季蔬菜有辣椒。,用户参考,food
KB0339,月份-09,SF0315,9月,月份,秋,蔬菜,芋头,9月的应季蔬菜有芋头。,用户参考,food
KB0340,月份-09,SF0316,9月,月份,秋,蔬菜,茭白,9月的应季蔬菜有茭白。,用户参考,food
KB0341,月份-09,SF0317,9月,月份,秋,蔬菜,莲藕,9月的应季蔬菜有莲藕。,用户参考,food
KB0342,月份-09,SF0318,9月,月份,秋,蔬菜,山药,9月的应季蔬菜有山药。,用户参考,food
KB0343,月份-09,SF0319,9月,月份,秋,蔬菜,秋葵,9月的应季蔬菜有秋葵。,用户参考,food
KB0344,月份-09,SF0320,9月,月份,秋,蔬菜,白萝卜,9月的应季蔬菜有白萝卜。,用户参考,food
KB0345,月份-09,SF0321,9月,月份,秋,蔬菜,大白菜,9月的应季蔬菜有大白菜。,用户参考,food
KB0346,月份-09,SF0322,9月,月份,秋,蔬菜,卷心菜,9月的应季蔬菜有卷心菜。,用户参考,food
KB0347,月份-09,,9月,月份,秋,水果汇总,9月的水果,9月的应季水果共 8 种：葡萄、石榴、梨、哈密瓜、柚子、柿子、山楂、冬枣。,用户参考,summary
KB0348,月份-09,,9月,月份,秋,蔬菜汇总,9月的蔬菜,9月的应季蔬菜共 14 种：冬瓜、丝瓜、毛豆、豇豆、茄子、辣椒、芋头、茭白、莲藕、山药、秋葵、白萝卜、大白菜、卷心菜。,用户参考,summary
KB0349,月份-10,SF0323,10月,月份,秋,水果,苹果,10月的应季水果有苹果。,用户参考,food
KB0350,月份-10,SF0324,10月,月份,秋,水果,梨,10月的应季水果有梨。,用户参考,food
KB0351,月份-10,SF0325,10月,月份,秋,水果,石榴,10月的应季水果有石榴。,用户参考,food
KB0352,月份-10,SF0326,10月,月份,秋,水果,柿子,10月的应季水果有柿子。,用户参考,food
KB0353,月份-10,SF0327,10月,月份,秋,水果,葡萄,10月的应季水果有葡萄（晚熟）。,用户参考,food
KB0354,月份-10,SF0328,10月,月份,秋,水果,猕猴桃,10月的应季水果有猕猴桃。,用户参考,food
KB0355,月份-10,SF0329,10月,月份,秋,水果,柑橘,10月的应季水果有柑橘。,用户参考,food
KB0356,月份-10,SF0330,10月,月份,秋,水果,橙子,10月的应季水果有橙子。,用户参考,food
KB0357,月份-10,SF0331,10月,月份,秋,水果,甘蔗,10月的应季水果有甘蔗。,用户参考,food
KB0358,月份-10,SF0332,10月,月份,秋,水果,冬枣,10月的应季水果有冬枣（尾季）。,用户参考,food
KB0359,月份-10,SF0333,10月,月份,秋,蔬菜,大白菜,10月的应季蔬菜有大白菜。,用户参考,food
KB0360,月份-10,SF0334,10月,月份,秋,蔬菜,白萝卜,10月的应季蔬菜有白萝卜。,用户参考,food
KB0361,月份-10,SF0335,10月,月份,秋,蔬菜,芋头,10月的应季蔬菜有芋头。,用户参考,food
KB0362,月份-10,SF0336,10月,月份,秋,蔬菜,茭白,10月的应季蔬菜有茭白。,用户参考,food
KB0363,月份-10,SF0337,10月,月份,秋,蔬菜,莲藕,10月的应季蔬菜有莲藕。,用户参考,food
KB0364,月份-10,SF0338,10月,月份,秋,蔬菜,山药,10月的应季蔬菜有山药。,用户参考,food
KB0365,月份-10,SF0339,10月,月份,秋,蔬菜,花菜,10月的应季蔬菜有花菜。,用户参考,food
KB0366,月份-10,SF0340,10月,月份,秋,蔬菜,西兰花,10月的应季蔬菜有西兰花。,用户参考,food
KB0367,月份-10,SF0341,10月,月份,秋,蔬菜,生菜,10月的应季蔬菜有生菜。,用户参考,food
KB0368,月份-10,SF0342,10月,月份,秋,蔬菜,菠菜,10月的应季蔬菜有菠菜。,用户参考,food
KB0369,月份-10,SF0343,10月,月份,秋,蔬菜,芹菜,10月的应季蔬菜有芹菜。,用户参考,food
KB0370,月份-10,SF0344,10月,月份,秋,蔬菜,卷心菜,10月的应季蔬菜有卷心菜。,用户参考,food
KB0371,月份-10,SF0345,10月,月份,秋,蔬菜,茼蒿,10月的应季蔬菜有茼蒿。,用户参考,food
KB0372,月份-10,,10月,月份,秋,水果汇总,10月的水果,10月的应季水果共 10 种：苹果、梨、石榴、柿子、葡萄（晚熟）、猕猴桃、柑橘、橙子、甘蔗、冬枣（尾季）。,用户参考,summary
KB0373,月份-10,,10月,月份,秋,蔬菜汇总,10月的蔬菜,10月的应季蔬菜共 13 种：大白菜、白萝卜、芋头、茭白、莲藕、山药、花菜、西兰花、生菜、菠菜、芹菜、卷心菜、茼蒿。,用户参考,summary
KB0374,月份-11,SF0346,11月,月份,秋,水果,苹果,11月的应季水果有苹果。,用户参考,food
KB0375,月份-11,SF0347,11月,月份,秋,水果,梨,11月的应季水果有梨。,用户参考,food
KB0376,月份-11,SF0348,11月,月份,秋,水果,柚子,11月的应季水果有柚子。,用户参考,food
KB0377,月份-11,SF0349,11月,月份,秋,水果,柿子,11月的应季水果有柿子。,用户参考,food
KB0378,月份-11,SF0350,11月,月份,秋,水果,山楂,11月的应季水果有山楂。,用户参考,food
KB0379,月份-11,SF0351,11月,月份,秋,水果,猕猴桃,11月的应季水果有猕猴桃。,用户参考,food
KB0380,月份-11,SF0352,11月,月份,秋,水果,甘蔗,11月的应季水果有甘蔗。,用户参考,food
KB0381,月份-11,SF0353,11月,月份,秋,水果,脐橙,11月的应季水果有脐橙。,用户参考,food
KB0382,月份-11,SF0354,11月,月份,秋,水果,皇帝柑,11月的应季水果有皇帝柑。,用户参考,food
KB0383,月份-11,SF0355,11月,月份,秋,水果,草莓,11月的应季水果有草莓（大棚初上市）。,用户参考,food
KB0384,月份-11,SF0356,11月,月份,秋,水果,荸荠,11月的应季水果有荸荠。,用户参考,food
KB0385,月份-11,SF0357,11月,月份,秋,蔬菜,大白菜,11月的应季蔬菜有大白菜。,用户参考,food
KB0386,月份-11,SF0358,11月,月份,秋,蔬菜,白萝卜,11月的应季蔬菜有白萝卜。,用户参考,food
KB0387,月份-11,SF0359,11月,月份,秋,蔬菜,莴笋,11月的应季蔬菜有莴笋。,用户参考,food
KB0388,月份-11,SF0360,11月,月份,秋,蔬菜,花菜,11月的应季蔬菜有花菜。,用户参考,food
KB0389,月份-11,SF0361,11月,月份,秋,蔬菜,西兰花,11月的应季蔬菜有西兰花。,用户参考,food
KB0390,月份-11,SF0362,11月,月份,秋,蔬菜,荠菜,11月的应季蔬菜有荠菜。,用户参考,food
KB0391,月份-11,SF0363,11月,月份,秋,蔬菜,草头,11月的应季蔬菜有草头。,用户参考,food
KB0392,月份-11,SF0364,11月,月份,秋,蔬菜,生菜,11月的应季蔬菜有生菜。,用户参考,food
KB0393,月份-11,SF0365,11月,月份,秋,蔬菜,茨菇,11月的应季蔬菜有茨菇。,用户参考,food
KB0394,月份-11,SF0366,11月,月份,秋,蔬菜,青蒜,11月的应季蔬菜有青蒜。,用户参考,food
KB0395,月份-11,SF0367,11月,月份,秋,蔬菜,菠菜,11月的应季蔬菜有菠菜。,用户参考,food
KB0396,月份-11,SF0368,11月,月份,秋,蔬菜,芹菜,11月的应季蔬菜有芹菜。,用户参考,food
KB0397,月份-11,SF0369,11月,月份,秋,蔬菜,卷心菜,11月的应季蔬菜有卷心菜。,用户参考,food
KB0398,月份-11,,11月,月份,秋,水果汇总,11月的水果,11月的应季水果共 11 种：苹果、梨、柚子、柿子、山楂、猕猴桃、甘蔗、脐橙、皇帝柑、草莓（大棚初上市）、荸荠。,用户参考,summary
KB0399,月份-11,,11月,月份,秋,蔬菜汇总,11月的蔬菜,11月的应季蔬菜共 13 种：大白菜、白萝卜、莴笋、花菜、西兰花、荠菜、草头、生菜、茨菇、青蒜、菠菜、芹菜、卷心菜。,用户参考,summary
KB0400,月份-12,SF0370,12月,月份,冬,水果,砂糖橘,12月的应季水果有砂糖橘。,用户参考,food
KB0401,月份-12,SF0371,12月,月份,冬,水果,沃柑,12月的应季水果有沃柑。,用户参考,food
KB0402,月份-12,SF0372,12月,月份,冬,水果,赣南脐橙,12月的应季水果有赣南脐橙。,用户参考,food
KB0403,月份-12,SF0373,12月,月份,冬,水果,猕猴桃,12月的应季水果有猕猴桃。,用户参考,food
KB0404,月份-12,SF0374,12月,月份,冬,水果,山楂,12月的应季水果有山楂。,用户参考,food
KB0405,月份-12,SF0375,12月,月份,冬,水果,甘蔗,12月的应季水果有甘蔗。,用户参考,food
KB0406,月份-12,SF0376,12月,月份,冬,水果,草莓,12月的应季水果有草莓（大棚）。,用户参考,food
KB0407,月份-12,SF0377,12月,月份,冬,水果,车厘子,12月的应季水果有车厘子（进口）。,用户参考,food
KB0408,月份-12,SF0378,12月,月份,冬,水果,金桔,12月的应季水果有金桔。,用户参考,food
KB0409,月份-12,SF0379,12月,月份,冬,水果,释迦,12月的应季水果有释迦。,用户参考,food
KB0410,月份-12,SF0380,12月,月份,冬,蔬菜,大白菜,12月的应季蔬菜有大白菜。,用户参考,food
KB0411,月份-12,SF0381,12月,月份,冬,蔬菜,白萝卜,12月的应季蔬菜有白萝卜。,用户参考,food
KB0412,月份-12,SF0382,12月,月份,冬,蔬菜,塌菜,12月的应季蔬菜有塌菜。,用户参考,food
KB0413,月份-12,SF0383,12月,月份,冬,蔬菜,荠菜,12月的应季蔬菜有荠菜。,用户参考,food
KB0414,月份-12,SF0384,12月,月份,冬,蔬菜,茨菇,12月的应季蔬菜有茨菇。,用户参考,food
KB0415,月份-12,SF0385,12月,月份,冬,蔬菜,花菜,12月的应季蔬菜有花菜。,用户参考,food
KB0416,月份-12,SF0386,12月,月份,冬,蔬菜,菠菜,12月的应季蔬菜有菠菜。,用户参考,food
KB0417,月份-12,SF0387,12月,月份,冬,蔬菜,芹菜,12月的应季蔬菜有芹菜。,用户参考,food
KB0418,月份-12,SF0388,12月,月份,冬,蔬菜,卷心菜,12月的应季蔬菜有卷心菜。,用户参考,food
KB0419,月份-12,SF0389,12月,月份,冬,蔬菜,香菇,12月的应季蔬菜有香菇。,用户参考,food
KB0420,月份-12,SF0390,12月,月份,冬,蔬菜,胡萝卜,12月的应季蔬菜有胡萝卜。,用户参考,food
KB0421,月份-12,,12月,月份,冬,水果汇总,12月的水果,12月的应季水果共 10 种：砂糖橘、沃柑、赣南脐橙、猕猴桃、山楂、甘蔗、草莓（大棚）、车厘子（进口）、金桔、释迦。,用户参考,summary
KB0422,月份-12,,12月,月份,冬,蔬菜汇总,12月的蔬菜,12月的应季蔬菜共 11 种：大白菜、白萝卜、塌菜、荠菜、茨菇、花菜、菠菜、芹菜、卷心菜、香菇、胡萝卜。,用户参考,summary
KB0423,节气-立春,SF0512,立春,节气,春,食材,洋葱,立春（2月3-5日）宜吃洋葱，春季抗敏感的健康好食材。,用户参考,food
KB0424,节气-立春,SF0513,立春,节气,春,食材,芹菜,立春（2月3-5日）宜吃芹菜，盐巴减量的天然佐料菜。,用户参考,food
KB0425,节气-立春,SF0514,立春,节气,春,食材,樱桃,立春（2月3-5日）宜吃樱桃，属于春天的粉红色气息。,用户参考,food
KB0426,节气-立春,SF0515,立春,节气,春,食材,草莓,立春（2月3-5日）宜吃草莓，红通通的女孩儿养颜圣品。,用户参考,food
KB0427,节气-立春,SF0516,立春,节气,春,菜品,春卷,立春（2月3-5日）的食俗是吃春卷。,用户参考,food
KB0428,节气-立春,,立春,节气,春,食材汇总,立春的食材,立春（2月3-5日）的应季食材共 4 种：洋葱、芹菜、樱桃、草莓。万物蠢动,用户参考,summary
KB0429,节气-立春,,立春,节气,春,菜品汇总,立春的菜品,立春（2月3-5日）的食俗：立春吃春卷。,用户参考,summary
KB0430,节气-雨水,SF0534,雨水,节气,春,食材,红枣,雨水（2月18-20日）宜吃红枣，血气红润脸上拂春风。,用户参考,food
KB0431,节气-雨水,SF0535,雨水,节气,春,食材,燕麦,雨水（2月18-20日）宜吃燕麦，降低胆固醇的减重主食。,用户参考,food
KB0432,节气-雨水,SF0536,雨水,节气,春,食材,韭菜,雨水（2月18-20日）宜吃韭菜，补气壮阳不怕春「困」扰。,用户参考,food
KB0433,节气-雨水,SF0537,雨水,节气,春,食材,豆豉,雨水（2月18-20日）宜吃豆豉，家常特色菜肴的最佳配角。,用户参考,food
KB0434,节气-雨水,SF0538,雨水,节气,春,菜品,龙须饼,雨水（2月18-20日）的食俗是吃龙须饼。,用户参考,food
KB0435,节气-雨水,,雨水,节气,春,食材汇总,雨水的食材,雨水（2月18-20日）的应季食材共 4 种：红枣、燕麦、韭菜、豆豉。春雨绵绵,用户参考,summary
KB0436,节气-雨水,,雨水,节气,春,菜品汇总,雨水的菜品,雨水（2月18-20日）的食俗：雨水吃龙须饼。,用户参考,summary
KB0437,节气-惊蛰,SF0476,惊蛰,节气,春,食材,胡萝卜,惊蛰（3月5-7日）宜吃胡萝卜，打造明亮的双眸招蜂引蝶。,用户参考,food
KB0438,节气-惊蛰,SF0477,惊蛰,节气,春,食材,菜花,惊蛰（3月5-7日）宜吃菜花，通便宽肠的免疫力好帮手。,用户参考,food
KB0439,节气-惊蛰,SF0478,惊蛰,节气,春,食材,小白菜,惊蛰（3月5-7日）宜吃小白菜，深绿色蔬菜是养肝救星。,用户参考,food
KB0440,节气-惊蛰,SF0479,惊蛰,节气,春,食材,开心果,惊蛰（3月5-7日）宜吃开心果，喜上眉梢免惊春雷隆隆响。,用户参考,food
KB0441,节气-惊蛰,SF0480,惊蛰,节气,春,菜品,驴打滚,惊蛰（3月5-7日）的食俗是吃驴打滚。,用户参考,food
KB0442,节气-惊蛰,,惊蛰,节气,春,食材汇总,惊蛰的食材,惊蛰（3月5-7日）的应季食材共 4 种：胡萝卜、菜花、小白菜、开心果。初雷乍响,用户参考,summary
KB0443,节气-惊蛰,,惊蛰,节气,春,菜品汇总,惊蛰的菜品,惊蛰（3月5-7日）的食俗：惊蛰吃驴打滚。,用户参考,summary
KB0444,节气-春分,SF0481,春分,节气,春,食材,菠菜,春分（3月20-22日）宜吃菠菜，大力水手的超级能量罐头。,用户参考,food
KB0445,节气-春分,SF0482,春分,节气,春,食材,荠菜,春分（3月20-22日）宜吃荠菜，越嚼越顺口的护生野草。,用户参考,food
KB0446,节气-春分,SF0483,春分,节气,春,食材,豌豆,春分（3月20-22日）宜吃豌豆，咬一口春天的鲜嫩感。,用户参考,food
KB0447,节气-春分,SF0484,春分,节气,春,食材,蚕豆,春分（3月20-22日）宜吃蚕豆，健脑补钙聪明一整年。,用户参考,food
KB0448,节气-春分,SF0485,春分,节气,春,菜品,春菜,春分（3月20-22日）的食俗是吃春菜。,用户参考,food
KB0449,节气-春分,,春分,节气,春,食材汇总,春分的食材,春分（3月20-22日）的应季食材共 4 种：菠菜、荠菜、豌豆、蚕豆。昼夜对分,用户参考,summary
KB0450,节气-春分,,春分,节气,春,菜品汇总,春分的菜品,春分（3月20-22日）的食俗：春分吃春菜。,用户参考,summary
KB0451,节气-清明,SF0486,清明,节气,春,食材,小米,清明（4月4-6日）宜吃小米，为迎接春神煮上一锅粥。,用户参考,food
KB0452,节气-清明,SF0487,清明,节气,春,食材,香蕉,清明（4月4-6日）宜吃香蕉，许你快乐情绪雨季不忧郁。,用户参考,food
KB0453,节气-清明,SF0488,清明,节气,春,食材,菊花,清明（4月4-6日）宜吃菊花，清肝明目养生菊花香。,用户参考,food
KB0454,节气-清明,SF0489,清明,节气,春,食材,蒜薹,清明（4月4-6日）宜吃蒜薹，自然赠予的天然抗生素。,用户参考,food
KB0455,节气-清明,SF0490,清明,节气,春,菜品,青团,清明（4月4-6日）的食俗是吃青团。,用户参考,food
KB0456,节气-清明,,清明,节气,春,食材汇总,清明的食材,清明（4月4-6日）的应季食材共 4 种：小米、香蕉、菊花、蒜薹。草木萌生,用户参考,summary
KB0457,节气-清明,,清明,节气,春,菜品汇总,清明的菜品,清明（4月4-6日）的食俗：清明吃青团。,用户参考,summary
KB0458,节气-谷雨,SF0529,谷雨,节气,春,食材,香椿,谷雨（4月19-21日）宜吃香椿，香气浓郁的树上新芽菜。,用户参考,food
KB0459,节气-谷雨,SF0530,谷雨,节气,春,食材,番茄,谷雨（4月19-21日）宜吃番茄，保护强心脏的爱情果实。,用户参考,food
KB0460,节气-谷雨,SF0531,谷雨,节气,春,食材,竹笋,谷雨（4月19-21日）宜吃竹笋，娇嫩欲滴的雨后春笋。,用户参考,food
KB0461,节气-谷雨,SF0532,谷雨,节气,春,食材,小麦,谷雨（4月19-21日）宜吃小麦，麦穗在阳光下金光闪闪。,用户参考,food
KB0462,节气-谷雨,SF0533,谷雨,节气,春,菜品,香椿,谷雨（4月19-21日）的食俗是采茶食香椿。,用户参考,food
KB0463,节气-谷雨,,谷雨,节气,春,食材汇总,谷雨的食材,谷雨（4月19-21日）的应季食材共 4 种：香椿、番茄、竹笋、小麦。雨养百谷,用户参考,summary
KB0464,节气-谷雨,,谷雨,节气,春,菜品汇总,谷雨的菜品,谷雨（4月19-21日）的食俗：谷雨采茶食香椿。,用户参考,summary
KB0465,节气-立夏,SF0507,立夏,节气,夏,食材,莴笋,立夏（5月5-7日）宜吃莴笋，解油腻的清爽沙拉拍档。,用户参考,food
KB0466,节气-立夏,SF0508,立夏,节气,夏,食材,薏米,立夏（5月5-7日）宜吃薏米，盛夏时光和水肿说拜拜。,用户参考,food
KB0467,节气-立夏,SF0509,立夏,节气,夏,食材,椰子,立夏（5月5-7日）宜吃椰子，国境之南的解暑饮品。,用户参考,food
KB0468,节气-立夏,SF0510,立夏,节气,夏,食材,空心菜,立夏（5月5-7日）宜吃空心菜，降火气的食物中毒克星。,用户参考,food
KB0469,节气-立夏,SF0511,立夏,节气,夏,菜品,鸭蛋,立夏（5月5-7日）的食俗是吃鸭蛋。,用户参考,food
KB0470,节气-立夏,,立夏,节气,夏,食材汇总,立夏的食材,立夏（5月5-7日）的应季食材共 4 种：莴笋、薏米、椰子、空心菜。夏夜渐暖,用户参考,summary
KB0471,节气-立夏,,立夏,节气,夏,菜品汇总,立夏的菜品,立夏（5月5-7日）的食俗：立夏吃鸭蛋。,用户参考,summary
KB0472,节气-小满,SF0466,小满,节气,夏,食材,苋菜,小满（5月20-22日）宜吃苋菜，高铁高钙的长寿叶菜。,用户参考,food
KB0473,节气-小满,SF0467,小满,节气,夏,食材,青椒,小满（5月20-22日）宜吃青椒，小灯笼加速脂肪的燃烧。,用户参考,food
KB0474,节气-小满,SF0468,小满,节气,夏,食材,桑葚,小满（5月20-22日）宜吃桑葚，恣意享受田园好风情。,用户参考,food
KB0475,节气-小满,SF0469,小满,节气,夏,食材,绿豆,小满（5月20-22日）宜吃绿豆，夏日消暑的必备第一品。,用户参考,food
KB0476,节气-小满,SF0470,小满,节气,夏,菜品,苦菜,小满（5月20-22日）的食俗是吃苦菜。,用户参考,food
KB0477,节气-小满,,小满,节气,夏,食材汇总,小满的食材,小满（5月20-22日）的应季食材共 4 种：苋菜、青椒、桑葚、绿豆。谷粒饱满,用户参考,summary
KB0478,节气-小满,,小满,节气,夏,菜品汇总,小满的菜品,小满（5月20-22日）的食俗：小满吃苦菜。,用户参考,summary
KB0479,节气-芒种,SF0523,芒种,节气,夏,食材,玉米,芒种（6月5-7日）宜吃玉米，纤维丰富的肠道保健王。,用户参考,food
KB0480,节气-芒种,SF0524,芒种,节气,夏,食材,黄瓜,芒种（6月5-7日）宜吃黄瓜，料理不败的凉拌常备菜。,用户参考,food
KB0481,节气-芒种,SF0525,芒种,节气,夏,食材,豇豆,芒种（6月5-7日）宜吃豇豆，开胃爽脆的夏季营养豆儿。,用户参考,food
KB0482,节气-芒种,SF0526,芒种,节气,夏,食材,高粱,芒种（6月5-7日）宜吃高粱，热天品酩之一杯微微醺。,用户参考,food
KB0483,节气-芒种,SF0527,芒种,节气,夏,食材,乌梅,芒种（6月5-7日）宜吃乌梅，生津止渴的酸味佳果。,用户参考,food
KB0484,节气-芒种,SF0528,芒种,节气,夏,菜品,梅子,芒种（6月5-7日）的食俗是吃梅子。,用户参考,food
KB0485,节气-芒种,,芒种,节气,夏,食材汇总,芒种的食材,芒种（6月5-7日）的应季食材共 5 种：玉米、黄瓜、豇豆、高粱、乌梅。结实成穗,用户参考,summary
KB0486,节气-芒种,,芒种,节气,夏,菜品汇总,芒种的菜品,芒种（6月5-7日）的食俗：芒种吃梅子。,用户参考,summary
KB0487,节气-夏至,SF0428,夏至,节气,夏,食材,冬瓜,夏至（6月21-22日）宜吃冬瓜，名不副实的仲夏夜瓜瓜。,用户参考,food
KB0488,节气-夏至,SF0429,夏至,节气,夏,食材,莲子,夏至（6月21-22日）宜吃莲子，脑力工作者的补脑灵丹。,用户参考,food
KB0489,节气-夏至,SF0430,夏至,节气,夏,食材,芒果,夏至（6月21-22日）宜吃芒果，艳阳下的甜滋滋红宝石。,用户参考,food
KB0490,节气-夏至,SF0431,夏至,节气,夏,食材,菠萝,夏至（6月21-22日）宜吃菠萝，热带水果王好运旺旺来。,用户参考,food
KB0491,节气-夏至,SF0432,夏至,节气,夏,食材,榴莲,夏至（6月21-22日）宜吃榴莲，黯然销魂的独特难忘气味。,用户参考,food
KB0492,节气-夏至,SF0433,夏至,节气,夏,菜品,面,夏至（6月21-22日）的食俗是吃面。,用户参考,food
KB0493,节气-夏至,,夏至,节气,夏,食材汇总,夏至的食材,夏至（6月21-22日）的应季食材共 5 种：冬瓜、莲子、芒果、菠萝、榴莲。晕晕沉沉,用户参考,summary
KB0494,节气-夏至,,夏至,节气,夏,菜品汇总,夏至的菜品,夏至（6月21-22日）的食俗：夏至吃面。,用户参考,summary
KB0495,节气-小暑,SF0460,小暑,节气,夏,食材,南瓜,小暑（7月6-8日）宜吃南瓜，饱含营养素的绵密果肉。,用户参考,food
KB0496,节气-小暑,SF0461,小暑,节气,夏,食材,丝瓜,小暑（7月6-8日）宜吃丝瓜，棚架下垂吊的成长日记。,用户参考,food
KB0497,节气-小暑,SF0462,小暑,节气,夏,食材,黄花菜,小暑（7月6-8日）宜吃黄花菜，从生鲜到干燥都好好食。,用户参考,food
KB0498,节气-小暑,SF0463,小暑,节气,夏,食材,桃子,小暑（7月6-8日）宜吃桃子，猴屁股一般的形状很讨喜。,用户参考,food
KB0499,节气-小暑,SF0464,小暑,节气,夏,食材,鳝鱼,小暑（7月6-8日）宜吃鳝鱼，夏季吃鳝鱼胜过补人参。,用户参考,food
KB0500,节气-小暑,SF0465,小暑,节气,夏,菜品,新米,小暑（7月6-8日）的食俗是食新米。,用户参考,food
KB0501,节气-小暑,,小暑,节气,夏,食材汇总,小暑的食材,小暑（7月6-8日）的应季食材共 5 种：南瓜、丝瓜、黄花菜、桃子、鳝鱼。暑气逼人,用户参考,summary
KB0502,节气-小暑,,小暑,节气,夏,菜品汇总,小暑的菜品,小暑（7月6-8日）的食俗：小暑食新米。,用户参考,summary
KB0503,节气-大暑,SF0439,大暑,节气,夏,食材,苦瓜,大暑（7月22-24日）宜吃苦瓜，吃苦吃补的降血糖蔬食。,用户参考,food
KB0504,节气-大暑,SF0440,大暑,节气,夏,食材,荔枝,大暑（7月22-24日）宜吃荔枝，妃子也疯狂的炎夏珍珠。,用户参考,food
KB0505,节气-大暑,SF0441,大暑,节气,夏,食材,西瓜,大暑（7月22-24日）宜吃西瓜，无它不夏天的解暑良品。,用户参考,food
KB0506,节气-大暑,SF0442,大暑,节气,夏,食材,鸭肉,大暑（7月22-24日）宜吃鸭肉，肥美多汁的优质蛋白质。,用户参考,food
KB0507,节气-大暑,SF0443,大暑,节气,夏,菜品,仙草,大暑（7月22-24日）的食俗是吃仙草。,用户参考,food
KB0508,节气-大暑,,大暑,节气,夏,食材汇总,大暑的食材,大暑（7月22-24日）的应季食材共 4 种：苦瓜、荔枝、西瓜、鸭肉。酷热高峰,用户参考,summary
KB0509,节气-大暑,,大暑,节气,夏,菜品汇总,大暑的菜品,大暑（7月22-24日）的食俗：大暑吃仙草。,用户参考,summary
KB0510,节气-立秋,SF0517,立秋,节气,秋,食材,茄子,立秋（8月7-9日）宜吃茄子，秋季食疗养生第一蔬。,用户参考,food
KB0511,节气-立秋,SF0518,立秋,节气,秋,食材,红薯,立秋（8月7-9日）宜吃红薯，落叶土窑体验童年回忆。,用户参考,food
KB0512,节气-立秋,SF0519,立秋,节气,秋,食材,梨,立秋（8月7-9日）宜吃梨，止咳化痰的润肺矿泉水。,用户参考,food
KB0513,节气-立秋,SF0520,立秋,节气,秋,食材,柠檬,立秋（8月7-9日）宜吃柠檬，酸香清爽的坏血病克星。,用户参考,food
KB0514,节气-立秋,SF0521,立秋,节气,秋,食材,哈密瓜,立秋（8月7-9日）宜吃哈密瓜，秋天限定的当家甜瓜。,用户参考,food
KB0515,节气-立秋,SF0522,立秋,节气,秋,菜品,西瓜,立秋（8月7-9日）的食俗是啃西瓜。,用户参考,food
KB0516,节气-立秋,,立秋,节气,秋,食材汇总,立秋的食材,立秋（8月7-9日）的应季食材共 5 种：茄子、红薯、梨、柠檬、哈密瓜。暖凉之交,用户参考,summary
KB0517,节气-立秋,,立秋,节气,秋,菜品汇总,立秋的菜品,立秋（8月7-9日）的食俗：立秋啃西瓜。,用户参考,summary
KB0518,节气-处暑,SF0423,处暑,节气,秋,食材,牛奶,处暑（8月22-24日）宜吃牛奶，温温一杯暖胃顾睡眠。,用户参考,food
KB0519,节气-处暑,SF0424,处暑,节气,秋,食材,甘蔗,处暑（8月22-24日）宜吃甘蔗，齿颊留香的铁质仓库。,用户参考,food
KB0520,节气-处暑,SF0425,处暑,节气,秋,食材,龙眼,处暑（8月22-24日）宜吃龙眼，补血降虚火还你好血气。,用户参考,food
KB0521,节气-处暑,SF0426,处暑,节气,秋,食材,银耳,处暑（8月22-24日）宜吃银耳，延年益寿的长生不老药。,用户参考,food
KB0522,节气-处暑,SF0427,处暑,节气,秋,菜品,鸭子,处暑（8月22-24日）的食俗是吃鸭子。,用户参考,food
KB0523,节气-处暑,,处暑,节气,秋,食材汇总,处暑的食材,处暑（8月22-24日）的应季食材共 4 种：牛奶、甘蔗、龙眼、银耳。热气终止,用户参考,summary
KB0524,节气-处暑,,处暑,节气,秋,菜品汇总,处暑的菜品,处暑（8月22-24日）的食俗：处暑吃鸭子。,用户参考,summary
KB0525,节气-白露,SF0491,白露,节气,秋,食材,大米,白露（9月7-9日）宜吃大米，五谷丰登之收获好时节。,用户参考,food
KB0526,节气-白露,SF0492,白露,节气,秋,食材,木瓜,白露（9月7-9日）宜吃木瓜，养颜丰胸的百搭水果。,用户参考,food
KB0527,节气-白露,SF0493,白露,节气,秋,食材,葡萄,白露（9月7-9日）宜吃葡萄，皇家后院种的万能灵药。,用户参考,food
KB0528,节气-白露,SF0494,白露,节气,秋,食材,柚子,白露（9月7-9日）宜吃柚子，中秋节烤肉的抗癌好物。,用户参考,food
KB0529,节气-白露,SF0495,白露,节气,秋,菜品,米酒,白露（9月7-9日）的食俗是饮米酒。,用户参考,food
KB0530,节气-白露,,白露,节气,秋,食材汇总,白露的食材,白露（9月7-9日）的应季食材共 4 种：大米、木瓜、葡萄、柚子。露珠凝结,用户参考,summary
KB0531,节气-白露,,白露,节气,秋,菜品汇总,白露的菜品,白露（9月7-9日）的食俗：白露饮米酒。,用户参考,summary
KB0532,节气-秋分,SF0496,秋分,节气,秋,食材,芋头,秋分（9月22-24日）宜吃芋头，入口即化的优良淀粉。,用户参考,food
KB0533,节气-秋分,SF0497,秋分,节气,秋,食材,山药,秋分（9月22-24日）宜吃山药，改善秋燥的补益中药材。,用户参考,food
KB0534,节气-秋分,SF0498,秋分,节气,秋,食材,莲藕,秋分（9月22-24日）宜吃莲藕，药食同源一身都是宝。,用户参考,food
KB0535,节气-秋分,SF0499,秋分,节气,秋,食材,香菇,秋分（9月22-24日）宜吃香菇，养生风潮下的热门话题。,用户参考,food
KB0536,节气-秋分,SF0500,秋分,节气,秋,食材,芝麻,秋分（9月22-24日）宜吃芝麻，银发族的保健处方。,用户参考,food
KB0537,节气-秋分,SF0501,秋分,节气,秋,菜品,芋饼,秋分（9月22-24日）的食俗是吃芋饼。,用户参考,food
KB0538,节气-秋分,,秋分,节气,秋,食材汇总,秋分的食材,秋分（9月22-24日）的应季食材共 5 种：芋头、山药、莲藕、香菇、芝麻。步入深秋,用户参考,summary
KB0539,节气-秋分,,秋分,节气,秋,菜品汇总,秋分的菜品,秋分（9月22-24日）的食俗：秋分吃芋饼。,用户参考,summary
KB0540,节气-寒露,SF0449,寒露,节气,秋,食材,杏仁,寒露（10月8-9日）宜吃杏仁，白色系食材为养肺首选。,用户参考,food
KB0541,节气-寒露,SF0450,寒露,节气,秋,食材,猕猴桃,寒露（10月8-9日）宜吃猕猴桃，秋愁浓浓的微酸小清新。,用户参考,food
KB0542,节气-寒露,SF0451,寒露,节气,秋,食材,覆盆子,寒露（10月8-9日）宜吃覆盆子，壮阳滋阴的男女瑰宝。,用户参考,food
KB0543,节气-寒露,SF0452,寒露,节气,秋,食材,秀珍菇,寒露（10月8-9日）宜吃秀珍菇，秋日快烹的下饭好菇到。,用户参考,food
KB0544,节气-寒露,SF0453,寒露,节气,秋,食材,草虾,寒露（10月8-9日）宜吃草虾，当季最鲜美疗愈大海味。,用户参考,food
KB0545,节气-寒露,SF0454,寒露,节气,秋,菜品,芝麻,寒露（10月8-9日）的食俗是吃芝麻。,用户参考,food
KB0546,节气-寒露,,寒露,节气,秋,食材汇总,寒露的食材,寒露（10月8-9日）的应季食材共 5 种：杏仁、猕猴桃、覆盆子、秀珍菇、草虾。寒意沁心,用户参考,summary
KB0547,节气-寒露,,寒露,节气,秋,菜品汇总,寒露的菜品,寒露（10月8-9日）的食俗：寒露吃芝麻。,用户参考,summary
KB0548,节气-霜降,SF0539,霜降,节气,秋,食材,柿子,霜降（10月23-24日）宜吃柿子，晒足日光浴的润肺秋礼。,用户参考,food
KB0549,节气-霜降,SF0540,霜降,节气,秋,食材,苹果,霜降（10月23-24日）宜吃苹果，让医生远离的伊甸园果实。,用户参考,food
KB0550,节气-霜降,SF0541,霜降,节气,秋,食材,黄豆,霜降（10月23-24日）宜吃黄豆，皮肤干燥的水当当法宝。,用户参考,food
KB0551,节气-霜降,SF0542,霜降,节气,秋,食材,蜂蜜,霜降（10月23-24日）宜吃蜂蜜，深秋的味道蜜蜂最知道。,用户参考,food
KB0552,节气-霜降,SF0543,霜降,节气,秋,食材,百合,霜降（10月23-24日）宜吃百合，宽心安神的食疗系花卉。,用户参考,food
KB0553,节气-霜降,SF0544,霜降,节气,秋,菜品,柿子,霜降（10月23-24日）的食俗是吃柿子。,用户参考,food
KB0554,节气-霜降,,霜降,节气,秋,食材汇总,霜降的食材,霜降（10月23-24日）的应季食材共 5 种：柿子、苹果、黄豆、蜂蜜、百合。雾气结霜,用户参考,summary
KB0555,节气-霜降,,霜降,节气,秋,菜品汇总,霜降的菜品,霜降（10月23-24日）的食俗：霜降吃柿子。,用户参考,summary
KB0556,节气-立冬,SF0502,立冬,节气,冬,食材,紫米,立冬（11月7-8日）宜吃紫米，温粥进补强身不畏寒。,用户参考,food
KB0557,节气-立冬,SF0503,立冬,节气,冬,食材,海参,立冬（11月7-8日）宜吃海参，海中珍品抵御寒冷来袭。,用户参考,food
KB0558,节气-立冬,SF0504,立冬,节气,冬,食材,栗子,立冬（11月7-8日）宜吃栗子，路边摊弥漫的爆炒焦香味。,用户参考,food
KB0559,节气-立冬,SF0505,立冬,节气,冬,食材,松子,立冬（11月7-8日）宜吃松子，不饱和脂肪酸代谢脑废物。,用户参考,food
KB0560,节气-立冬,SF0506,立冬,节气,冬,菜品,鸡汤,立冬（11月7-8日）的食俗是喝鸡汤。,用户参考,food
KB0561,节气-立冬,,立冬,节气,冬,食材汇总,立冬的食材,立冬（11月7-8日）的应季食材共 4 种：紫米、海参、栗子、松子。收割贮藏,用户参考,summary
KB0562,节气-立冬,,立冬,节气,冬,菜品汇总,立冬的菜品,立冬（11月7-8日）的食俗：立冬喝鸡汤。,用户参考,summary
KB0563,节气-小雪,SF0471,小雪,节气,冬,食材,芥菜,小雪（11月22-23日）宜吃芥菜，将岁末的福气腌起来保存。,用户参考,food
KB0564,节气-小雪,SF0472,小雪,节气,冬,食材,荸荠,小雪（11月22-23日）宜吃荸荠，蔬菜水果傻傻分不清楚。,用户参考,food
KB0565,节气-小雪,SF0473,小雪,节气,冬,食材,木耳,小雪（11月22-23日）宜吃木耳，打通血液堵塞的清道夫。,用户参考,food
KB0566,节气-小雪,SF0474,小雪,节气,冬,食材,核桃,小雪（11月22-23日）宜吃核桃，增加记忆力的护脑长寿果。,用户参考,food
KB0567,节气-小雪,SF0475,小雪,节气,冬,菜品,腊肉,小雪（11月22-23日）的食俗是吃腊肉。,用户参考,food
KB0568,节气-小雪,,小雪,节气,冬,食材汇总,小雪的食材,小雪（11月22-23日）的应季食材共 4 种：芥菜、荸荠、木耳、核桃。阴冷晦暗,用户参考,summary
KB0569,节气-小雪,,小雪,节气,冬,菜品汇总,小雪的菜品,小雪（11月22-23日）的食俗：小雪吃腊肉。,用户参考,summary
KB0570,节气-大雪,SF0444,大雪,节气,冬,食材,白萝卜,大雪（12月6-8日）宜吃白萝卜，平民老百姓的养气人参。,用户参考,food
KB0571,节气-大雪,SF0445,大雪,节气,冬,食材,橄榄,大雪（12月6-8日）宜吃橄榄，轻轻品嚼苦涩也变得清甜。,用户参考,food
KB0572,节气-大雪,SF0446,大雪,节气,冬,食材,橘子,大雪（12月6-8日）宜吃橘子，烤过入口增添几分暖意。,用户参考,food
KB0573,节气-大雪,SF0447,大雪,节气,冬,食材,牛肉,大雪（12月6-8日）宜吃牛肉，暖胃补益提高机体抗病力。,用户参考,food
KB0574,节气-大雪,SF0448,大雪,节气,冬,菜品,粥,大雪（12月6-8日）的食俗是喝粥。,用户参考,food
KB0575,节气-大雪,,大雪,节气,冬,食材汇总,大雪的食材,大雪（12月6-8日）的应季食材共 4 种：白萝卜、橄榄、橘子、牛肉。冷若雪团,用户参考,summary
KB0576,节气-大雪,,大雪,节气,冬,菜品汇总,大雪的菜品,大雪（12月6-8日）的食俗：大雪喝粥。,用户参考,summary
KB0577,节气-冬至,SF0418,冬至,节气,冬,食材,黑米,冬至（12月21-23日）宜吃黑米，暖呼呼的黑色补肾米。,用户参考,food
KB0578,节气-冬至,SF0419,冬至,节气,冬,食材,茼蒿,冬至（12月21-23日）宜吃茼蒿，迷魂香气征服各式火锅。,用户参考,food
KB0579,节气-冬至,SF0420,冬至,节气,冬,食材,大白菜,冬至（12月21-23日）宜吃大白菜，围炉煲汤的翠玉佳蔬。,用户参考,food
KB0580,节气-冬至,SF0421,冬至,节气,冬,食材,橙子,冬至（12月21-23日）宜吃橙子，黄澄澄的佳果老少咸宜。,用户参考,food
KB0581,节气-冬至,SF0422,冬至,节气,冬,菜品,饺子,冬至（12月21-23日）的食俗是吃饺子。,用户参考,food
KB0582,节气-冬至,,冬至,节气,冬,食材汇总,冬至的食材,冬至（12月21-23日）的应季食材共 4 种：黑米、茼蒿、大白菜、橙子。阴阳交替,用户参考,summary
KB0583,节气-冬至,,冬至,节气,冬,菜品汇总,冬至的菜品,冬至（12月21-23日）的食俗：冬至吃饺子。,用户参考,summary
KB0584,节气-小寒,SF0455,小寒,节气,冬,食材,葵花籽,小寒（1月5-7日）宜吃葵花籽，多多吃防止手脚皮肤干裂。,用户参考,food
KB0585,节气-小寒,SF0456,小寒,节气,冬,食材,黑豆,小寒（1月5-7日）宜吃黑豆，冬季刮起的黑色养生旋风。,用户参考,food
KB0586,节气-小寒,SF0457,小寒,节气,冬,食材,鲫鱼,小寒（1月5-7日）宜吃鲫鱼，清蒸或炖汤的补益鲜鱼。,用户参考,food
KB0587,节气-小寒,SF0458,小寒,节气,冬,食材,羊肉,小寒（1月5-7日）宜吃羊肉，眩晕冬季的贫血补充剂。,用户参考,food
KB0588,节气-小寒,SF0459,小寒,节气,冬,菜品,腊八粥,小寒（1月5-7日）的食俗是喝腊八粥。,用户参考,food
KB0589,节气-小寒,,小寒,节气,冬,食材汇总,小寒的食材,小寒（1月5-7日）的应季食材共 4 种：葵花籽、黑豆、鲫鱼、羊肉。寒邪入侵,用户参考,summary
KB0590,节气-小寒,,小寒,节气,冬,菜品汇总,小寒的菜品,小寒（1月5-7日）的食俗：小寒喝腊八粥。,用户参考,summary
KB0591,节气-大寒,SF0434,大寒,节气,冬,食材,葱,大寒（1月20-21日）宜吃葱，杀灭人体坏菌驱散寒气。,用户参考,food
KB0592,节气-大寒,SF0435,大寒,节气,冬,食材,四季豆,大寒（1月20-21日）宜吃四季豆，老饕私藏菜俘虏你味蕾。,用户参考,food
KB0593,节气-大寒,SF0436,大寒,节气,冬,食材,土豆,大寒（1月20-21日）宜吃土豆，诸神的营养冬之礼。,用户参考,food
KB0594,节气-大寒,SF0437,大寒,节气,冬,食材,红豆,大寒（1月20-21日）宜吃红豆，寄托食欲之冬的相思。,用户参考,food
KB0595,节气-大寒,SF0438,大寒,节气,冬,菜品,年糕,大寒（1月20-21日）的食俗是吃年糕。,用户参考,food
KB0596,节气-大寒,,大寒,节气,冬,食材汇总,大寒的食材,大寒（1月20-21日）的应季食材共 4 种：葱、四季豆、土豆、红豆。养精蓄锐,用户参考,summary
KB0597,节气-大寒,,大寒,节气,冬,菜品汇总,大寒的菜品,大寒（1月20-21日）的食俗：大寒吃年糕。,用户参考,summary
KB0598,节日-春节,SF0403,春节,节日,春,菜品,饺子,春节（农历正月初一）的传统菜品有饺子。,常识草稿,food
KB0599,节日-春节,SF0404,春节,节日,春,菜品,年糕,春节（农历正月初一）的传统菜品有年糕。,常识草稿,food
KB0600,节日-春节,SF0405,春节,节日,春,食材,鱼,春节（农历正月初一）的传统食材有鱼。,常识草稿,food
KB0601,节日-春节,,春节,节日,春,汇总,春节的应季食品,春节（农历正月初一）：年夜团圆饭，吃饺子、年糕、鱼。传统食品有：饺子、年糕、鱼。,常识草稿,summary
KB0602,节日-元宵节,SF0398,元宵节,节日,春,菜品,汤圆,元宵节（农历正月十五）的传统菜品有汤圆。,常识草稿,food
KB0603,节日-元宵节,SF0399,元宵节,节日,春,菜品,元宵,元宵节（农历正月十五）的传统菜品有元宵。,常识草稿,food
KB0604,节日-元宵节,,元宵节,节日,春,汇总,元宵节的应季食品,元宵节（农历正月十五）：吃汤圆、元宵，赏花灯。传统食品有：汤圆、元宵。,常识草稿,summary
KB0605,节日-龙抬头,SF0415,龙抬头,节日,春,菜品,春饼,龙抬头（农历二月初二）的传统菜品有春饼。,常识草稿,food
KB0606,节日-龙抬头,SF0416,龙抬头,节日,春,食材,猪头肉,龙抬头（农历二月初二）的传统食材有猪头肉。,常识草稿,food
KB0607,节日-龙抬头,SF0417,龙抬头,节日,春,菜品,龙须面,龙抬头（农历二月初二）的传统菜品有龙须面。,常识草稿,food
KB0608,节日-龙抬头,,龙抬头,节日,春,汇总,龙抬头的应季食品,龙抬头（农历二月初二）：吃春饼、猪头肉、龙须面。传统食品有：春饼、猪头肉、龙须面。,常识草稿,summary
KB0609,节日-寒食节,SF0400,寒食节,节日,春,菜品,青团,寒食节（清明前1-2日）的传统菜品有青团。,常识草稿,food
KB0610,节日-寒食节,,寒食节,节日,春,汇总,寒食节的应季食品,寒食节（清明前1-2日）：禁火吃冷食，江南吃青团。传统食品有：青团。,常识草稿,summary
KB0611,节日-端午节,SF0406,端午节,节日,夏,菜品,粽子,端午节（农历五月初五）的传统菜品有粽子。,常识草稿,food
KB0612,节日-端午节,SF0407,端午节,节日,夏,食材,艾草,端午节（农历五月初五）的传统食材有艾草。,常识草稿,food
KB0613,节日-端午节,,端午节,节日,夏,汇总,端午节的应季食品,端午节（农历五月初五）：吃粽子，挂艾草、菖蒲。传统食品有：粽子、艾草。,常识草稿,summary
KB0614,节日-七夕节,SF0391,七夕节,节日,秋,菜品,巧果,七夕节（农历七月初七）的传统菜品有巧果。,常识草稿,food
KB0615,节日-七夕节,SF0392,七夕节,节日,秋,菜品,面食,七夕节（农历七月初七）的传统菜品有面食。,常识草稿,food
KB0616,节日-七夕节,,七夕节,节日,秋,汇总,七夕节的应季食品,七夕节（农历七月初七）：吃巧果、面食。传统食品有：巧果、面食。,常识草稿,summary
KB0617,节日-中元节,SF0393,中元节,节日,秋,食材,鸭子,中元节（农历七月十五）的传统食材有鸭子。,常识草稿,food
KB0618,节日-中元节,,中元节,节日,秋,汇总,中元节的应季食品,中元节（农历七月十五）：吃鸭子。传统食品有：鸭子。,常识草稿,summary
KB0619,节日-中秋节,SF0394,中秋节,节日,秋,菜品,月饼,中秋节（农历八月十五）的传统菜品有月饼。,常识草稿,food
KB0620,节日-中秋节,SF0395,中秋节,节日,秋,食材,螃蟹,中秋节（农历八月十五）的传统食材有螃蟹。,常识草稿,food
KB0621,节日-中秋节,SF0396,中秋节,节日,秋,食材,芋头,中秋节（农历八月十五）的传统食材有芋头。,常识草稿,food
KB0622,节日-中秋节,SF0397,中秋节,节日,秋,食材,桂花,中秋节（农历八月十五）的传统食材有桂花。,常识草稿,food
KB0623,节日-中秋节,,中秋节,节日,秋,汇总,中秋节的应季食品,中秋节（农历八月十五）：吃月饼、螃蟹、芋头，饮桂花酒。传统食品有：月饼、螃蟹、芋头、桂花。,常识草稿,summary
KB0624,节日-重阳节,SF0410,重阳节,节日,秋,食材,菊花,重阳节（农历九月初九）的传统食材有菊花。,常识草稿,food
KB0625,节日-重阳节,SF0411,重阳节,节日,秋,菜品,重阳糕,重阳节（农历九月初九）的传统菜品有重阳糕。,常识草稿,food
KB0626,节日-重阳节,,重阳节,节日,秋,汇总,重阳节的应季食品,重阳节（农历九月初九）：登高，饮菊花酒，吃重阳糕。传统食品有：菊花、重阳糕。,常识草稿,summary
KB0627,节日-腊八节,SF0408,腊八节,节日,冬,菜品,腊八粥,腊八节（农历腊月初八）的传统菜品有腊八粥。,常识草稿,food
KB0628,节日-腊八节,SF0409,腊八节,节日,冬,菜品,腊八蒜,腊八节（农历腊月初八）的传统菜品有腊八蒜。,常识草稿,food
KB0629,节日-腊八节,,腊八节,节日,冬,汇总,腊八节的应季食品,腊八节（农历腊月初八）：喝腊八粥，腌腊八蒜。传统食品有：腊八粥、腊八蒜。,常识草稿,summary
KB0630,节日-小年,SF0401,小年,节日,冬,菜品,糖瓜,小年（农历腊月廿三）的传统菜品有糖瓜。,常识草稿,food
KB0631,节日-小年,SF0402,小年,节日,冬,菜品,饺子,小年（农历腊月廿三）的传统菜品有饺子。,常识草稿,food
KB0632,节日-小年,,小年,节日,冬,汇总,小年的应季食品,小年（农历腊月廿三）：祭灶，吃糖瓜、饺子。传统食品有：糖瓜、饺子。,常识草稿,summary
KB0633,节日-除夕,SF0412,除夕,节日,冬,菜品,饺子,除夕（农历腊月最后一天）的传统菜品有饺子。,常识草稿,food
KB0634,节日-除夕,SF0413,除夕,节日,冬,食材,鱼,除夕（农历腊月最后一天）的传统食材有鱼。,常识草稿,food
KB0635,节日-除夕,SF0414,除夕,节日,冬,菜品,年糕,除夕（农历腊月最后一天）的传统菜品有年糕。,常识草稿,food
KB0636,节日-除夕,,除夕,节日,冬,汇总,除夕的应季食品,除夕（农历腊月最后一天）：年夜饭，吃饺子、鱼、年糕。传统食品有：饺子、鱼、年糕。,常识草稿,summary
