name,reason
盐,非食材名（碎片/截断）
水,非食材名（碎片/截断）
糖,非食材名（碎片/截断）
油,非食材名（碎片/截断）
虾,非食材名（碎片/截断）
醋,非食材名（碎片/截断）
粉,非食材名（碎片/截断）
菜,非食材名（碎片/截断）
鸡,非食材名（碎片/截断）
面,非食材名（碎片/截断）
角,非食材名（碎片/截断）
酱,非食材名（碎片/截断）
红,非食材名（碎片/截断）
肉,非食材名（碎片/截断）
料,非食材名（碎片/截断）
香,非食材名（碎片/截断）
酒,非食材名（碎片/截断）
牙签,非食材名（碎片/截断）
骨,非食材名（碎片/截断）
碎,非食材名（碎片/截断）
保鲜膜,非食材名（碎片/截断）
牛,非食材名（碎片/截断）
鱼,非食材名（碎片/截断）
奶,非食材名（碎片/截断）
锡纸,非食材名（碎片/截断）
梨,非食材名（碎片/截断）
香料,非食材名（碎片/截断）
合,非食材名（碎片/截断）
无花果干,非食材名（碎片/截断）
黑,非食材名（碎片/截断）
……,非食材名（碎片/截断）
白,非食材名（碎片/截断）
黄,非食材名（碎片/截断）
汁,非食材名（碎片/截断）
纱布,非食材名（碎片/截断）
段,非食材名（碎片/截断）
油纸,非食材名（碎片/截断）
子,非食材名（碎片/截断）
半,非食材名（碎片/截断）
烤盘,非食材名（碎片/截断）
青,非食材名（碎片/截断）
竹签,非食材名（碎片/截断）
鸭,非食材名（碎片/截断）
磅,非食材名（碎片/截断）
...,非食材名（碎片/截断）
猪,非食材名（碎片/截断）
丝,非食材名（碎片/截断）
笋,非食材名（碎片/截断）
饭,非食材名（碎片/截断）
豆,非食材名（碎片/截断）
刮刀,非食材名（碎片/截断）
中,非食材名（碎片/截断）
肠,非食材名（碎片/截断）
蟹,非食材名（碎片/截断）
绿,非食材名（碎片/截断）
元,非食材名（碎片/截断）
沙司,非食材名（碎片/截断）
冰,非食材名（碎片/截断）
…………,非食材名（碎片/截断）
泥,非食材名（碎片/截断）
¹,非食材名（碎片/截断）
硅油纸,非食材名（碎片/截断）
棉绳,非食材名（碎片/截断）
归,非食材名（碎片/截断）
干,非食材名（碎片/截断）
橙,非食材名（碎片/截断）
各,非食材名（碎片/截断）
菇,非食材名（碎片/截断）
排,非食材名（碎片/截断）
……………………,非食材名（碎片/截断）
汤,非食材名（碎片/截断）
.糖,非食材名（碎片/截断）
饼,非食材名（碎片/截断）
手套,非食材名（碎片/截断）
粉粉,非食材名（碎片/截断）
油布,非食材名（碎片/截断）
..,非食材名（碎片/截断）
低,非食材名（碎片/截断）
卡,非食材名（碎片/截断）
........,非食材名（碎片/截断）
量,非食材名（碎片/截断）
鹅,非食材名（碎片/截断）
......,非食材名（碎片/截断）
粥,非食材名（碎片/截断）
枚,非食材名（碎片/截断）
饰,非食材名（碎片/截断）
鹽,非食材名（碎片/截断）
碱,非食材名（碎片/截断）
吸油纸,非食材名（碎片/截断）
茶,非食材名（碎片/截断）
锅,非食材名（碎片/截断）
草绳,非食材名（碎片/截断）
麦,非食材名（碎片/截断）
吧,非食材名（碎片/截断）
儿,非食材名（碎片/截断）
烘焙纸,非食材名（碎片/截断）
鲜,非食材名（碎片/截断）
爱,非食材名（碎片/截断）
生,非食材名（碎片/截断）
深黑可可粉,非食材名（碎片/截断）
心,非食材名（碎片/截断）
盆,非食材名（碎片/截断）
蔥,非食材名（碎片/截断）
人,非食材名（碎片/截断）
‼️,非食材名（碎片/截断）
～盐,非食材名（碎片/截断）
末,非食材名（碎片/截断）
叶,非食材名（碎片/截断）
高,非食材名（碎片/截断）
膏,非食材名（碎片/截断）
绳,非食材名（碎片/截断）
菜类,非食材名（碎片/截断）
味,非食材名（碎片/截断）
支,非食材名（碎片/截断）
.盐,非食材名（碎片/截断）
半水,非食材名（碎片/截断）
粗,非食材名（碎片/截断）
节,非食材名（碎片/截断）
干无花果,非食材名（碎片/截断）
甜,非食材名（碎片/截断）
制品,非食材名（碎片/截断）
腿,非食材名（碎片/截断）
油》,非食材名（碎片/截断）
精,非食材名（碎片/截断）
丁,非食材名（碎片/截断）
>料,非食材名（碎片/截断）
…,非食材名（碎片/截断）
三,非食材名（碎片/截断）
一,非食材名（碎片/截断）
皮,非食材名（碎片/截断）
椒,非食材名（碎片/截断）
中宝,非食材名（碎片/截断）
～水,非食材名（碎片/截断）
刀,非食材名（碎片/截断）
面肥,非食材名（碎片/截断）
白葱,非食材名（碎片/截断）
月鲜,非食材名（碎片/截断）
线,非食材名（碎片/截断）
装,非食材名（碎片/截断）
盖,非食材名（碎片/截断）
粉……,非食材名（碎片/截断）
-水,非食材名（碎片/截断）
/片,非食材名（碎片/截断）
奈,非食材名（碎片/截断）
“”,非食材名（碎片/截断）
等…,非食材名（碎片/截断）
温,非食材名（碎片/截断）
麻绳,非食材名（碎片/截断）
洋酒,非食材名（碎片/截断）
茄,非食材名（碎片/截断）
没,非食材名（碎片/截断）
可,非食材名（碎片/截断）
无,非食材名（碎片/截断）
羊,非食材名（碎片/截断）
/个,非食材名（碎片/截断）
抽,非食材名（碎片/截断）
.....,非食材名（碎片/截断）
碟,非食材名（碎片/截断）
蜜,非食材名（碎片/截断）
油.,非食材名（碎片/截断）
小段,非食材名（碎片/截断）
個,非食材名（碎片/截断）
成粉,非食材名（碎片/截断）
茴,非食材名（碎片/截断）
参,非食材名（碎片/截断）
筋,非食材名（碎片/截断）
料］,非食材名（碎片/截断）
皮》,非食材名（碎片/截断）
紫,非食材名（碎片/截断）
抓,非食材名（碎片/截断）
厨师机,非食材名（碎片/截断）
张,非食材名（碎片/截断）
·盐,非食材名（碎片/截断）
~油,非食材名（碎片/截断）
冷,非食材名（碎片/截断）
嫩,非食材名（碎片/截断）
沫,非食材名（碎片/截断）
馅》,非食材名（碎片/截断）
盏,非食材名（碎片/截断）
冻,非食材名（碎片/截断）
四,非食材名（碎片/截断）
酸,非食材名（碎片/截断）
瓜,非食材名（碎片/截断）
馍,非食材名（碎片/截断）
老,非食材名（碎片/截断）
草,非食材名（碎片/截断）
蛏,非食材名（碎片/截断）
薑,非食材名（碎片/截断）
.水,非食材名（碎片/截断）
唐,非食材名（碎片/截断）
圈,非食材名（碎片/截断）
砂,非食材名（碎片/截断）
筋面粉,非食材名（碎片/截断）
加,非食材名（碎片/截断）
山粉,非食材名（碎片/截断）
柠,非食材名（碎片/截断）
汁.,非食材名（碎片/截断）
喜,非食材名（碎片/截断）
辣,非食材名（碎片/截断）
具,非食材名（碎片/截断）
啦,非食材名（碎片/截断）
約,非食材名（碎片/截断）
细绳,非食材名（碎片/截断）
祘,非食材名（碎片/截断）
馅,非食材名（碎片/截断）
放,非食材名（碎片/截断）
手,非食材名（碎片/截断）
头,非食材名（碎片/截断）
馅＃,非食材名（碎片/截断）
菇粉,非食材名（碎片/截断）
-盐,非食材名（碎片/截断）
就,非食材名（碎片/截断）
种,非食材名（碎片/截断）
筷,非食材名（碎片/截断）
蓝,非食材名（碎片/截断）
籽,非食材名（碎片/截断）
好,非食材名（碎片/截断）
.......,非食材名（碎片/截断）
……水,非食材名（碎片/截断）
#水,非食材名（碎片/截断）
/粒,非食材名（碎片/截断）
酱》,非食材名（碎片/截断）
屑,非食材名（碎片/截断）
油……,非食材名（碎片/截断）
料……,非食材名（碎片/截断）
软,非食材名（碎片/截断）
行水,非食材名（碎片/截断）
....,非食材名（碎片/截断）
等……,非食材名（碎片/截断）
”......,非食材名（碎片/截断）
粉］,非食材名（碎片/截断）
···,非食材名（碎片/截断）
次,非食材名（碎片/截断）
结,非食材名（碎片/截断）
滤网,非食材名（碎片/截断）
全,非食材名（碎片/截断）
荚,非食材名（碎片/截断）
.,非食材名（碎片/截断）
翅,非食材名（碎片/截断）
°,非食材名（碎片/截断）
网,非食材名（碎片/截断）
尖,非食材名（碎片/截断）
了,非食材名（碎片/截断）
陷,非食材名（碎片/截断）
糕,非食材名（碎片/截断）
等,非食材名（碎片/截断）
糠,非食材名（碎片/截断）
麻,非食材名（碎片/截断）
-午,非食材名（碎片/截断）
.馅,非食材名（碎片/截断）
－水,非食材名（碎片/截断）
桶,非食材名（碎片/截断）
蚬,非食材名（碎片/截断）
桃,非食材名（碎片/截断）
备,非食材名（碎片/截断）
熟,非食材名（碎片/截断）
…盐,非食材名（碎片/截断）
或,非食材名（碎片/截断）
模,非食材名（碎片/截断）
蒙,非食材名（碎片/截断）
纸,非食材名（碎片/截断）
蚝,非食材名（碎片/截断）
兔,非食材名（碎片/截断）
/条,非食材名（碎片/截断）
/盐,非食材名（碎片/截断）
”量,非食材名（碎片/截断）
耳,非食材名（碎片/截断）
……馅,非食材名（碎片/截断）
束,非食材名（碎片/截断）
花,非食材名（碎片/截断）
／盐,非食材名（碎片/截断）
截,非食材名（碎片/截断）
………………,非食材名（碎片/截断）
菜》,非食材名（碎片/截断）
䓤,非食材名（碎片/截断）
尾,非食材名（碎片/截断）
羌,非食材名（碎片/截断）
管,非食材名（碎片/截断）
灯,非食材名（碎片/截断）
茄膏,非食材名（碎片/截断）
粉圆,非食材名（碎片/截断）
》水,非食材名（碎片/截断）
不,非食材名（碎片/截断）
馕,非食材名（碎片/截断）
牙,非食材名（碎片/截断）
芹,非食材名（碎片/截断）
酥,非食材名（碎片/截断）
酱……,非食材名（碎片/截断）
堆,非食材名（碎片/截断）
》糖,非食材名（碎片/截断）
芡,非食材名（碎片/截断）
粑,非食材名（碎片/截断）
粉》,非食材名（碎片/截断）
泥》,非食材名（碎片/截断）
盐.,非食材名（碎片/截断）
哦,非食材名（碎片/截断）
塩,非食材名（碎片/截断）
①,非食材名（碎片/截断）
②,非食材名（碎片/截断）
③,非食材名（碎片/截断）
酱”,非食材名（碎片/截断）
蚌,非食材名（碎片/截断）
度,非食材名（碎片/截断）
薯,非食材名（碎片/截断）
冬,非食材名（碎片/截断）
选,非食材名（碎片/截断）
酱＃,非食材名（碎片/截断）
／水,非食材名（碎片/截断）
料……………,非食材名（碎片/截断）
／粉,非食材名（碎片/截断）
烤网,非食材名（碎片/截断）
素,非食材名（碎片/截断）
__,非食材名（碎片/截断）
湿,非食材名（碎片/截断）
果,非食材名（碎片/截断）
壳粉,非食材名（碎片/截断）
棒,非食材名（碎片/截断）
'糖,非食材名（碎片/截断）
浆,非食材名（碎片/截断）
谁,非食材名（碎片/截断）
胡,非食材名（碎片/截断）
………,非食材名（碎片/截断）
·糖,非食材名（碎片/截断）
-油,非食材名（碎片/截断）
品鲜,非食材名（碎片/截断）
卖,非食材名（碎片/截断）
杆,非食材名（碎片/截断）
捏,非食材名（碎片/截断）
法”,非食材名（碎片/截断）
————————,非食材名（碎片/截断）
状,非食材名（碎片/截断）
菜精,非食材名（碎片/截断）
要,非食材名（碎片/截断）
前,非食材名（碎片/截断）
.油,非食材名（碎片/截断）
裹,非食材名（碎片/截断）
粉※,非食材名（碎片/截断）
”酱,非食材名（碎片/截断）
时,非食材名（碎片/截断）
体,非食材名（碎片/截断）
盐……,非食材名（碎片/截断）
蛋……,非食材名（碎片/截断）
—水,非食材名（碎片/截断）
］水,非食材名（碎片/截断）
粒》,非食材名（碎片/截断）
料《,非食材名（碎片/截断）
”糖,非食材名（碎片/截断）
对,非食材名（碎片/截断）
壶,非食材名（碎片/截断）
朵,非食材名（碎片/截断）
色,非食材名（碎片/截断）
条”,非食材名（碎片/截断）
丁.,非食材名（碎片/截断）
情,非食材名（碎片/截断）
带,非食材名（碎片/截断）
肚,非食材名（碎片/截断）
………水,非食材名（碎片/截断）
北,非食材名（碎片/截断）
胖,非食材名（碎片/截断）
体》,非食材名（碎片/截断）
水］,非食材名（碎片/截断）
＊＊,非食材名（碎片/截断）
食,非食材名（碎片/截断）
丸,非食材名（碎片/截断）
酱…,非食材名（碎片/截断）
#糖,非食材名（碎片/截断）
凉,非食材名（碎片/截断）
粉…,非食材名（碎片/截断）
细,非食材名（碎片/截断）
苦,非食材名（碎片/截断）
布,非食材名（碎片/截断）
搓,非食材名（碎片/截断）
.蛋,非食材名（碎片/截断）
.醋,非食材名（碎片/截断）
烤,非食材名（碎片/截断）
粉...,非食材名（碎片/截断）
....盐,非食材名（碎片/截断）
...肉,非食材名（碎片/截断）
麵,非食材名（碎片/截断）
点》,非食材名（碎片/截断）
壳,非食材名（碎片/截断）
坨,非食材名（碎片/截断）
糖》,非食材名（碎片/截断）
豆”,非食材名（碎片/截断）
斤,非食材名（碎片/截断）
顆,非食材名（碎片/截断）
方》,非食材名（碎片/截断）
·油,非食材名（碎片/截断）
”配方,非食材名（碎片/截断）
”层,非食材名（碎片/截断）
热,非食材名（碎片/截断）
~盐,非食材名（碎片/截断）
厅,非食材名（碎片/截断）
※盐,非食材名（碎片/截断）
重,非食材名（碎片/截断）
~糖,非食材名（碎片/截断）
…水,非食材名（碎片/截断）
号,非食材名（碎片/截断）
菇.,非食材名（碎片/截断）
懒,非食材名（碎片/截断）
眼,非食材名（碎片/截断）
料”,非食材名（碎片/截断）
..油,非食材名（碎片/截断）
粉.,非食材名（碎片/截断）
口……,非食材名（碎片/截断）
桂,非食材名（碎片/截断）
糊”,非食材名（碎片/截断）
宝,非食材名（碎片/截断）
酱］,非食材名（碎片/截断）
·料,非食材名（碎片/截断）
书》,非食材名（碎片/截断）
斯＞,非食材名（碎片/截断）
短,非食材名（碎片/截断）
狗,非食材名（碎片/截断）
~米,非食材名（碎片/截断）
/块,非食材名（碎片/截断）
干”,非食材名（碎片/截断）
脂牛奶,非食材名（碎片/截断）
塊,非食材名（碎片/截断）
粉......,非食材名（碎片/截断）
肥,非食材名（碎片/截断）
椒……,非食材名（碎片/截断）
＞糖,非食材名（碎片/截断）
橘,非食材名（碎片/截断）
纯,非食材名（碎片/截断）
使',非食材名（碎片/截断）
-/个,非食材名（碎片/截断）
苹,非食材名（碎片/截断）
～醋,非食材名（碎片/截断）
～糖,非食材名（碎片/截断）
棵,非食材名（碎片/截断）
腊,非食材名（碎片/截断）
淡,非食材名（碎片/截断）
谷,非食材名（碎片/截断）
／酱,非食材名（碎片/截断）
料－－－,非食材名（碎片/截断）
*盐,非食材名（碎片/截断）
干》,非食材名（碎片/截断）
菜”,非食材名（碎片/截断）
球,非食材名（碎片/截断）
－－－－－－－,非食材名（碎片/截断）
整,非食材名（碎片/截断）
配方,非食材名（碎片/截断）
她,非食材名（碎片/截断）
苗,非食材名（碎片/截断）
毛,非食材名（碎片/截断）
丨,非食材名（碎片/截断）
日,非食材名（碎片/截断）
多,非食材名（碎片/截断）
腩,非食材名（碎片/截断）
蓉,非食材名（碎片/截断）
舂,非食材名（碎片/截断）
共,非食材名（碎片/截断）
*水,非食材名（碎片/截断）
*糖,非食材名（碎片/截断）
*酒,非食材名（碎片/截断）
我,非食材名（碎片/截断）
干……,非食材名（碎片/截断）
－盐,非食材名（碎片/截断）
体＊,非食材名（碎片/截断）
麸,非食材名（碎片/截断）
小姜,非食材名（碎片/截断）
-晚,非食材名（碎片/截断）
长,非食材名（碎片/截断）
缘,非食材名（碎片/截断）
煎,非食材名（碎片/截断）
烟,非食材名（碎片/截断）
您,非食材名（碎片/截断）
买,非食材名（碎片/截断）
椰,非食材名（碎片/截断）
监,非食材名（碎片/截断）
聪,非食材名（碎片/截断）
底,非食材名（碎片/截断）
柑,非食材名（碎片/截断）
已,非食材名（碎片/截断）
鹰,非食材名（碎片/截断）
洋,非食材名（碎片/截断）
起,非食材名（碎片/截断）
蝦,非食材名（碎片/截断）
瘩,非食材名（碎片/截断）
叉,非食材名（碎片/截断）
子叶,非食材名（碎片/截断）
略,非食材名（碎片/截断）
茄沙司,非食材名（碎片/截断）
还,非食材名（碎片/截断）
挞,非食材名（碎片/截断）
鳝,非食材名（碎片/截断）
器,非食材名（碎片/截断）
撕,非食材名（碎片/截断）
－糖,非食材名（碎片/截断）
_糖,非食材名（碎片/截断）
咸,非食材名（碎片/截断）
呃,非食材名（碎片/截断）
...水,非食材名（碎片/截断）
另,非食材名（碎片/截断）
■盐,非食材名（碎片/截断）
鸦,非食材名（碎片/截断）
糯,非食材名（碎片/截断）
附,非食材名（碎片/截断）
鲍,非食材名（碎片/截断）
螺,非食材名（碎片/截断）
掰,非食材名（碎片/截断）
称,非食材名（碎片/截断）
呐,非食材名（碎片/截断）
吃,非食材名（碎片/截断）
愛,非食材名（碎片/截断）
洒,非食材名（碎片/截断）
欢,非食材名（碎片/截断）
夏,非食材名（碎片/截断）
扣,非食材名（碎片/截断）
㈠,非食材名（碎片/截断）
㈡,非食材名（碎片/截断）
拌,非食材名（碎片/截断）
硒,非食材名（碎片/截断）
铁,非食材名（碎片/截断）
筋粉,非食材名（碎片/截断）
汁……,非食材名（碎片/截断）
雞,非食材名（碎片/截断）
家,非食材名（碎片/截断）
ง,非食材名（碎片/截断）
后,非食材名（碎片/截断）
贝,非食材名（碎片/截断）
蛹,非食材名（碎片/截断）
＿水,非食材名（碎片/截断）
＿盐,非食材名（碎片/截断）
蒿,非食材名（碎片/截断）
桅,非食材名（碎片/截断）
泡,非食材名（碎片/截断）
撒,非食材名（碎片/截断）
飯,非食材名（碎片/截断）
切,非食材名（碎片/截断）
菱,非食材名（碎片/截断）
原,非食材名（碎片/截断）
條,非食材名（碎片/截断）
是,非食材名（碎片/截断）
猫,非食材名（碎片/截断）
月,非食材名（碎片/截断）
间,非食材名（碎片/截断）
-小,非食材名（碎片/截断）
水.,非食材名（碎片/截断）
肝,非食材名（碎片/截断）
薄,非食材名（碎片/截断）
△盐,非食材名（碎片/截断）
油＃,非食材名（碎片/截断）
啥,非食材名（碎片/截断）
碳,非食材名（碎片/截断）
啊,非食材名（碎片/截断）
藠,非食材名（碎片/截断）
芋,非食材名（碎片/截断）
卤,非食材名（碎片/截断）
机,非食材名（碎片/截断）
话,非食材名（碎片/截断）
先,非食材名（碎片/截断）
慢,非食材名（碎片/截断）
Ａ,非食材名（碎片/截断）
塘,非食材名（碎片/截断）
都,非食材名（碎片/截断）
分,非食材名（碎片/截断）
瘦,非食材名（碎片/截断）
_梨,非食材名（碎片/截断）
针,非食材名（碎片/截断）
叁,非食材名（碎片/截断）
④,非食材名（碎片/截断）
－梨,非食材名（碎片/截断）
待,非食材名（碎片/截断）
火,非食材名（碎片/截断）
嗯,非食材名（碎片/截断）
饭料,非食材名（碎片/截断）
肉...,非食材名（碎片/截断）
春,非食材名（碎片/截断）
秋,非食材名（碎片/截断）
提,非食材名（碎片/截断）
笔,非食材名（碎片/截断）
醂,非食材名（碎片/截断）
.鹽,非食材名（碎片/截断）
算,非食材名（碎片/截断）
吓,非食材名（碎片/截断）
蚕,非食材名（碎片/截断）
－鸡,非食材名（碎片/截断）
如,非食材名（碎片/截断）
糟,非食材名（碎片/截断）
.香料,非食材名（碎片/截断）
.粥,非食材名（碎片/截断）
.面,非食材名（碎片/截断）
.饭,非食材名（碎片/截断）
.汤,非食材名（碎片/截断）
额,非食材名（碎片/截断）
糖.,非食材名（碎片/截断）
调,非食材名（碎片/截断）
派,非食材名（碎片/截断）
帘,非食材名（碎片/截断）
頭,非食材名（碎片/截断）
汁］,非食材名（碎片/截断）
躺,非食材名（碎片/截断）
成,非食材名（碎片/截断）
炎,非食材名（碎片/截断）
粿,非食材名（碎片/截断）
边《《《,非食材名（碎片/截断）
栗,非食材名（碎片/截断）
蛇,非食材名（碎片/截断）
龟,非食材名（碎片/截断）
鳖,非食材名（碎片/截断）
母,非食材名（碎片/截断）
梘,非食材名（碎片/截断）
葁,非食材名（碎片/截断）
－醋,非食材名（碎片/截断）
萝,非食材名（碎片/截断）
木签,非食材名（碎片/截断）
……面……,非食材名（碎片/截断）
此,非食材名（碎片/截断）
绺,非食材名（碎片/截断）
宽,非食材名（碎片/截断）
.-虾,非食材名（碎片/截断）
炒,非食材名（碎片/截断）
腐,非食材名（碎片/截断）
上,非食材名（碎片/截断）
蛙,非食材名（碎片/截断）
汁·,非食材名（碎片/截断）
渣,非食材名（碎片/截断）
蒸,非食材名（碎片/截断）
＜水,非食材名（碎片/截断）
▲盐,非食材名（碎片/截断）
馒,非食材名（碎片/截断）
早,非食材名（碎片/截断）
血,非食材名（碎片/截断）
腦,非食材名（碎片/截断）
馅＊＊,非食材名（碎片/截断）
焗,非食材名（碎片/截断）
炸,非食材名（碎片/截断）
膜,非食材名（碎片/截断）
麹,非食材名（碎片/截断）
艾,非食材名（碎片/截断）
嘴,非食材名（碎片/截断）
．盐,非食材名（碎片/截断）
－酒,非食材名（碎片/截断）
.明虾,非食材名（碎片/截断）
.纱布,非食材名（碎片/截断）
霜》,非食材名（碎片/截断）
盎,非食材名（碎片/截断）
从,非食材名（碎片/截断）
／菜,非食材名（碎片/截断）
入,非食材名（碎片/截断）
盐_,非食材名（碎片/截断）
言,非食材名（碎片/截断）
厚,非食材名（碎片/截断）
'油,非食材名（碎片/截断）
#馅,非食材名（碎片/截断）
路,非食材名（碎片/截断）
捡,非食材名（碎片/截断）
／醋,非食材名（碎片/截断）
醋.,非食材名（碎片/截断）
也,非食材名（碎片/截断）
鼎,非食材名（碎片/截断）
哈,非食材名（碎片/截断）
'盐,非食材名（碎片/截断）
丼,非食材名（碎片/截断）
.皮,非食材名（碎片/截断）
篆,非食材名（碎片/截断）
面…,非食材名（碎片/截断）
鴨,非食材名（碎片/截断）
脚,非食材名（碎片/截断）
饺,非食材名（碎片/截断）
胃,非食材名（碎片/截断）
菌,非食材名（碎片/截断）
.鸡,非食材名（碎片/截断）
丅,非食材名（碎片/截断）
料.,非食材名（碎片/截断）
葫,非食材名（碎片/截断）
-皮,非食材名（碎片/截断）
……盐,非食材名（碎片/截断）
土,非食材名（碎片/截断）
……青,非食材名（碎片/截断）
盐…,非食材名（碎片/截断）
_虾,非食材名（碎片/截断）
魚,非食材名（碎片/截断）
钱,非食材名（碎片/截断）
■水,非食材名（碎片/截断）
取,非食材名（碎片/截断）
醣,非食材名（碎片/截断）
粮,非食材名（碎片/截断）
煮,非食材名（碎片/截断）
蓟,非食材名（碎片/截断）
肋,非食材名（碎片/截断）
托,非食材名（碎片/截断）
蚵,非食材名（碎片/截断）
酷,非食材名（碎片/截断）
苍,非食材名（碎片/截断）
柿,非食材名（碎片/截断）
亲,非食材名（碎片/截断）
看,非食材名（碎片/截断）
图,非食材名（碎片/截断）
学,非食材名（碎片/截断）
做,非食材名（碎片/截断）
主,非食材名（碎片/截断）
－虾,非食材名（碎片/截断）
鸽,非食材名（碎片/截断）
蜆,非食材名（碎片/截断）
秤,非食材名（碎片/截断）
怱,非食材名（碎片/截断）
瓜.,非食材名（碎片/截断）
蝉,非食材名（碎片/截断）
奖,非食材名（碎片/截断）
毒,非食材名（碎片/截断）
珺,非食材名（碎片/截断）
肺,非食材名（碎片/截断）
……米,非食材名（碎片/截断）
艳,非食材名（碎片/截断）
汁》,非食材名（碎片/截断）
量＃,非食材名（碎片/截断）
你,非食材名（碎片/截断）
书,非食材名（碎片/截断）
酱－,非食材名（碎片/截断）
莓,非食材名（碎片/截断）
秃,非食材名（碎片/截断）
坯,非食材名（碎片/截断）
多……,非食材名（碎片/截断）
顶,非食材名（碎片/截断）
.酒,非食材名（碎片/截断）
买…,非食材名（碎片/截断）
豆.,非食材名（碎片/截断）
自,非食材名（碎片/截断）
/瓶,非食材名（碎片/截断）
容,非食材名（碎片/截断）
龙,非食材名（碎片/截断）
插,非食材名（碎片/截断）
糖……,非食材名（碎片/截断）
致,非食材名（碎片/截断）
茸,非食材名（碎片/截断）
-馅,非食材名（碎片/截断）
鰹,非食材名（碎片/截断）
醋※,非食材名（碎片/截断）
糖※,非食材名（碎片/截断）
盐※,非食材名（碎片/截断）
香碎,非食材名（碎片/截断）
种》,非食材名（碎片/截断）
耦,非食材名（碎片/截断）
莱,非食材名（碎片/截断）
比,非食材名（碎片/截断）
…油,非食材名（碎片/截断）
.糊,非食材名（碎片/截断）
骨·,非食材名（碎片/截断）
〇,非食材名（碎片/截断）
耗,非食材名（碎片/截断）
签,非食材名（碎片/截断）
腌,非食材名（碎片/截断）
榶,非食材名（碎片/截断）
《🉑》,非食材名（碎片/截断）
盬,非食材名（碎片/截断）
揉,非食材名（碎片/截断）
每,非食材名（碎片/截断）
莲,非食材名（碎片/截断）
_油,非食材名（碎片/截断）
喵,非食材名（碎片/截断）
鲎,非食材名（碎片/截断）
剂,非食材名（碎片/截断）
糊,非食材名（碎片/截断）
享,非食材名（碎片/截断）
驴,非食材名（碎片/截断）
将,非食材名（碎片/截断）
鲞,非食材名（碎片/截断）
梅,非食材名（碎片/截断）
烫,非食材名（碎片/截断）
.鱼,非食材名（碎片/截断）
想,非食材名（碎片/截断）
囧,非食材名（碎片/截断）
《不,非食材名（碎片/截断）
请,非食材名（碎片/截断）
西,非食材名（碎片/截断）
氧,非食材名（碎片/截断）
蕌,非食材名（碎片/截断）
茐,非食材名（碎片/截断）
年,非食材名（碎片/截断）
桨,非食材名（碎片/截断）
筛,非食材名（碎片/截断）
荽,非食材名（碎片/截断）
△酒,非食材名（碎片/截断）
△水,非食材名（碎片/截断）
卵,非食材名（碎片/截断）
葛,非食材名（碎片/截断）
极,非食材名（碎片/截断）
……鸭,非食材名（碎片/截断）
理,非食材名（碎片/截断）
糜,非食材名（碎片/截断）
荵,非食材名（碎片/截断）
喷,非食材名（碎片/截断）
酪,非食材名（碎片/截断）
胚,非食材名（碎片/截断）
仙,非食材名（碎片/截断）
淙,非食材名（碎片/截断）
散,非食材名（碎片/截断）
字,非食材名（碎片/截断）
柴,非食材名（碎片/截断）
蛋”,非食材名（碎片/截断）
……糖,非食材名（碎片/截断）
粄,非食材名（碎片/截断）
据,非食材名（碎片/截断）
꿀,非食材名（碎片/截断）
鸡.,非食材名（碎片/截断）
翼,非食材名（碎片/截断）
刷,非食材名（碎片/截断）
#量,非食材名（碎片/截断）
风,非食材名（碎片/截断）
>水,非食材名（碎片/截断）
水＿,非食材名（碎片/截断）
美,非食材名（碎片/截断）
荞,非食材名（碎片/截断）
汤”,非食材名（碎片/截断）
－－,非食材名（碎片/截断）
材,非食材名（碎片/截断）
／片,非食材名（碎片/截断）
丶,非食材名（碎片/截断）
羹,非食材名（碎片/截断）
杞,非食材名（碎片/截断）
售,非食材名（碎片/截断）
包》,非食材名（碎片/截断）
矾,非食材名（碎片/截断）
这,非食材名（碎片/截断）
里,非食材名（碎片/截断）
缸,非食材名（碎片/截断）
跟,非食材名（碎片/截断）
－碱,非食材名（碎片/截断）
面》,非食材名（碎片/截断）
俩,非食材名（碎片/截断）
必,非食材名（碎片/截断）
－无花果干,非食材名（碎片/截断）
鲆,非食材名（碎片/截断）
版,非食材名（碎片/截断）
淀,非食材名（碎片/截断）
鸡《》,非食材名（碎片/截断）
砸,非食材名（碎片/截断）
栆,非食材名（碎片/截断）
枧,非食材名（碎片/截断）
第,非食材名（碎片/截断）
..水,非食材名（碎片/截断）
－基围虾,非食材名（碎片/截断）
－油,非食材名（碎片/截断）
］盐,非食材名（碎片/截断）
嗨,非食材名（碎片/截断）
佳,非食材名（碎片/截断）
具”,非食材名（碎片/截断）
…糖,非食材名（碎片/截断）
酱...,非食材名（碎片/截断）
脑,非食材名（碎片/截断）
-干,非食材名（碎片/截断）
△糖,非食材名（碎片/截断）
桔,非食材名（碎片/截断）
错,非食材名（碎片/截断）
犁,非食材名（碎片/截断）
＞油,非食材名（碎片/截断）
塔,非食材名（碎片/截断）
__水,非食材名（碎片/截断）
客,非食材名（碎片/截断）
裱,非食材名（碎片/截断）
肉…,非食材名（碎片/截断）
海,非食材名（碎片/截断）
例,非食材名（碎片/截断）
喝,非食材名（碎片/截断）
筍,非食材名（碎片/截断）
盘,非食材名（碎片/截断）
.肉,非食材名（碎片/截断）
煲,非食材名（碎片/截断）
仅,非食材名（碎片/截断）
足,非食材名（碎片/截断）
......啊,非食材名（碎片/截断）
蕨,非食材名（碎片/截断）
油',非食材名（碎片/截断）
乎,非食材名（碎片/截断）
惹,非食材名（碎片/截断）
均,非食材名（碎片/截断）
硝,非食材名（碎片/截断）
牙签…,非食材名（碎片/截断）
鳗,非食材名（碎片/截断）
.保鲜膜,非食材名（碎片/截断）
注,非食材名（碎片/截断）
胚］,非食材名（碎片/截断）
宜,非食材名（碎片/截断）
/份,非食材名（碎片/截断）
苕,非食材名（碎片/截断）
鬼,非食材名（碎片/截断）
茎,非食材名（碎片/截断）
层,非食材名（碎片/截断）
糖...,非食材名（碎片/截断）
忽,非食材名（碎片/截断）
僵,非食材名（碎片/截断）
蚶,非食材名（碎片/截断）
亦,非食材名（碎片/截断）
口,非食材名（碎片/截断）
总,非食材名（碎片/截断）
沒,非食材名（碎片/截断）
椒…,非食材名（碎片/截断）
胚＃,非食材名（碎片/截断）
”盐,非食材名（碎片/截断）
盐',非食材名（碎片/截断）
茹,非食材名（碎片/截断）
君,非食材名（碎片/截断）
皮＊,非食材名（碎片/截断）
疆,非食材名（碎片/截断）
钵,非食材名（碎片/截断）
岩,非食材名（碎片/截断）
田,非食材名（碎片/截断）
姑,非食材名（碎片/截断）
娘,非食材名（碎片/截断）
滚,非食材名（碎片/截断）
花果干,非食材名（碎片/截断）
儿……,非食材名（碎片/截断）
和,非食材名（碎片/截断）
／面,非食材名（碎片/截断）
清,非食材名（碎片/截断）
完,非食材名（碎片/截断）
液＊,非食材名（碎片/截断）
章,非食材名（碎片/截断）
酵,非食材名（碎片/截断）
党,非食材名（碎片/截断）
鲫,非食材名（碎片/截断）
水...,非食材名（碎片/截断）
措,非食材名（碎片/截断）
圆,非食材名（碎片/截断）
曲,非食材名（碎片/截断）
.爱,非食材名（碎片/截断）
.心,非食材名（碎片/截断）
席,非食材名（碎片/截断）
啤,非食材名（碎片/截断）
炖,非食材名（碎片/截断）
玉,非食材名（碎片/截断）
减,非食材名（碎片/截断）
‘油,非食材名（碎片/截断）
Ｖ,非食材名（碎片/截断）
倍,非食材名（碎片/截断）
肉”,非食材名（碎片/截断）
碘,非食材名（碎片/截断）
蒲,非食材名（碎片/截断）
嘛,非食材名（碎片/截断）
使,非食材名（碎片/截断）
料...,非食材名（碎片/截断）
兜,非食材名（碎片/截断）
.锡纸,非食材名（碎片/截断）
由,非食材名（碎片/截断）
台,非食材名（碎片/截断）
鱿,非食材名（碎片/截断）
蜂,非食材名（碎片/截断）
通,非食材名（碎片/截断）
辅,非食材名（碎片/截断）
…虾,非食材名（碎片/截断）
…牙签,非食材名（碎片/截断）
種,非食材名（碎片/截断）
银,非食材名（碎片/截断）
兩,非食材名（碎片/截断）
．米,非食材名（碎片/截断）
别,非食材名（碎片/截断）
/水,非食材名（碎片/截断）
唯,非食材名（碎片/截断）
..盐,非食材名（碎片/截断）
……………,非食材名（碎片/截断）
鲟,非食材名（碎片/截断）
出,非食材名（碎片/截断）
－笋,非食材名（碎片/截断）
糕＃,非食材名（碎片/截断）
林,非食材名（碎片/截断）
批,非食材名（碎片/截断）
__盐,非食材名（碎片/截断）
浅,非食材名（碎片/截断）
餡,非食材名（碎片/截断）
芯,非食材名（碎片/截断）
蔬,非食材名（碎片/截断）
－爱,非食材名（碎片/截断）
欠,非食材名（碎片/截断）
逼,非食材名（碎片/截断）
.鹅,非食材名（碎片/截断）
芛,非食材名（碎片/截断）
梗,非食材名（碎片/截断）
须”,非食材名（碎片/截断）
杵,非食材名（碎片/截断）
倒,非食材名（碎片/截断）
酢,非食材名（碎片/截断）
炭,非食材名（碎片/截断）
Ｇ,非食材名（碎片/截断）
衣,非食材名（碎片/截断）
墨,非食材名（碎片/截断）
芦,非食材名（碎片/截断）
木,非食材名（碎片/截断）
写,非食材名（碎片/截断）
趣,非食材名（碎片/截断）
－吧,非食材名（碎片/截断）
油…,非食材名（碎片/截断）
葸,非食材名（碎片/截断）
矿,非食材名（碎片/截断）
实,非食材名（碎片/截断）
很,非食材名（碎片/截断）
焖,非食材名（碎片/截断）
寿,非食材名（碎片/截断）
颜,非食材名（碎片/截断）
/糖,非食材名（碎片/截断）
碱.,非食材名（碎片/截断）
……鸡,非食材名（碎片/截断）
.~水,非食材名（碎片/截断）
邮,非食材名（碎片/截断）
剩,非食材名（碎片/截断）
层＊,非食材名（碎片/截断）
拧,非食材名（碎片/截断）
垫,非食材名（碎片/截断）
莉,非食材名（碎片/截断）
药,非食材名（碎片/截断）
屉,非食材名（碎片/截断）
囊,非食材名（碎片/截断）
来,非食材名（碎片/截断）
坏,非食材名（碎片/截断）
荤,非食材名（碎片/截断）
李,非食材名（碎片/截断）
갓,非食材名（碎片/截断）
验,非食材名（碎片/截断）
’糖,非食材名（碎片/截断）
款,非食材名（碎片/截断）
鸡＃,非食材名（碎片/截断）
鲑,非食材名（碎片/截断）
．碱,非食材名（碎片/截断）
黏,非食材名（碎片/截断）
板,非食材名（碎片/截断）
单,非食材名（碎片/截断）
佐,非食材名（碎片/截断）
幅,非食材名（碎片/截断）
.基围虾,非食材名（碎片/截断）
耐,非食材名（碎片/截断）
豆·,非食材名（碎片/截断）
菜·,非食材名（碎片/截断）
酱·,非食材名（碎片/截断）
~面,非食材名（碎片/截断）
脆,非食材名（碎片/截断）
芒,非食材名（碎片/截断）
粽,非食材名（碎片/截断）
嗷,非食材名（碎片/截断）
_盐,非食材名（碎片/截断）
之,非食材名（碎片/截断）
－鹅,非食材名（碎片/截断）
杠,非食材名（碎片/截断）
糖·,非食材名（碎片/截断）
笋…,非食材名（碎片/截断）
四.,非食材名（碎片/截断）
吨,非食材名（碎片/截断）
干.,非食材名（碎片/截断）
人－,非食材名（碎片/截断）
汁＃,非食材名（碎片/截断）
团,非食材名（碎片/截断）
-糖,非食材名（碎片/截断）
形,非食材名（碎片/截断）
荆,非食材名（碎片/截断）
蟮,非食材名（碎片/截断）
因,非食材名（碎片/截断）
羗,非食材名（碎片/截断）
券,非食材名（碎片/截断）
禁,非食材名（碎片/截断）
会,非食材名（碎片/截断）
茅,非食材名（碎片/截断）
边,非食材名（碎片/截断）
肉‘,非食材名（碎片/截断）
爪,非食材名（碎片/截断）
_肉,非食材名（碎片/截断）
皮”,非食材名（碎片/截断）
》月,非食材名（碎片/截断）
咳,非食材名（碎片/截断）
练,非食材名（碎片/截断）
房,非食材名（碎片/截断）
江,非食材名（碎片/截断）
孙,非食材名（碎片/截断）
監,非食材名（碎片/截断）
套,非食材名（碎片/截断）
酥＃,非食材名（碎片/截断）
杂,非食材名（碎片/截断）
甲,非食材名（碎片/截断）
乙,非食材名（碎片/截断）
独,非食材名（碎片/截断）
鳕,非食材名（碎片/截断）
新,非食材名（碎片/截断）
*醋,非食材名（碎片/截断）
貓,非食材名（碎片/截断）
書,非食材名（碎片/截断）
枪,非食材名（碎片/截断）
下,非食材名（碎片/截断）
鍋,非食材名（碎片/截断）
'醋,非食材名（碎片/截断）
达,非食材名（碎片/截断）
浸,非食材名（碎片/截断）
说,非食材名（碎片/截断）
－明虾,非食材名（碎片/截断）
ฅ｡,非食材名（碎片/截断）
脂,非食材名（碎片/截断）
步,非食材名（碎片/截断）
皮］,非食材名（碎片/截断）
#盐,非食材名（碎片/截断）
後,非食材名（碎片/截断）
及,非食材名（碎片/截断）
醏,非食材名（碎片/截断）
－－－,非食材名（碎片/截断）
粉”,非食材名（碎片/截断）
菇……,非食材名（碎片/截断）
金,非食材名（碎片/截断）
淋,非食材名（碎片/截断）
椒》,非食材名（碎片/截断）
／●水,非食材名（碎片/截断）
果…,非食材名（碎片/截断）
类,非食材名（碎片/截断）
晚,非食材名（碎片/截断）
壁机,非食材名（碎片/截断）
方,非食材名（碎片/截断）
物,非食材名（碎片/截断）
……肉,非食材名（碎片/截断）
鵝,非食材名（碎片/截断）
……等,非食材名（碎片/截断）
马,非食材名（碎片/截断）
讲,非食材名（碎片/截断）
蕈,非食材名（碎片/截断）
萆,非食材名（碎片/截断）
蜡,非食材名（碎片/截断）
錢,非食材名（碎片/截断）
香料……,非食材名（碎片/截断）
.买,非食材名（碎片/截断）
芽,非食材名（碎片/截断）
釉,非食材名（碎片/截断）
层＃,非食材名（碎片/截断）
枸,非食材名（碎片/截断）
同,非食材名（碎片/截断）
估,非食材名（碎片/截断）
…………………,非食材名（碎片/截断）
.粉,非食材名（碎片/截断）
.菜,非食材名（碎片/截断）
缺,非食材名（碎片/截断）
《陷》,非食材名（碎片/截断）
藕...,非食材名（碎片/截断）
采,非食材名（碎片/截断）
韩,非食材名（碎片/截断）
绵,非食材名（碎片/截断）
打,非食材名（碎片/截断）
檬,非食材名（碎片/截断）
柳,非食材名（碎片/截断）
适,非食材名（碎片/截断）
稀,非食材名（碎片/截断）
棍,非食材名（碎片/截断）
耳-,非食材名（碎片/截断）
醬,非食材名（碎片/截断）
胸,非食材名（碎片/截断）
柱,非食材名（碎片/截断）
韧,非食材名（碎片/截断）
霜,非食材名（碎片/截断）
二,非食材名（碎片/截断）
他,非食材名（碎片/截断）
五,非食材名（碎片/截断）
小,非食材名（碎片/截断）
腱,非食材名（碎片/截断）
赤,非食材名（碎片/截断）
须,非食材名（碎片/截断）
液,非食材名（碎片/截断）
棕,非食材名（碎片/截断）
内,非食材名（碎片/截断）
盅,非食材名（碎片/截断）
六,非食材名（碎片/截断）
棉,非食材名（碎片/截断）
福,非食材名（碎片/截断）
...咸,非食材名（碎片/截断）
清水,水
开水,水
纯净水,水
温水,水
凉白开,水
热水,水
冰块,水
原味酸奶,垃圾
冰水,水
矿泉水,水
凉水,水
工具,垃圾
切小,垃圾
段葱,垃圾
温开水,水
沙拉,垃圾
量水,垃圾
表面装饰,垃圾
量面粉,垃圾
冷水,水
调味,垃圾
白开水,水
即可水,垃圾
混合,垃圾
色粉,垃圾
喜欢蔬菜,垃圾
切碎,垃圾
淘米水,垃圾
加水,垃圾
原味,垃圾
蛋糕模具,垃圾
蘸料,垃圾
最好,垃圾
破壁机,垃圾
料理机,垃圾
不粘锅,垃圾
其他材料,垃圾
炖肉料,垃圾
一样,垃圾
方子,垃圾
可放可不放,垃圾
主面团,垃圾
代替,垃圾
调味品,垃圾
硅胶模具,垃圾
混合物,垃圾
红豆沙馅,垃圾
佐料,垃圾
爱心,垃圾
可不放,垃圾
量蒜,垃圾
量姜,垃圾
其他配料,垃圾
搭配,垃圾
夹心,垃圾
所需材料,垃圾
自制酸奶,垃圾
馅料部分,垃圾
等等,垃圾
面团,垃圾
叶子,垃圾
量牛奶,垃圾
密封罐,垃圾
耐心,垃圾
红色,垃圾
切丁,垃圾
玻璃瓶,垃圾
四分之一,垃圾
即可清水,垃圾
部分材料,垃圾
菜谱,垃圾
面团材料,垃圾
可选,垃圾
段大葱,垃圾
或五花肉,垃圾
豆沙馅儿,垃圾
⬇️,垃圾
杯子,垃圾
保鲜袋,垃圾
蛋白质,垃圾
段葱白,垃圾
量马苏里拉芝士,垃圾
量胡萝卜,垃圾
搅拌机,垃圾
也可,垃圾
量清水,垃圾
份量,垃圾
切片面包,垃圾
切达奶酪,垃圾
调味包,垃圾
自己喜欢蔬菜,垃圾
个干辣椒,垃圾
瓶子,垃圾
食物,垃圾
比例,垃圾
砂锅,垃圾
蛋糕材料,垃圾
液体,垃圾
主食,垃圾
馅料,垃圾
面包面团,垃圾
装饰材料,垃圾
去骨鸡腿肉,垃圾
材料如下,垃圾
或其他,垃圾
裱花袋,垃圾
牛奶或水,垃圾
豆瓣,垃圾
自己喜欢,垃圾
水水,垃圾
你喜欢蔬菜,垃圾
自来水,水
中等大小,垃圾
腌制,垃圾
奶油材料,垃圾
腌肉料,垃圾
装饰部分,垃圾
其它,垃圾
可省略,垃圾
慕斯部分,垃圾
内陷,垃圾
切达芝士,垃圾
量肉,垃圾
量葱,垃圾
或肉,垃圾
水或牛奶,垃圾
文鱼,垃圾
准备,垃圾
添加水,垃圾
勺子,垃圾
切丝,垃圾
烤箱,垃圾
奶油部分,垃圾
好吃,垃圾
夹馅,垃圾
内馅,垃圾
看图,垃圾
量玉米,垃圾
饼干模具,垃圾
自己喜欢食材,垃圾
如下,垃圾
或其他蔬菜,垃圾
量鸡蛋,垃圾
分量,垃圾
裱花嘴,垃圾
中种面团,垃圾
月饼馅料,垃圾
蛋糕部分,垃圾
搅拌均匀,垃圾
去核红枣,垃圾
量马苏里拉奶酪,垃圾
或巧克力,垃圾
量干辣椒,垃圾
量面,垃圾
量粉,垃圾
量芝士,垃圾
好心情,垃圾
量低筋面粉,垃圾
或葡萄干,垃圾
制作材料,垃圾
量大米,垃圾
一斤,垃圾
平底锅,垃圾
面团部分,垃圾
淋面,垃圾
夹心肉,垃圾
成品,垃圾
猪肉馅儿,垃圾
月饼模具,垃圾
即可面粉,垃圾
自己喜欢水果,垃圾
即可牛奶,垃圾
量糯米,垃圾
装饰物,垃圾
三分之一,垃圾
量米饭,垃圾
加入,垃圾
饼材料,垃圾
电饭煲,垃圾
沸水,水
切块,垃圾
主料,垃圾
肉或五花肉,垃圾
装饰,垃圾
量五花肉,垃圾
或花生,垃圾
香菜或葱,垃圾
量洋葱,垃圾
切细,垃圾
看个人口味,垃圾
烤肉料,垃圾
披萨面团,垃圾
量杯大米,垃圾
选择,垃圾
加牛奶,垃圾
纸杯蛋糕,垃圾
量酸奶,垃圾
擀面杖,垃圾
煮熟,垃圾
夹心材料,垃圾
去皮绿豆,垃圾
红豆馅儿,垃圾
点缀,垃圾
馅料材料,垃圾
冰箱,垃圾
制作,垃圾
蛋黄部分,垃圾
材料,垃圾
部分,垃圾
或者黄瓜,垃圾
段干辣椒,垃圾
片芝士,垃圾
点蒜,垃圾
雪糕模具,垃圾
去皮五花肉,垃圾
糯米纸,垃圾
喜欢水果,垃圾
蒸肉米粉,垃圾
喜欢食材,垃圾
奶油馅儿,垃圾
你喜欢,垃圾
铸铁锅,垃圾
搅拌,垃圾
或黑芝麻,垃圾
随你喜欢,垃圾
模具模具,垃圾
蒸熟,垃圾
等量水,垃圾
一丢丢,垃圾
馅材料,垃圾
材料⬇️,垃圾
装饰水果,垃圾
抹茶味,垃圾
早餐,垃圾
个鸡蛋,垃圾
量葱姜蒜,垃圾
夹心饼干,垃圾
放干辣椒,垃圾
量猪肉,垃圾
或罗勒,垃圾
点缀葱,垃圾
或海苔,垃圾
量韭菜,垃圾
吐司模具,垃圾
香肠等,垃圾
叶子菜,垃圾
一点水,垃圾
配料如下,垃圾
重量,垃圾
饼干材料,垃圾
量冬瓜,垃圾
粉等,垃圾
馅儿材料,垃圾
量金针菇,垃圾
玻璃杯,垃圾
白色部分,垃圾
喜好马苏里拉芝士,垃圾
盒子,垃圾
量意大利面,垃圾
白芝麻适量,垃圾
装饰黑芝麻,垃圾
等配菜,垃圾
半成品,垃圾
多一点水,垃圾
^_^,垃圾
量糯米粉,垃圾
肉或者五花肉,垃圾
杯子蛋糕,垃圾
制作方法,垃圾
打蛋器,垃圾
准备材料,垃圾
饼皮材料,垃圾
面包材料,垃圾
内馅儿,垃圾
块豆腐,垃圾
模具,垃圾
随便,垃圾
湿性材料,垃圾
切丝姜,垃圾
量青椒,垃圾
或香菜,垃圾
或坚果,垃圾
片姜,垃圾
或火腿,垃圾
切碎葱,垃圾
或玉米,垃圾
或者芝士,垃圾
白色面团,垃圾
蛋鸡蛋,垃圾
肉馅儿,垃圾
三分之一水,垃圾
可可无,垃圾
豆沙馅料,垃圾
洗净,垃圾
烤冷面,垃圾
水或者牛奶,垃圾
红色彩椒,垃圾
蛋糕装饰,垃圾
表面材料,垃圾
牛奶或者水,垃圾
泡水,垃圾
电饭锅,垃圾
装饰品,垃圾
或迷迭香,垃圾
个小米椒,垃圾
夹心部分,垃圾
看个人喜好,垃圾
装饰料,垃圾
汁水,垃圾
汤配料,垃圾
去皮切块,垃圾
自己喜欢菜,垃圾
量土豆,垃圾
或者其他,垃圾
去皮,垃圾
也可不放,垃圾
厨房纸,垃圾
菜或其他蔬菜,垃圾
或杏仁片,垃圾
拌匀,垃圾
加糯米粉,垃圾
炒锅,垃圾
原材料,垃圾
量中筋面粉,垃圾
微波炉,垃圾
装饰饼干,垃圾
等量,垃圾
绿色面团,垃圾
纸杯,垃圾
根胡萝卜,垃圾
个西红柿,垃圾
芝士部分,垃圾
和面,垃圾
主食材,垃圾
中等个头,垃圾
段大葱白,垃圾
巧克力装饰,垃圾
加辣椒,垃圾
加葱,垃圾
量燕麦,垃圾
量黄瓜,垃圾
或者花生,垃圾
或粉,垃圾
或辣椒,垃圾
皮部分,垃圾
空气炸锅,垃圾
加水水,垃圾
等量面粉,垃圾
椰蓉馅料,垃圾
内馅材料,垃圾
三分之一面粉,垃圾
鲜花,垃圾
按个人喜好,垃圾
第二部分,垃圾
蛋糕体部分,垃圾
原味薯片,垃圾
看自己喜欢,垃圾
酱材料,垃圾
量开水,垃圾
或酸奶,垃圾
任意,垃圾
汤勺面粉,垃圾
面糊部分,垃圾
量纯牛奶,垃圾
粉或玉米粉,垃圾
个辣椒,垃圾
腌制料,垃圾
不放,垃圾
量纯净水,垃圾
三分之,垃圾
可不,垃圾
心情,垃圾
拌饭海苔,垃圾
切大块,垃圾
自己喜欢配菜,垃圾
自己喜欢坚果,垃圾
粉面粉,垃圾
奶粉或牛奶,垃圾
蛋白质粉,垃圾
等蔬菜,垃圾
子材料,垃圾
或者香菜,垃圾
量温水,垃圾
看下面,垃圾
或者芝麻,垃圾
个百香果,垃圾
硅胶刮刀,垃圾
搭配水果,垃圾
或者牛奶,垃圾
酒或白葡萄酒,垃圾
或火腿肠,垃圾
多放点,垃圾
装饰草莓,垃圾
搭配蔬菜,垃圾
蒸锅,垃圾
磨具,垃圾
面材料,垃圾
去皮去核,垃圾
添加牛奶,垃圾
量哦,垃圾
油酥部分,垃圾
酥皮材料,垃圾
慕斯材料,垃圾
粒枸杞,垃圾
油酥材料,垃圾
个人喜好,垃圾
可可口味,垃圾
个人口味干辣椒,垃圾
或其他坚果,垃圾
或香肠,垃圾
个人喜好葱,垃圾
或羊肉,垃圾
放马苏里拉芝士,垃圾
或柠檬,垃圾
多一些蒜,垃圾
可不放葱,垃圾
可不放姜,垃圾
添加蒜,垃圾
个人口味蒜,垃圾
量热水,垃圾
白面团,垃圾
吐司面团,垃圾
夹馅儿,垃圾
量杯面粉,垃圾
自己喜欢青菜,垃圾
主面团材料,垃圾
牛奶或奶粉,垃圾
量黑芝麻,垃圾
猪肉或牛肉,垃圾
段芹菜,垃圾
麻薯材料,垃圾
料如下,垃圾
不同,垃圾
心形模具,垃圾
切面,垃圾
抹茶面团,垃圾
⭐️,垃圾
火腿或培根,垃圾
做装饰,垃圾
粉适量,垃圾
量香菜,垃圾
或者洋葱,垃圾
你喜欢水果,垃圾
内馅部分,垃圾
份面条,垃圾
依个人口味,垃圾
葱花或香菜,垃圾
或者葱花,垃圾
饼干面团,垃圾
奶油馅料,垃圾
好了,垃圾
硅胶垫,垃圾
自制,垃圾
量木耳,垃圾
装饰可可粉,垃圾
而定,垃圾
茶勺,垃圾
量面包糠,垃圾
水果装饰,垃圾
煮好米饭,垃圾
馒头面团,垃圾
汁儿,垃圾
或者抹茶粉,垃圾
面粉适量,垃圾
加可可粉,垃圾
多放,垃圾
量排骨,垃圾
玻璃瓶子,垃圾
个红辣椒,垃圾
图片,垃圾
或胡萝卜,垃圾
或者豆腐,垃圾
胡萝卜适量,垃圾
鸡或三黄鸡,垃圾
其它配料,垃圾
看自己口味,垃圾
葡萄干等,垃圾
即可纯净水,垃圾
香料等,垃圾
个人口味干红辣椒,垃圾
各一半,垃圾
添加马苏里拉芝士,垃圾
等配料,垃圾
喜欢吃菜,垃圾
量南瓜,垃圾
或面粉,垃圾
一点点水,垃圾
或白芝麻,垃圾
切薄片,垃圾
即可开水,垃圾
植物油适量,垃圾
发酵面团,垃圾
面包部分,垃圾
块鸡胸肉,垃圾
干性材料,垃圾
蛋白部分,垃圾
饼底部分,垃圾
原味芝士,垃圾
吃多少放多少面,垃圾
或黄瓜,垃圾
量核桃,垃圾
夹心奥利奥饼干,垃圾
或洋葱,垃圾
肉或牛肉,垃圾
量柠檬皮,垃圾
或奥利奥,垃圾
量花生,垃圾
个人口味葱,垃圾
或欧芹,垃圾
自己喜欢葱,垃圾
个人喜好姜,垃圾
量海带,垃圾
或奶酪,垃圾
或者牛肉,垃圾
新鲜,垃圾
可选项,垃圾
叶子芹菜叶,垃圾
食材如下,垃圾
加干辣椒,垃圾
饼皮部分,垃圾
奶盖部分,垃圾
或者五花肉,垃圾
果或其他水果,垃圾
颗粒面,垃圾
腌制材料,垃圾
蔓越莓等,垃圾
黄色面团,垃圾
你喜欢配菜,垃圾
袋装,垃圾
葱或香菜,垃圾
或蔓越莓,垃圾
汤勺,垃圾
硅胶模,垃圾
戚风模具,垃圾
或芝麻,垃圾
粉或奶粉,垃圾
酸奶或牛奶,垃圾
随自己喜好,垃圾
蛋糕体材料,垃圾
蒸好米饭,垃圾
饭团模具,垃圾
或娃娃菜,垃圾
见步骤,垃圾
原味希腊酸奶,垃圾
装饰香菜,垃圾
量西红柿,垃圾
喜欢素菜,垃圾
芝麻等,垃圾
奶黄馅料,垃圾
皮所需材料,垃圾
点胡萝卜,垃圾
或牛奶,垃圾
蛋糕面糊,垃圾
模具一个,垃圾
戚风蛋糕部分,垃圾
蛋黄糊部分,垃圾
麻辣香锅,垃圾
红色干辣椒,垃圾
牛奶或酸奶,垃圾
买现成饺子皮,垃圾
可选香菜,垃圾
二分之一,垃圾
白菜或娃娃菜,垃圾
红色火龙果,垃圾
最好吃,垃圾
量多少,垃圾
自制剁椒,垃圾
曲奇面团,垃圾
撒粉,垃圾
馅做法,垃圾
其他馅料,垃圾
量三文鱼,垃圾
夹心水果,垃圾
层材料,垃圾
加面粉,垃圾
或蔓越莓干,垃圾
份意大利面,垃圾
好马苏里拉芝士碎,垃圾
四分之,垃圾
其它食材,垃圾
根茎类蔬菜,垃圾
所材料,垃圾
放糯米粉,垃圾
自己喜欢口味,垃圾
量辣椒,垃圾
切条,垃圾
量红薯粉,垃圾
切碎洋葱,垃圾
切碎姜,垃圾
馅馅料,垃圾
香菜适量,垃圾
切成小块,垃圾
切粒,垃圾
添加面粉,垃圾
葱花适量,垃圾
或者其他蔬菜,垃圾
或红曲粉,垃圾
自己喜欢配料,垃圾
火锅配料,垃圾
量干红辣椒,垃圾
量米杯大米,垃圾
⬇️⬇️⬇️,垃圾
料⬇️,垃圾
不粘平底锅,垃圾
自制豆沙馅,垃圾
菜或其他绿叶菜,垃圾
粉或面粉,垃圾
豆等,垃圾
可放,垃圾
或排骨,垃圾
放大蒜,垃圾
粉或可可粉,垃圾
馅配料,垃圾
勺普通面粉,垃圾
块五花肉,垃圾
看个人喜欢,垃圾
等装饰,垃圾
勺面粉,垃圾
去壳,垃圾
或其他青菜,垃圾
撒尿牛丸,垃圾
抹茶粉等,垃圾
•••,垃圾
中种材料,垃圾
面包配料,垃圾
撒料,垃圾
抹面,垃圾
裱花,垃圾
把金针菇,垃圾
颗红枣,垃圾
油皮材料,垃圾
油皮部分,垃圾
个青椒,垃圾
火腿或香肠,垃圾
添加干辣椒,垃圾
或干辣椒,垃圾
原味戚风蛋糕,垃圾
或吐司,垃圾
个人口味姜,垃圾
或鸡肉,垃圾
个人食量面,垃圾
即可芝士,垃圾
或者紫薯,垃圾
点葱姜,垃圾
或大葱,垃圾
量生姜,垃圾
加马苏里拉芝士,垃圾
或紫薯,垃圾
原味燕麦,垃圾
或者柠檬,垃圾
芝麻或花生,垃圾
个人喜好肉,垃圾
装饰葱,垃圾
即可姜,垃圾
放点,垃圾
或者胡萝卜,垃圾
辣椒或小米辣,垃圾
一丢丢水,垃圾
看小贴士,垃圾
分之胡萝卜,垃圾
量鸡蛋液,垃圾
馅部分,垃圾
加饭酒,垃圾
各种配料,垃圾
香葱或香菜,垃圾
看心情,垃圾
量杯糯米,垃圾
量香菇,垃圾
放了,垃圾
放鸡蛋,垃圾
坚果等,垃圾
或者酸奶,垃圾
点心,垃圾
叶子大白菜,垃圾
个人喜好干辣椒,垃圾
淋面材料,垃圾
其它水果,垃圾
面糊材料,垃圾
粉或面包糠,垃圾
焙煎芝麻口味,垃圾
粉或低粉,垃圾
红色面团,垃圾
饺子馅儿,垃圾
自己喜好五花肉,垃圾
或虾仁,垃圾
原味豆浆,垃圾
拌料,垃圾
杯面粉,垃圾
分之香草荚,垃圾
碗面粉,垃圾
量杯,垃圾
泡芙面糊,垃圾
活底模具,垃圾
即可洋葱,垃圾
抹茶巧克力,垃圾
或全蛋液,垃圾
请看步骤,垃圾
黑色面团,垃圾
夹心海苔,垃圾
量蔬菜,垃圾
看自己喜好,垃圾
装饰巧克力,垃圾
蛋清部分,垃圾
粉丝或粉条,垃圾
加鸡蛋,垃圾
量凉白开,垃圾
量西兰花,垃圾
蛋糕卷部分,垃圾
紫薯馅料,垃圾
抹茶拿铁,垃圾
其它香料,垃圾
肉松馅儿,垃圾
量柠檬皮屑,垃圾
金针菇等,垃圾
蛋白霜部分,垃圾
切片吐司,垃圾
烤鸡肉,垃圾
吃货,垃圾
夹心馅,垃圾
加奶粉,垃圾
制作配料,垃圾
量茄子,垃圾
搅匀,垃圾
肉或火腿肠,垃圾
老面材料,垃圾
面皮材料,垃圾
馅儿部分,垃圾
原味戚风,垃圾
蒸笼布,垃圾
你喜欢菜,垃圾
红色小米辣,垃圾
杏仁等,垃圾
核桃等坚果,垃圾
买饺子皮,垃圾
量四季豆,垃圾
差不多,垃圾
原味苏打水,垃圾
喜好葡萄干,垃圾
三分之二水,垃圾
骨或者排骨,垃圾
面团配料,垃圾
肉或者培根,垃圾
段甘蔗,垃圾
中空模具,垃圾
喜欢坚果,垃圾
量差不多,垃圾
粉或杏仁粉,垃圾
量白葡萄酒,垃圾
勺油泼辣子,垃圾
去核,垃圾
表面装饰材料,垃圾
切成丁,垃圾
奶酪部分,垃圾
装饰薄荷叶,垃圾
根铁棍山药,垃圾
原味炼奶,垃圾
买五花肉,垃圾
或牛里脊,垃圾
酥粒材料,垃圾
牛奶适量,垃圾
面或者挂面,垃圾
冰棒模具,垃圾
你喜欢坚果,垃圾
皮材料,垃圾
面料,垃圾
或其他肉类,垃圾
或白葡萄酒,垃圾
或午餐肉,垃圾
喜欢吃什么放什么,垃圾
小奶锅,垃圾
好鸡蛋,垃圾
量都是,垃圾
菜少许,垃圾
葱或者洋葱,垃圾
煎锅,垃圾
点缀黑芝麻,垃圾
好水,垃圾
量马苏里拉,垃圾
牛肉等,垃圾
或者豆沙,垃圾
香肠或培根,垃圾
洋葱适量,垃圾
镜面部分,垃圾
或者粉,垃圾
模模具,垃圾
自行添加,垃圾
即可鸡蛋,垃圾
红薯或紫薯,垃圾
你喜欢食材,垃圾
粉或者面粉,垃圾
加葡萄干,垃圾
放入,垃圾
增减牛奶,垃圾
或者火腿肠,垃圾
量普通面粉,垃圾
一点儿,垃圾
量肉松,垃圾
吃多少放多少牛肉,垃圾
煮水,垃圾
胡萝卜等,垃圾
或者葡萄干,垃圾
放香菜,垃圾
或者虾皮,垃圾
即可热水,垃圾
加芝麻,垃圾
量玉米面,垃圾
个人口味,垃圾
可不放干辣椒,垃圾
添加水果,垃圾
温度计,垃圾
或者虾仁,垃圾
加蔬菜,垃圾
或者肉沫,垃圾
量虾仁,垃圾
量番茄,垃圾
个人喜好添加,垃圾
萝卜或白萝卜,垃圾
其它蔬菜,垃圾
水材料,垃圾
虾或者虾仁,垃圾
你喜欢海鲜,垃圾
巧克力模具,垃圾
你喜欢鱼,垃圾
等量牛奶,垃圾
干等,垃圾
菜或大白菜,垃圾
随自己喜欢,垃圾
而定鸡蛋,垃圾
加抹茶粉,垃圾
切好,垃圾
或者黑芝麻,垃圾
小贴士,垃圾
随便放,垃圾
自己看着放,垃圾
买面条,垃圾
多放一点,垃圾
果冻部分,垃圾
汤匙,垃圾
即可温水,垃圾
其它坚果,垃圾
冰淇淋材料,垃圾
面部分,垃圾
去皮番茄,垃圾
可添加,垃圾
鱼或其他鱼,垃圾
奶酪材料,垃圾
或椰蓉,垃圾
盒装牛奶,垃圾
或牛肉,垃圾
豆浆机,垃圾
葱花少许,垃圾
加温水,垃圾
酥皮部分,垃圾
烤鳗鱼,垃圾
汤种材料,垃圾
切片,垃圾
发面团,垃圾
量杯小米,垃圾
抹茶口味,垃圾
各种馅料,垃圾
汤种面团,垃圾
丸子部分,垃圾
馅儿,垃圾
配菜部分,垃圾
根葱,垃圾
可可面团,垃圾
配料,垃圾
段京葱,垃圾
喜欢玉米,垃圾
蒸熟南瓜,垃圾
放花生,垃圾
或者南瓜,垃圾
自己喜好葱,垃圾
放玉米,垃圾
或香蕉,垃圾
或榨菜,垃圾
量奥利奥饼干,垃圾
点肉,垃圾
量牛肉,垃圾
放蒜,垃圾
分之洋葱洋葱,垃圾
段姜,垃圾
或者核桃,垃圾
放姜,垃圾
吃多少下多少面,垃圾
红色辣椒,垃圾
放里脊肉,垃圾
分之白洋葱,垃圾
中等大小鸡蛋,垃圾
烤海苔,垃圾
饺子馅料,垃圾
段大葱葱白,垃圾
菜或其他青菜,垃圾
或鸡蛋,垃圾
牛肉或羊肉,垃圾
加香菜,垃圾
四分之一洋葱,垃圾
饺子皮材料,垃圾
子水,垃圾
各种自己喜欢蔬菜,垃圾
液体材料,垃圾
水少许,垃圾
叶子卷心菜,垃圾
勺子面粉,垃圾
第一部分,垃圾
原味飞饼,垃圾
可选材料,垃圾
人口味添加干辣椒,垃圾
任何你喜欢蔬菜,垃圾
杯低筋面粉,垃圾
原味吐司,垃圾
黑芝麻或者白芝麻,垃圾
水适量,垃圾
切末,垃圾
放多少,垃圾
肉或培根,垃圾
量小葱,垃圾
或即食燕麦片,垃圾
红色小米椒,垃圾
叶子白菜,垃圾
菇或者香菇,垃圾
个人喜好虾仁,垃圾
牛奶或椰奶,垃圾
分之西红柿,垃圾
个人喜好香菜,垃圾
喜好干辣椒,垃圾
蔬菜等,垃圾
自制肉松,垃圾
粉或肉桂粉,垃圾
段党参,垃圾
煮料,垃圾
分之西兰花,垃圾
其余材料,垃圾
啥放啥,垃圾
拌菜,垃圾
或罗勒叶,垃圾
可无,垃圾
硅胶铲,垃圾
一点葱姜蒜,垃圾
生菜等,垃圾
添加材料,垃圾
量大蒜,垃圾
鸡胸肉或鸡腿肉,垃圾
不粘炒锅,垃圾
中种面团材料,垃圾
个人喜好大蒜,垃圾
戚风蛋糕材料,垃圾
个人口味辣椒,垃圾
红豆馅料,垃圾
牛奶或者奶粉,垃圾
见步骤图,垃圾
分之金针菇,垃圾
量蛋液,垃圾
吃多少放多少猪肉,垃圾
量芋头,垃圾
早餐饼干,垃圾
葱或洋葱,垃圾
量葡萄干,垃圾
即可五花肉,垃圾
烤鸡腿,垃圾
量冰水,垃圾
切片五花肉,垃圾
老面团,垃圾
情况添加水,垃圾
量即食燕麦,垃圾
揉面,垃圾
放牛奶,垃圾
香菜或香葱,垃圾
冰皮面团,垃圾
喜欢肉类,垃圾
水或纯净水,垃圾
培根或香肠,垃圾
白芝麻或黑芝麻,垃圾
按自己口味,垃圾
豆适量,垃圾
点土豆,垃圾
你喜欢肉类,垃圾
锡纸盒,垃圾
或里脊,垃圾
牛肉馅儿,垃圾
柠檬或青柠,垃圾
五仁馅料,垃圾
量豌豆,垃圾
菠萝或者凤梨,垃圾
椒等,垃圾
吃多少米饭,垃圾
酌情添加,垃圾
↓↓,垃圾
鸡肉或牛肉,垃圾
烤紫菜,垃圾
去皮切碎,垃圾
吃多少放多少鸡蛋,垃圾
或者鸡蛋,垃圾
点洋葱,垃圾
即可糯米粉,垃圾
饼底材料,垃圾
洗米水,垃圾
馅制作,垃圾
粉或糯米粉,垃圾
和好面团,垃圾
菜口味,垃圾
肉馅材料,垃圾
玉米粒等,垃圾
及表面装饰,垃圾
鸡汤或清水,垃圾
随便加,垃圾
或其他菜,垃圾
番茄酱适量,垃圾
原味饼干,垃圾
或可可粉,垃圾
喜欢吃水果,垃圾
加大蒜,垃圾
或者红枣,垃圾
或原味酸奶,垃圾
量温开水,垃圾
切丝胡萝卜,垃圾
加料,垃圾
粉或普通面粉,垃圾
加小米辣,垃圾
装饰食材,垃圾
量青菜,垃圾
或者其他坚果,垃圾
红色菜椒,垃圾
分之紫洋葱,垃圾
大葱或洋葱,垃圾
抹茶冰淇淋,垃圾
自己喜好香菜,垃圾
粉条或粉丝,垃圾
或豌豆,垃圾
液体温度计,垃圾
红豆沙馅料,垃圾
绿色部分,垃圾
量辣白菜,垃圾
或里脊肉,垃圾
剩余材料,垃圾
月饼皮材料,垃圾
肉或者排骨,垃圾
或者小米辣,垃圾
菜等蔬菜,垃圾
圆形模具,垃圾
面粉或糯米粉,垃圾
肠或者火腿肠,垃圾
刷表面材料,垃圾
草莓装饰,垃圾
或者肉丝,垃圾
等调味品,垃圾
三分之二,垃圾
原味坚果,垃圾
辣椒或青椒,垃圾
点葱姜蒜,垃圾
高压锅,垃圾
量可可粉,垃圾
加入牛奶,垃圾
或油纸,垃圾
模具量,垃圾
夹心料,垃圾
饼干部分,垃圾
其它配菜,垃圾
量瘦肉,垃圾
点鸡蛋,垃圾
葡萄干等果干,垃圾
随便什么,垃圾
切半,垃圾
切达干酪,垃圾
放芝麻,垃圾
烤鸭肉,垃圾
抹茶戚风蛋糕,垃圾
加点,垃圾
装饰杏仁片,垃圾
重量水,垃圾
依据个人口味,垃圾
菜或者白菜,垃圾
量仅供参考,垃圾
夹心馅料,垃圾
水或清水,垃圾
发酵好面团,垃圾
喜欢肉,垃圾
白菜等,垃圾
或者芒果,垃圾
量饺子皮,垃圾
买现成,垃圾
去骨,垃圾
造型模具,垃圾
或核桃仁,垃圾
量红薯,垃圾
或者西红柿,垃圾
切段,垃圾
或者薄荷叶,垃圾
粉或者面包糠,垃圾
量高筋面粉,垃圾
牛奶或豆浆,垃圾
装饰抹茶粉,垃圾
或饼干,垃圾
鱼丸等,垃圾
添加蔬菜,垃圾
粉或者奶粉,垃圾
叶子娃娃菜,垃圾
或瘦肉,垃圾
面包或吐司,垃圾
加什么,垃圾
条胡萝卜,垃圾
牛奶或温水,垃圾
自己口味,垃圾
量绿豆,垃圾
或牛油果,垃圾
加酒酿,垃圾
放小米辣,垃圾
炖锅,垃圾
鹌鹑蛋或鸡蛋,垃圾
放水,垃圾
去皮番茄罐头,垃圾
切片大蒜,垃圾
自制红豆沙,垃圾
酱制作,垃圾
或纯净水,垃圾
而定温水,垃圾
或者肉片,垃圾
或其他干果,垃圾
个人喜好青菜,垃圾
选择鸡蛋,垃圾
吃多少放多少米饭,垃圾
柠檬汁少许,垃圾
油少许,垃圾
做早餐,垃圾
肉适量,垃圾
肉配料,垃圾
等量洋葱,垃圾
橄榄油适量,垃圾
蘑菇等,垃圾
或者瘦肉,垃圾
豆腐或嫩豆腐,垃圾
菜或者生菜,垃圾
自己喜好牛奶,垃圾
叶子蔬菜,垃圾
奶酪馅料,垃圾
干辣椒适量,垃圾
粉或中筋粉,垃圾
或蜜红豆,垃圾
或南瓜泥,垃圾
或肉松,垃圾
分量大米,垃圾
杯酸奶,垃圾
粉或地瓜粉,垃圾
制作工具,垃圾
或者面条,垃圾
罐头玉米粒,垃圾
量饮水,垃圾
量薏米,垃圾
等食材,垃圾
放一点,垃圾
喜好玉米粒,垃圾
凤梨或菠萝,垃圾
撒白芝麻,垃圾
或其他水果,垃圾
好虾仁,垃圾
加入水,垃圾
洋葱或大葱,垃圾
好五花肉,垃圾
芝士馅料,垃圾
粉或者糯米粉,垃圾
切丁备,垃圾
红豆适量,垃圾
菜等,垃圾
饼配料,垃圾
和水果,垃圾
装饰白芝麻,垃圾
吃多少放多少年糕,垃圾
或面包糠,垃圾
煮开,垃圾
自己喜好水果,垃圾
或椰子粉,垃圾
个土豆,垃圾
自己看着来,垃圾
电压力锅,垃圾
切碎大蒜,垃圾
模具一套,垃圾
匙低筋面粉,垃圾
或巧克力豆,垃圾
多一点姜,垃圾
段葱白大葱,垃圾
量鸡胸肉,垃圾
或咸蛋黄,垃圾
量奥利奥碎,垃圾
碎装饰,垃圾
分之一南瓜,垃圾
或百里香,垃圾
量小米辣,垃圾
放花生米,垃圾
其他你喜欢食材,垃圾
或果干,垃圾
加吧,垃圾
原味香肠,垃圾
放青椒,垃圾
和水,垃圾
配方如下,垃圾
或黑巧克力,垃圾
量冷水,垃圾
吃多少生菜,垃圾
椒或干辣椒,垃圾
菜或娃娃菜,垃圾
个洋葱,垃圾
吃多少意大利面,垃圾
根火腿肠,垃圾
喜欢吃食材,垃圾
或其他海鲜,垃圾
部分配料,垃圾
虾或基围虾,垃圾
或者青椒,垃圾
点虾米,垃圾
鱼或草鱼,垃圾
↓↓↓,垃圾
粉或者玉米粉,垃圾
洗干净,垃圾
粉或者普通面粉,垃圾
汤锅,垃圾
滚水,水
腌制鸡肉,垃圾
基础面团,垃圾
个小米辣,垃圾
蛋糕配料,垃圾
姜适量,垃圾
主食类,垃圾
油酥面团,垃圾
淋面部分,垃圾
抹茶慕斯,垃圾
装饰层,垃圾
碗米饭,垃圾
乳酪馅儿,垃圾
蔬菜配料,垃圾
放葱,垃圾
好姜,垃圾
个人喜好玉米,垃圾
个人口味芝士,垃圾
多放蒜,垃圾
好蒜,垃圾
量红萝卜,垃圾
放芝士,垃圾
或小葱,垃圾
烤熟花生,垃圾
或芝士,垃圾
或者欧芹,垃圾
或山楂,垃圾
加芝士,垃圾
或奥利奥饼干,垃圾
面粉或低筋面粉,垃圾
紫薯面团,垃圾
段胡萝卜,垃圾
筋面粉或普通面粉,垃圾
加入面粉,垃圾
四分之洋葱,垃圾
吃几个几个鸡蛋,垃圾
蒸饺,垃圾
面团料,垃圾
原味炼乳,垃圾
量红酒,垃圾
四分之一南瓜,垃圾
叶子包菜,垃圾
分之西葫芦,垃圾
或者土豆,垃圾
可不放香菜,垃圾
酥粒部分,垃圾
馅料馅料,垃圾
不沾平底锅,垃圾
喜好放白芝麻,垃圾
甜面团,垃圾
肉或者腊肉,垃圾
菜或者葱花,垃圾
勺或韩国铁勺尺寸,垃圾
面包体部分,垃圾
个人口味香菜,垃圾
喜欢馅料,垃圾
白莲蓉馅料,垃圾
净水,水
披萨材料,垃圾
量豆角,垃圾
或培根,垃圾
好备,垃圾
根香菜,垃圾
牛奶或者椰奶,垃圾
据自己口味,垃圾
牛奶或清水,垃圾
个人口味添加,垃圾
花瓣,垃圾
三分之一洋葱,垃圾
喜欢菜,垃圾
自己喜欢肉松,垃圾
面包馅料,垃圾
奶油或牛奶,垃圾
量椰蓉,垃圾
馅料如下,垃圾
菇或杏鲍菇,垃圾
油酥配料,垃圾
或保鲜盒,垃圾
葡萄干或蔓越莓,垃圾
麻薯部分,垃圾
量油豆腐,垃圾
其他装饰,垃圾
蛋液或牛奶,垃圾
选择辣椒,垃圾
或鸡胸肉,垃圾
原味鲜,垃圾
夹心肉糜,垃圾
水或啤酒,垃圾
四分之银耳,垃圾
夹馅水果,垃圾
汤匙面粉,垃圾
三分之牛奶,垃圾
牛肉馅料,垃圾
看着放,垃圾
面粉或全麦粉,垃圾
喜欢蔬果,垃圾
分之火锅料,垃圾
中等大小土豆,垃圾
小锅,垃圾
奶酥材料,垃圾
芹菜或香菜,垃圾
好时巧克力,垃圾
肉或猪里脊,垃圾
个人食量挂面,垃圾
你喜欢各种蔬菜,垃圾
茶勺肉桂粉,垃圾
切段大葱,垃圾
可不放胡萝卜,垃圾
烫种面团,垃圾
黑色部分,垃圾
辅助材料,垃圾
加配菜,垃圾
肉馅料,垃圾
个人口味青菜,垃圾
烤鸡翅,垃圾
红色色粉,垃圾
点金针菇,垃圾
干或者坚果,垃圾
南瓜面团,垃圾
罐子,垃圾
奶粉或者牛奶,垃圾
自己看着办,垃圾
布丁部分,垃圾
黑芝麻适量,垃圾
青菜等,垃圾
即可啤酒,垃圾
烤香肠,垃圾
多一些葱姜蒜,垃圾
子等,垃圾
主要材料,垃圾
或者虾,垃圾
馅料⬇️,垃圾
加辣白菜,垃圾
点缀芝麻,垃圾
随个人喜好,垃圾
好猪肉,垃圾
欧芹或罗勒,垃圾
或奶粉,垃圾
段带鱼,垃圾
配方⬇️,垃圾
慕斯模具,垃圾
菜或小白菜,垃圾
米粉或者面粉,垃圾
抹茶馅,垃圾
添加椰蓉,垃圾
粉或低筋面粉,垃圾
量红豆,垃圾
量手擀面,垃圾
米或大米,垃圾
切片胡萝卜,垃圾
奶油霜材料,垃圾
其它材料,垃圾
好奇心,垃圾
可不放奶粉,垃圾
酵头材料,垃圾
同上,垃圾
量通心粉,垃圾
添加温水,垃圾
随便多少,垃圾
烤料,垃圾
紫薯或红薯,垃圾
烤花生,垃圾
菜或者菠菜,垃圾
或大杏仁,垃圾
自己喜欢芝麻,垃圾
看图吧,垃圾
点缀香菜,垃圾
叶子青菜,垃圾
量熟黑芝麻,垃圾
量蔓越莓干,垃圾
或者小葱,垃圾
可不放芝麻,垃圾
和面水,垃圾
香菜或小葱,垃圾
五分之一,垃圾
分之红萝卜,垃圾
自己喜欢吃蔬菜,垃圾
自制红豆馅,垃圾
或葱花,垃圾
夹馅部分,垃圾
量水或牛奶,垃圾
或菠菜,垃圾
勺奶粉,垃圾
或干虾仁,垃圾
个人喜欢,垃圾
量杯黄豆,垃圾
开水或牛奶,垃圾
如下图,垃圾
即可蔬菜,垃圾
叶子圆白菜,垃圾
分之一洋葱,垃圾
液体酸奶,垃圾
水油皮材料,垃圾
加水或牛奶,垃圾
看个人爱好,垃圾
蛋糕卷材料,垃圾
切片年糕,垃圾
量虾,垃圾
或者鲜虾,垃圾
或鸡汤,垃圾
块儿,垃圾
分之白萝卜,垃圾
或者鸡胸肉,垃圾
蛋糕胚材料,垃圾
腌制牛肉,垃圾
花生油适量,垃圾
放面粉,垃圾
抹面材料,垃圾
加洋葱,垃圾
口味添加干辣椒,垃圾
菜或者其他蔬菜,垃圾
葱适量,垃圾
分之火龙果,垃圾
放蔬菜,垃圾
烤肉粉,垃圾
或红枣,垃圾
葱花等,垃圾
量杯米,垃圾
或者其他水果,垃圾
任意口味,垃圾
或菠萝,垃圾
添加开水,垃圾
量白巧克力,垃圾
量凉开水,垃圾
玻璃瓶啤酒,垃圾
量冰块,垃圾
子面,垃圾
小葱或香菜,垃圾
量蛋黄,垃圾
吃多少土豆,垃圾
段铁棍山药,垃圾
虾或虾仁,垃圾
⬇️⬇️⬇️⬇️,垃圾
加木耳,垃圾
好草鱼,垃圾
加炼乳,垃圾
面适量,垃圾
自己喜欢鸡蛋,垃圾
看着放牛奶,垃圾
粉或木薯粉,垃圾
第三部分,垃圾
块状,垃圾
点生姜,垃圾
蘸酱材料,垃圾
装饰椰蓉,垃圾
吃食材,垃圾
包子面团,垃圾
或者里脊肉,垃圾
喜欢马苏里拉奶酪,垃圾
食材⬇️,垃圾
点缀白芝麻,垃圾
个人喜好香菇,垃圾
段葱姜,垃圾
面粉或者普通面粉,垃圾
五花肉或者排骨,垃圾
勺郫县豆瓣,垃圾
分之杏鲍菇,垃圾
及装饰,垃圾
切丁胡萝卜,垃圾
微波炉蛋糕粉,垃圾
烤碗,垃圾
原味海苔,垃圾
可不放辣椒,垃圾
米或糯米,垃圾
猪肉适量,垃圾
个人喜好辣椒,垃圾
可不放白芝麻,垃圾
个人喜好肥牛,垃圾
鸭蛋或鸡蛋,垃圾
分之根胡萝卜,垃圾
好米粉,垃圾
量豆渣,垃圾
分之一胡萝卜,垃圾
压花模具,垃圾
即可马苏里拉芝士,垃圾
等香料,垃圾
冰棍模具,垃圾
红色朝天椒,垃圾
放马苏里拉奶酪,垃圾
去皮鸡胸肉,垃圾
来一点,垃圾
液体总量,垃圾
喜好马苏里拉奶酪,垃圾
好看,垃圾
个人喜好蔬菜,垃圾
椒或小米辣,垃圾
或豆腐,垃圾
做了,垃圾
喜欢胡萝卜,垃圾
去皮切片,垃圾
水果适量,垃圾
量即可水,垃圾
加高模具,垃圾
个鸡蛋鸡蛋,垃圾
棒冰模具,垃圾
可自行添加,垃圾
吃多少煮多少面条,垃圾
蒸面,垃圾
好米,垃圾
蛋糕模模具,垃圾
即可白芝麻,垃圾
或枸杞,垃圾
粉或红薯粉,垃圾
稍微多一点,垃圾
量来放,垃圾
自制豆浆,垃圾
增减,垃圾
些面粉,垃圾
磅蛋糕模具,垃圾
玻璃锅,垃圾
豆或葡萄干,垃圾
五仁馅儿,垃圾
量添加面粉,垃圾
原味麦片,垃圾
顶部装饰,垃圾
或中筋面粉,垃圾
开水适量,垃圾
液体部分,垃圾
好天气,垃圾
放肉松,垃圾
去皮花生,垃圾
或水,垃圾
原味蛋糕胚,垃圾
自己喜欢面,垃圾
个芒果,垃圾
喜欢吃配菜,垃圾
或者午餐肉,垃圾
棕色面团,垃圾
烤翅料,垃圾
点白芝麻,垃圾
喜欢什么加什么,垃圾
体材料,垃圾
玛德琳模具,垃圾
个人口味放干辣椒,垃圾
量鸡腿肉,垃圾
量蒜瓣,垃圾
点番茄,垃圾
个人喜好五花肉,垃圾
派皮材料,垃圾
好吃五花肉,垃圾
色面团部分,垃圾
加进去,垃圾
或其他配菜,垃圾
而定水,垃圾
各种喜欢食材,垃圾
量鸡肉,垃圾
奶黄馅儿,垃圾
或红豆沙,垃圾
吃鸡蛋,垃圾
其他自己喜欢食材,垃圾
搭配海鲜,垃圾
杯大米,垃圾
饼干底材料,垃圾
早餐麦片,垃圾
流心馅料,垃圾
干辣椒等,垃圾
量刀削面,垃圾
食油适量,垃圾
葱姜蒜适量,垃圾
蛋挞模具,垃圾
点香菜,垃圾
放朝天椒,垃圾
自己喜欢丸子,垃圾
菜适量,垃圾
而定糯米粉,垃圾
放干红辣椒,垃圾
粉或红曲粉,垃圾
吃东西,垃圾
其它辅料,垃圾
其他喜欢配料,垃圾
或者猪肉,垃圾
糯米面团,垃圾
粉或椰蓉,垃圾
片紫甘蓝,垃圾
或红萝卜,垃圾
量而定,垃圾
油一点点,垃圾
量黄豆,垃圾
量泡菜,垃圾
量炼乳,垃圾
吃货心,垃圾
或者纯牛奶,垃圾
各种喜欢菜,垃圾
多放一些,垃圾
椒或朝天椒,垃圾
土豆等,垃圾
或者水,垃圾
卡仕达酱材料,垃圾
放辣椒,垃圾
喜欢蘑菇,垃圾
戚风蛋糕模具,垃圾
个人口味小米椒,垃圾
或香葱碎,垃圾
切丝生姜,垃圾
分之一苹果,垃圾
子粉,垃圾
酱做法,垃圾
面配料,垃圾
加花生米,垃圾
胡萝卜等蔬菜,垃圾
喜好胡萝卜,垃圾
叶子芹菜,垃圾
量木薯粉,垃圾
或者蔓越莓,垃圾
一点大蒜,垃圾
辣椒或者红辣椒,垃圾
或抹茶粉,垃圾
月饼材料,垃圾
或小青菜,垃圾
调味部分,垃圾
奶盖材料,垃圾
装饰芝麻,垃圾
块牛肉,垃圾
喜欢材料,垃圾
装饰表面,垃圾
不喜欢,垃圾
可选食材,垃圾
汁料,垃圾
量凉白开水,垃圾
菜或生菜,垃圾
所配料,垃圾
分之娃娃菜,垃圾
自制蜜红豆,垃圾
或者开水,垃圾
个人口味猪肉,垃圾
而定辣椒,垃圾
面条部分,垃圾
葱姜蒜等,垃圾
量熟米饭,垃圾
酱部分,垃圾
或苹果,垃圾
阳极模具,垃圾
装饰奶粉,垃圾
汤材料,垃圾
或者辣椒,垃圾
或者蜜枣,垃圾
红茶或绿茶,垃圾
厨房纸巾,垃圾
添加红枣,垃圾
或生菜,垃圾
子模具,垃圾
椒或者干辣椒,垃圾
黑芝麻等,垃圾
片装饰,垃圾
或其他香草,垃圾
艾草面团,垃圾
看下图,垃圾
了一点,垃圾
或者蒜苗,垃圾
绿豆糕模具,垃圾
量调整清水,垃圾
或者水果,垃圾
不放干辣椒,垃圾
牛奶等,垃圾
或小米,垃圾
或者蒜末,垃圾
肉或者鸡肉,垃圾
或西红柿,垃圾
珍珠材料,垃圾
沙拉材料,垃圾
自己喜欢香料,垃圾
量河粉,垃圾
或者巧克力,垃圾
加一个鸡蛋,垃圾
配料⬇️,垃圾
三分之一糯米,垃圾
个橙子,垃圾
巧克力口味,垃圾
量西米,垃圾
加入可可粉,垃圾
分量牛奶,垃圾
最好米饭,垃圾
菜或者大白菜,垃圾
油或其他,垃圾
量虫草花,垃圾
好红薯粉条,垃圾
或者芹菜,垃圾
或者牛腩,垃圾
自己喜欢材料,垃圾
面团所需材料,垃圾
添加芝士,垃圾
装饰配料,垃圾
一锅,垃圾
酱少许,垃圾
量绿豆芽,垃圾
切厚片,垃圾
片圆白菜,垃圾
加热水,垃圾
粉或全麦粉,垃圾
三分之二面粉,垃圾
三分之一糯米粉,垃圾
自己喜好生菜,垃圾
青菜或菠菜,垃圾
夹心巧克力,垃圾
量菠萝,垃圾
量羊肉,垃圾
豆腐或冻豆腐,垃圾
汤勺糯米粉,垃圾
上肉或五花肉,垃圾
或不放,垃圾
量芹菜叶,垃圾
鱼或者鲈鱼,垃圾
粉或中筋面粉,垃圾
戚风部分,垃圾
粉或者地瓜粉,垃圾
好糯米,垃圾
或者西芹,垃圾
贝壳模具,垃圾
慕斯糊部分,垃圾
皮制作材料,垃圾
或者鸡肉,垃圾
罐头金枪鱼,垃圾
加肉松,垃圾
豆腐等,垃圾
部队锅,垃圾
根迷迭香,垃圾
量隔夜米饭,垃圾
自制奶酪,垃圾
烤肉蘸料,垃圾
即可胡萝卜,垃圾
片胡萝卜,垃圾
点青椒,垃圾
多一点面粉,垃圾
皮做法,垃圾
好吃马苏里拉芝士,垃圾
量紫薯,垃圾
添加其他蔬菜,垃圾
放油泼辣子,垃圾
个人口味红枣,垃圾
慕斯制作,垃圾
主体部分,垃圾
馅材料如下,垃圾
好东西,垃圾
你喜欢肉,垃圾
多放水,垃圾
添加抹茶粉,垃圾
加香肠,垃圾
添加香肠,垃圾
馅或豆沙馅,垃圾
加小米椒,垃圾
放胡萝卜,垃圾
珐琅锅,垃圾
虾适量,垃圾
奶油配料,垃圾
或芒果,垃圾
芝麻或椰蓉,垃圾
喜欢食物,垃圾
要材料,垃圾
喜欢装饰,垃圾
奶酪面团,垃圾
吃量面条,垃圾
煮熟米饭,垃圾
芝麻或杏仁片,垃圾
装饰小葱,垃圾
可不白芝麻,垃圾
粉少许,垃圾
自己喜欢红枣,垃圾
小装饰,垃圾
或者蔬菜,垃圾
肉或者火腿肠,垃圾
好吃洋葱,垃圾
片午餐肉,垃圾
原味奶油奶酪,垃圾
或鸡大腿,垃圾
牛肉部分,垃圾
个杏鲍菇,垃圾
量馄饨皮,垃圾
放材料,垃圾
量地瓜粉,垃圾
水或凉白开,垃圾
把菠菜,垃圾
饼做法,垃圾
你喜欢馅,垃圾
肉或里脊肉,垃圾
量小米,垃圾
或薄荷,垃圾
芝士馅儿,垃圾
表面部分,垃圾
或柠檬汁几滴,垃圾
等自己喜欢配菜,垃圾
原味玉米片,垃圾
材料材料,垃圾
即可冷水,垃圾
铜锅,垃圾
丸子等,垃圾
个人口味葱姜蒜,垃圾
米等,垃圾
每个面团,垃圾
不放香菜,垃圾
量挂面,垃圾
而定面粉,垃圾
全蛋液适量,垃圾
紫菜或海苔,垃圾
汤或者鸡汤,垃圾
或其他绿色蔬菜,垃圾
差不多水,垃圾
分之一苦瓜,垃圾
菜或西兰花,垃圾
夹心层,垃圾
辣椒等,垃圾
你喜欢果干,垃圾
或紫菜,垃圾
或金针菇,垃圾
肉等,垃圾
量紫菜,垃圾
或者肉松,垃圾
酌情,垃圾
或者蒜泥,垃圾
加减,垃圾
放酸菜,垃圾
等干果,垃圾
片海苔,垃圾
蔓越莓馅料,垃圾
切好备,垃圾
或水果,垃圾
自制酸菜,垃圾
或剁椒,垃圾
无水面团,垃圾
装饰部分-1红色,垃圾
适量芝士片,垃圾
段黄瓜,垃圾
种面团,垃圾
或者鸡腿,垃圾
个柠檬,垃圾
其他口味,垃圾
汤做法,垃圾
流心部分,垃圾
原味面粉,垃圾
食材部分,垃圾
切片香菇,垃圾
适量水,垃圾
蔬菜部分,垃圾
内陷部分,垃圾
适量,垃圾
段山药,垃圾
块嫩豆腐,垃圾
培根或火腿,垃圾
见步骤一,垃圾
或者鸡翅,垃圾
量意面,垃圾
可不干辣椒,垃圾
卡仕达酱部分,垃圾
自己口味添加,垃圾
克力或牛奶巧克力,垃圾
分之紫甘蓝,垃圾
清水或牛奶,垃圾
鸡蛋或鸭蛋,垃圾
豆芽或白菜,垃圾
加火腿肠,垃圾
不粘煎锅,垃圾
选一,垃圾
搭配食材,垃圾
吃多少放多少面粉,垃圾
看步骤,垃圾
或全脂奶粉,垃圾
个人口味炼奶,垃圾
个人口味炼乳,垃圾
红枣适量,垃圾
个数鸡蛋,垃圾
盒装豆腐,垃圾
水或苏打水,垃圾
紫色面团,垃圾
段生姜,垃圾
方形模具,垃圾
人口味,垃圾
鸡胸肉或者鸡腿肉,垃圾
蛋白霜材料,垃圾
吃饭,垃圾
椰蓉馅材料,垃圾
或速溶咖啡粉,垃圾
早餐玉米片,垃圾
分之西蓝花,垃圾
见做法,垃圾
喝汤汤勺,垃圾
椰浆或椰奶,垃圾
蛋液装饰,垃圾
或香菜叶,垃圾
菜或者香葱,垃圾
或喜欢水果,垃圾
搅拌好,垃圾
可不放小米辣,垃圾
沙拉酱适量,垃圾
菇或金针菇,垃圾
草莓或其他水果,垃圾
段白萝卜,垃圾
剩余面团,垃圾
做菜,垃圾
据个人口味,垃圾
吃多少面条,垃圾
步骤鸡蛋,垃圾
麻薯馅料,垃圾
虾皮或海米,垃圾
好时可可粉,垃圾
中等大小洋葱,垃圾
外皮部分,垃圾
些五花肉,垃圾
选择蔬菜,垃圾
肉或者肉馅,垃圾
猪肉或者牛肉,垃圾
或香菇,垃圾
颗青菜,垃圾
吃主食,垃圾
鸡蛋等量牛奶,垃圾
喜好添加,垃圾
量花生米,垃圾
夹馅料,垃圾
段莲藕,垃圾
五分之一洋葱,垃圾
量蛋白,垃圾
喜欢配菜,垃圾
或番茄,垃圾
黑芝麻或白芝麻,垃圾
段小葱,垃圾
勺熟白芝麻,垃圾
微波蛋糕粉,垃圾
香油适量,垃圾
段玉米,垃圾
三明治材料,垃圾
自己喜好豆角,垃圾
早餐肠,垃圾
原味海绵蛋糕,垃圾
糯米皮部分,垃圾
你喜欢馅料,垃圾
好排骨,垃圾
葱或韭菜,垃圾
量平菇,垃圾
点缀香葱,垃圾
或者紫菜,垃圾
勺半面粉,垃圾
冻芝士部分,垃圾
自己喜欢果干,垃圾
你喜欢猪肉,垃圾
活底蛋糕模具,垃圾
或小油菜,垃圾
个人食量意大利面,垃圾
主面团部分,垃圾
水或奶,垃圾
面团水,垃圾
开水或纯净水,垃圾
豆馅儿,垃圾
分之火腿肠,垃圾
烤南瓜,垃圾
一丢丢小葱,垃圾
个人鸡胸肉,垃圾
酌情增减水,垃圾
肉或其他肉,垃圾
筋面粉或高筋面粉,垃圾
椰蓉馅儿,垃圾
奶油装饰,垃圾
搭配坚果,垃圾
核桃或其他坚果,垃圾
量调整面粉,垃圾
牛肉或火腿,垃圾
冰粉配料,垃圾
原味椰子粉,垃圾
段排骨,垃圾
人口味添加小米辣,垃圾
镜面材料,垃圾
量肥牛,垃圾
粉或虾皮粉,垃圾
水或鸡汤,垃圾
面糊制作,垃圾
苹果或梨,垃圾
通面粉,垃圾
粉面团,垃圾
揉成光滑面团,垃圾
好蔬菜,垃圾
矿泉水或纯净水,垃圾
喜欢青菜,垃圾
芋泥馅儿,垃圾
甘纳许部分,垃圾
果酱部分,垃圾
蛋糕胚部分,垃圾
切葱,垃圾
豆或者黄豆,垃圾
一点五花肉,垃圾
不放小米椒,垃圾
波兰种面团,垃圾
搭配馅料,垃圾
肉或者瘦肉,垃圾
切成条状,垃圾
点缀小葱,垃圾
粉或南瓜粉,垃圾
撒黑芝麻,垃圾
腌制好,垃圾
葱或红葱头,垃圾
好仔姜,垃圾
分之罗汉果,垃圾
喜好金针菇,垃圾
馅料做法,垃圾
椒或者剁椒,垃圾
量葱姜,垃圾
些糯米,垃圾
酥皮面团,垃圾
香菜少许,垃圾
红色灯笼椒,垃圾
纱布袋,垃圾
量生菜,垃圾
抹茶蛋糕,垃圾
南瓜或红薯,垃圾
土锅,垃圾
瓶装,垃圾
添加大米,垃圾
原味老酸奶,垃圾
密封罐子,垃圾
量放,垃圾
火龙果面团,垃圾
喜好可可粉,垃圾
片全麦面包,垃圾
好白芝麻,垃圾
腌制柠檬,垃圾
面团制作,垃圾
口味馅料,垃圾
红豆沙馅儿,垃圾
肉松部分,垃圾
奶或纯牛奶,垃圾
步骤三,垃圾
肠或者培根,垃圾
个人干辣椒,垃圾
好萝卜干,垃圾
点缀枸杞,垃圾
个人喜好土豆,垃圾
瓶啤酒,垃圾
个人喜好鸡蛋,垃圾
切片姜,垃圾
或者干辣椒,垃圾
叶子菠菜,垃圾
平底煎锅,垃圾
淋酱材料,垃圾
菜或者其他绿叶菜,垃圾
其他部分,垃圾
个人喜好虾,垃圾
红色甜椒,垃圾
你喜欢口味,垃圾
分之一小碗水,垃圾
量榴莲,垃圾
吃几个放几个鸡蛋,垃圾
自制豆沙,垃圾
水或纯牛奶,垃圾
老面做法,垃圾
放剁椒,垃圾
量芝麻,垃圾
鲜花菇,垃圾
椒或其他辣椒,垃圾
拌饭紫菜,垃圾
煮熟白米饭,垃圾
喜好蓝莓,垃圾
或蛋黄,垃圾
量油泼辣子,垃圾
即可糯米,垃圾
石锅,垃圾
液体类,垃圾
葱花或者香菜,垃圾
南瓜适量,垃圾
喜好白芝麻,垃圾
或者奶粉,垃圾
酱等等,垃圾
做饭,垃圾
面粉或者低筋面粉,垃圾
各种材料,垃圾
葱姜适量,垃圾
花生馅儿,垃圾
芝麻馅儿,垃圾
个鸡翅中,垃圾
豆腐或内酯豆腐,垃圾
奥利奥口味,垃圾
菜肉馅儿,垃圾
白菜或者娃娃菜,垃圾
添加香菜,垃圾
水果或者坚果,垃圾
分量牛肉,垃圾
菜等青菜,垃圾
鸡或鸡腿,垃圾
脆皮香酥炸鸡配料,垃圾
喜好花生碎,垃圾
黑芝麻馅儿,垃圾
量调整水,垃圾
或红薯泥,垃圾
放金针菇,垃圾
搅拌均匀备,垃圾
三文鱼等,垃圾
或者油泼辣子,垃圾
水或酸奶,垃圾
球形模具,垃圾
口味添加番茄沙司,垃圾
或紫薯粉,垃圾
喜欢吃蔬菜,垃圾
自己喜好肉松,垃圾
米饭部分,垃圾
自己看着加,垃圾
切碎香菜,垃圾
水或凉开水,垃圾
好好学习,垃圾
冰块模具,垃圾
杯白葡萄酒,垃圾
温水或牛奶,垃圾
量放面条,垃圾
奶油或奶油奶酪,垃圾
奶油等,垃圾
点芝麻,垃圾
分之一圆葱,垃圾
自己喜好葡萄干,垃圾
分之红心火龙果,垃圾
各种你喜欢蔬菜,垃圾
段香肠,垃圾
段当归,垃圾
海绵蛋糕部分,垃圾
你喜欢香料,垃圾
倒面包糠,垃圾
大锅,垃圾
去皮切小块,垃圾
料请看步骤,垃圾
你喜欢白芝麻,垃圾
量猪里脊,垃圾
肉或梅花肉,垃圾
量银耳,垃圾
可选干辣椒,垃圾
裱花袋裱花嘴,垃圾
放大米,垃圾
好好吃饭,垃圾
或生菜叶,垃圾
或者虾米,垃圾
酌情添加水,垃圾
或者培根,垃圾
好鸡汤,垃圾
麦粉或全麦粉,垃圾
水或者矿泉水,垃圾
粒粒面,垃圾
吃几个就几个鸡蛋,垃圾
瓜或西葫芦,垃圾
以及装饰,垃圾
分之一西瓜,垃圾
牛肉或者猪肉,垃圾
或者蘑菇,垃圾
等面粉,垃圾
面或挂面,垃圾
玉米粒等蔬菜,垃圾
夹心猪肉,垃圾
底配料,垃圾
量白米,垃圾
第四部分,垃圾
或低筋面粉,垃圾
干辣椒或小米椒,垃圾
筛子,垃圾
自己喜欢食物,垃圾
肉或牛肉馅,垃圾
个人喜好生菜,垃圾
探针温度计,垃圾
辣椒或者干辣椒,垃圾
青椒或红椒,垃圾
饼模具,垃圾
骨或脊骨,垃圾
量红枣,垃圾
量枸杞,垃圾
放配菜,垃圾
烤鳗,垃圾
叶子罗勒,垃圾
吃饭勺,垃圾
吃多少牛肉,垃圾
添加红豆,垃圾
涂抹材料,垃圾
甜酥面团,垃圾
按自己喜好,垃圾
凤梨馅料,垃圾
或任意蔬菜,垃圾
或蒜末,垃圾
菇或其他菌菇,垃圾
果冻模具,垃圾
放鹌鹑蛋,垃圾
装饰黑巧克力,垃圾
装饰蔬菜,垃圾
好看杯子,垃圾
或啤酒,垃圾
蛋黄面糊,垃圾
午餐肉或火腿肠,垃圾
详见步骤,垃圾
个人喜好牛奶,垃圾
青椒或尖椒,垃圾
量奶油奶酪,垃圾
培根或者香肠,垃圾
中等大小香蕉,垃圾
韭菜或葱,垃圾
量多一点水,垃圾
脆皮材料,垃圾
好红枣,垃圾
或者你喜欢蔬菜,垃圾
或香草,垃圾
切成末,垃圾
搭配胡萝卜,垃圾
搅拌棒,垃圾
一点胡萝卜,垃圾
鸡腿肉或鸡胸肉,垃圾
瘦肉或五花肉,垃圾
香肠模具,垃圾
自己喜好蔬菜,垃圾
分之卷心菜,垃圾
加满,垃圾
分之红辣椒,垃圾
分之紫皮洋葱,垃圾
自己喜好柠檬,垃圾
量熟白芝麻,垃圾
依个人喜好,垃圾
只梭子蟹,垃圾
根甜玉米,垃圾
分之一青瓜,垃圾
等海鲜,垃圾
自己喜欢蒜,垃圾
放葱姜蒜,垃圾
一些葱姜蒜,垃圾
杯普通面粉,垃圾
制作料,垃圾
最后装饰,垃圾
量定鸡蛋,垃圾
酱或炼乳,垃圾
量虾米,垃圾
量杯糯米粉,垃圾
勺红薯粉,垃圾
添加青菜,垃圾
个人口味青椒,垃圾
奶冻部分,垃圾
片白菜,垃圾
个人喜好红辣椒,垃圾
调味材料,垃圾
量白萝卜,垃圾
量杯红豆,垃圾
按个人口味,垃圾
前腿肉或五花肉,垃圾
分之龙利鱼,垃圾
奶油或奶油霜,垃圾
原味榨菜,垃圾
自己喜好虾,垃圾
自己喜欢火腿,垃圾
段香菜,垃圾
消化饼干或奥利奥,垃圾
看自己,垃圾
自己喜欢海鲜,垃圾
多放点儿,垃圾
或者肉类,垃圾
吃多少放多少意面,垃圾
量柠檬,垃圾
电炖锅,垃圾
或者油菜,垃圾
椒或者红椒,垃圾
台蓝宝升降火锅,垃圾
或者豆芽,垃圾
菜或小油菜,垃圾
烤盘模具,垃圾
紫砂锅,垃圾
红枣等,垃圾
奶冻材料,垃圾
抹茶蛋糕胚,垃圾
叶子薄荷,垃圾
人口味干辣椒,垃圾
等体积水,垃圾
酱或番茄沙司,垃圾
茶勺塔塔粉,垃圾
放几颗红枣,垃圾
多放点姜片,垃圾
段切丝大葱,垃圾
或熟芝麻,垃圾
段五花肉,垃圾
个人口味调整,垃圾
切碎胡萝卜,垃圾
根黄瓜,垃圾
些糯米粉,垃圾
马卡龙面糊,垃圾
或者萝卜,垃圾
碎等,垃圾
奶油馅材料,垃圾
而定面包糠,垃圾
菜或黄瓜,垃圾
切片洋葱,垃圾
好马苏里拉奶酪,垃圾
量豆腐,垃圾
添加炼奶,垃圾
等材料,垃圾
多一些水,垃圾
个人饭量米饭,垃圾
可选择,垃圾
迷迭香等,垃圾
圆模模具,垃圾
肥一点五花肉,垃圾
煮米饭,垃圾
等等等等,垃圾
百里香或迷迭香,垃圾
土豆或红薯,垃圾
放葡萄干,垃圾
做眼睛,垃圾
好吃大蒜,垃圾
或金枪鱼,垃圾
喜欢时蔬,垃圾
量巧克力,垃圾
好吃葱姜蒜,垃圾
量如下,垃圾
红色小辣椒,垃圾
椒或尖椒,垃圾
装饰原料,垃圾
或者清水,垃圾
仁或杏仁片,垃圾
红枣或葡萄干,垃圾
鸡翅或鸡腿,垃圾
等果干,垃圾
青菜适量,垃圾
或矿泉水,垃圾
等其他,垃圾
少一点水,垃圾
鲜奶油材料,垃圾
软一点,垃圾
点葱花,垃圾
放黑芝麻,垃圾
瓶盖,垃圾
自己喜好鸡蛋,垃圾
分之一粘米粉,垃圾
或鸡翅根,垃圾
自己喜欢肉末,垃圾
油配料,垃圾
自制芋泥,垃圾
蒸盘,垃圾
自己喜好干辣椒,垃圾
材料⬇️⬇️⬇️,垃圾
自己喜好年糕,垃圾
可不放洋葱,垃圾
肉或者虾仁,垃圾
原味牛奶,垃圾
自己喜好红枣,垃圾
裱花材料,垃圾
装饰蓝莓,垃圾
材料如下图,垃圾
步骤一,垃圾
步骤二,垃圾
条小鲫鱼,垃圾
喜欢干果,垃圾
量鸡蛋黄液,垃圾
量决定,垃圾
好食材,垃圾
或小汤圆,垃圾
段根胡萝卜,垃圾
切片葱姜蒜,垃圾
放小米椒,垃圾
分之一量杯大米,垃圾
菜或大头菜,垃圾
包子馅料,垃圾
虾仁或鲜虾,垃圾
好虾皮,垃圾
粉或藕粉,垃圾
好加马苏里拉芝士,垃圾
料见步骤图,垃圾
即可克水,垃圾
或麦片,垃圾
量甜玉米粒,垃圾
量杯普通面粉,垃圾
喜欢巧克力,垃圾
个黄桃,垃圾
或者木耳,垃圾
量糙米,垃圾
各人喜好,垃圾
切成条,垃圾
分之一水,垃圾
分之午餐肉,垃圾
个人喜欢蔬菜,垃圾
蒸馏酒,垃圾
选择干辣椒,垃圾
或者芋头,垃圾
或者馒头,垃圾
放枸杞,垃圾
抹面蛋糕,垃圾
好猪肉馅,垃圾
粉或番薯粉,垃圾
核桃馅料,垃圾
吃多少放多少土豆,垃圾
不锈钢锅,垃圾
个人喜欢香菜,垃圾
咸馅料,垃圾
好芝士,垃圾
量菠菜,垃圾
点水,垃圾
蓝莓或其他水果,垃圾
一点葱花,垃圾
蒸蛋,垃圾
茶勺可可粉,垃圾
红色剁椒,垃圾
切成薄片,垃圾
火腿或午餐肉,垃圾
放熟芝麻,垃圾
肉或者猪肉,垃圾
薄荷叶装饰,垃圾
你喜欢任何蔬菜,垃圾
馅料制作,垃圾
椰奶或牛奶,垃圾
面团部分材料,垃圾
即可大蒜,垃圾
青豆或黄瓜,垃圾
枣泥馅儿,垃圾
或油菜,垃圾
撒一点,垃圾
或白菜心,垃圾
或土豆,垃圾
即可冰水,垃圾
葡萄干适量,垃圾
粉浆部分,垃圾
五花肉或者瘦肉,垃圾
添加辣椒,垃圾
撒芝麻,垃圾
或奶油奶酪,垃圾
额外材料,垃圾
添加燕麦,垃圾
各种你喜欢食材,垃圾
量红茶,垃圾
量杯绿豆,垃圾
量杯米饭,垃圾
放白芝麻,垃圾
部分如下,垃圾
青柠或柠檬,垃圾
芝麻馅料,垃圾
量隔夜饭,垃圾
即可大葱,垃圾
添加火腿,垃圾
花适量,垃圾
量青柠檬皮屑,垃圾
段香茅,垃圾
奶黄馅材料,垃圾
好〉,垃圾
原味面包粉,垃圾
或豆制品,垃圾
松饼面糊,垃圾
或者啤酒,垃圾
或者罗勒叶,垃圾
或者不放,垃圾
奶或牛奶,垃圾
杯牛奶,垃圾
喜好小米椒,垃圾
白芝麻装饰,垃圾
椒或者线椒,垃圾
和面牛奶,垃圾
食材配料,垃圾
不沾炒锅,垃圾
分之洋白菜,垃圾
肉或肉馅,垃圾
菇或香菇,垃圾
个人量面条,垃圾
干或葡萄干,垃圾
随喜好,垃圾
椒或者青椒,垃圾
加肉末,垃圾
浆材料,垃圾
菜自己喜欢,垃圾
什么馅料,垃圾
烤肉肠,垃圾
早餐机,垃圾
菜或小青菜,垃圾
面条或挂面,垃圾
子面团,垃圾
量一半水,垃圾
骨或排骨,垃圾
量鸡翅,垃圾
四分之一个洋葱,垃圾
火腿或者培根,垃圾
吃多少买多少排骨,垃圾
粒玉米粒,垃圾
点干辣椒,垃圾
或熟黄豆粉,垃圾
巧克力部分,垃圾
电高压锅,垃圾
搅碎,垃圾
奶昔部分,垃圾
吃绿叶菜,垃圾
根小葱,垃圾
料部分⬇️,垃圾
骨汤或清水,垃圾
放瘦肉,垃圾
料见步骤一,垃圾
或鸡翅,垃圾
原味奶酪,垃圾
加水稀释,垃圾
尖椒或小米椒,垃圾
香肠或午餐肉,垃圾
量番薯粉,垃圾
步骤里,垃圾
凤梨酥模具,垃圾
或其他香料,垃圾
分之一意大利面,垃圾
好肉末,垃圾
量杏鲍菇,垃圾
芋头等,垃圾
分之一大白菜,垃圾
椒或者螺丝椒,垃圾
菜或者小白菜,垃圾
添加小米椒,垃圾
菜或者小青菜,垃圾
去骨鸡腿,垃圾
切丁洋葱,垃圾
分之铁棍山药,垃圾
你喜欢菌类,垃圾
个人喜好小米辣,垃圾
豆浆或水,垃圾
一个模具,垃圾
红油制作,垃圾
面粉或玉米粉,垃圾
你喜欢青菜,垃圾
喜欢什么放什么,垃圾
各种口味,垃圾
加了,垃圾
随便你,垃圾
菇或其他菌类,垃圾
青豆等,垃圾
蒸蛋糕,垃圾
条五花肉,垃圾
自己喜好虾仁,垃圾
一点洋葱,垃圾
切葱花葱,垃圾
量可以做,垃圾
量橘子皮,垃圾
个人口味蔬菜,垃圾
或蔓越梅,垃圾
锅或不粘锅,垃圾
自制香草酒,垃圾
海鲜等,垃圾
个人喜好青椒,垃圾
即可韭菜,垃圾
个咸蛋黄,垃圾
添加配料,垃圾
或小番茄,垃圾
步骤中,垃圾
点辣椒,垃圾
瘦猪肉馅儿,垃圾
海鲜或肉类,垃圾
放一起,垃圾
切成沫,垃圾
麦芬模具,垃圾
个戚风蛋糕,垃圾
根茎类,垃圾
煮意大利面,垃圾
添加玉米粒,垃圾
温水适量,垃圾
杏仁塔馅儿,垃圾
肉或鸡肉,垃圾
或其他装饰,垃圾
个人喜好炼乳,垃圾
点酒,垃圾
量加面粉,垃圾
放面条,垃圾
酱配料,垃圾
所需配料,垃圾
或果蔬泥,垃圾
加冷水,垃圾
个鹌鹑蛋,垃圾
量娃娃菜,垃圾
个番茄,垃圾
椒或红辣椒,垃圾
拌面料,垃圾
量肉类,垃圾
粉一点点,垃圾
红椒或剁椒,垃圾
原味酸牛奶,垃圾
或牛里脊肉,垃圾
皮配料,垃圾
量剩饭,垃圾
个人喜好火腿,垃圾
喜欢马苏里拉芝士,垃圾
加一点,垃圾
量腊肉,垃圾
吃多少放多少肥牛,垃圾
煮熟鸡蛋,垃圾
香酥炸鸡配料,垃圾
香肠或腊肉,垃圾
分之豆腐皮,垃圾
口味添加辣椒,垃圾
自己喜欢猪肉,垃圾
条龙利鱼,垃圾
豆腐或豆干,垃圾
量大葱,垃圾
片洋葱,垃圾
好花生米,垃圾
制材料,垃圾
皮等,垃圾
量小红辣椒,垃圾
放红枣,垃圾
豆或者四季豆,垃圾
自己喜欢酸奶,垃圾
海鲜菇或金针菇,垃圾
即可酸奶,垃圾
个人喜好葱姜蒜,垃圾
馅⬇️,垃圾
片材料,垃圾
即可小葱,垃圾
量芹菜,垃圾
喜欢蔬菜肉类,垃圾
分之一糯米粉,垃圾
或鸡腿肉,垃圾
自己喜欢量,垃圾
量豇豆,垃圾
看视频,垃圾
加黑芝麻,垃圾
或者草莓,垃圾
粉或者藕粉,垃圾
粉材料,垃圾
松饼材料,垃圾
饭团材料,垃圾
点缀水果,垃圾
段芦笋,垃圾
看着来,垃圾
或水或牛奶,垃圾
夹心食材,垃圾
茶勺白芝麻,垃圾
水配料,垃圾
勺炼奶,垃圾
好干辣椒,垃圾
虾干或虾皮,垃圾
点糯米,垃圾
自己喜欢佐料,垃圾
喜好添加香菜,垃圾
好饺子,垃圾
喜欢杏鲍菇,垃圾
放西红柿,垃圾
喜欢芝士,垃圾
放洋葱,垃圾
番茄或小番茄,垃圾
长方形模具,垃圾
肉或者前腿肉,垃圾
片火腿片,垃圾
即可炼乳,垃圾
喜欢金针菇,垃圾
卡通模具,垃圾
布丁材料,垃圾
料适量,垃圾
添加可可粉,垃圾
香菇等,垃圾
水等液体,垃圾
生菜或包菜,垃圾
鱼豆腐等,垃圾
加咸蛋黄,垃圾
馅或者豆沙馅,垃圾
量白菜,垃圾
或黑巧克力豆,垃圾
喝牛奶,垃圾
三分之一清水,垃圾
甜面包面团,垃圾
加蔓越莓,垃圾
好酒,垃圾
勺黑芝麻,垃圾
放虾皮,垃圾
草莓等水果,垃圾
叶等,垃圾
凉开水或者矿泉水,垃圾
即可红豆,垃圾
量意粉,垃圾
或鸡,垃圾
切成颗粒,垃圾
量定水,垃圾
或鸡腿,垃圾
或鱼豆腐,垃圾
分之一黄瓜,垃圾
或者薄荷,垃圾
或西芹,垃圾
或者肉末,垃圾
⬇️⬇️,垃圾
其他你喜欢蔬菜,垃圾
喜欢吃,垃圾
个人喜好莲子,垃圾
自制香肠,垃圾
等肉类,垃圾
切段葱,垃圾
汁制作,垃圾
即可西红柿,垃圾
玫瑰馅料,垃圾
量剩米饭,垃圾
个牛油果,垃圾
放很多,垃圾
而定大米,垃圾
发面面团,垃圾
肉或虾仁,垃圾
菜花或西兰花,垃圾
量杯玉米面,垃圾
个人口味油泼辣子,垃圾
等各种香料,垃圾
芝麻少许,垃圾
加入材料,垃圾
量蘑菇,垃圾
份量面条,垃圾
或者香肠,垃圾
黄瓜等蔬菜,垃圾
选材料,垃圾
雪碧或七喜,垃圾
放配料,垃圾
或者坚果,垃圾
好丽友派,垃圾
你喜欢芝士,垃圾
加少量水,垃圾
量牛里脊,垃圾
料等,垃圾
点猪肉,垃圾
量绿叶蔬菜,垃圾
一些干辣椒,垃圾
粉或,垃圾
量藜麦,垃圾
腌制配料,垃圾
或更多,垃圾
碗普通面粉,垃圾
六分之一,垃圾
多放点葱,垃圾
奶锅,垃圾
或姜黄粉,垃圾
量草莓,垃圾
香口味,垃圾
选辣椒,垃圾
前腿或五花,垃圾
个人口味小米辣,垃圾
量矿泉水,垃圾
截图,垃圾
片鸡蛋,垃圾
夹心配方,垃圾
土司面团,垃圾
或豆沙,垃圾
或者藕片,垃圾
多放大蒜,垃圾
片火腿肠,垃圾
胡萝卜等配菜,垃圾
洗好,垃圾
好冰块,垃圾
腊肠或腊肉,垃圾
加起来,垃圾
肉或羊腿肉,垃圾
香菜装饰,垃圾
个干红辣椒,垃圾
好」,垃圾
即可葱姜蒜,垃圾
量椰浆,垃圾
粉丝等,垃圾
或猪肉馅,垃圾
片面包片,垃圾
或鱿鱼丝,垃圾
一点清水,垃圾
杯全脂牛奶,垃圾
猪肉馅料,垃圾
好啦,垃圾
点牛奶,垃圾
或清水,垃圾
可不放枸杞,垃圾
段葱姜蒜,垃圾
点儿葱姜蒜,垃圾
自己喜好小葱,垃圾
辣椒或剁辣椒,垃圾
量米,垃圾
或牛腩,垃圾
椒或小米椒,垃圾
选放,垃圾
个人喜好小葱,垃圾
你喜欢丸子,垃圾
量熟芝麻,垃圾
加克糯米粉,垃圾
要求,垃圾
添加坚果,垃圾
酸奶或希腊酸奶,垃圾
步骤说明,垃圾
个蘑菇,垃圾
个人喜好蒜末,垃圾
蔓越莓馅儿,垃圾
个人量意面,垃圾
等自己喜欢蔬菜,垃圾
杯水,垃圾
面或意大利面,垃圾
或者马蹄,垃圾
加材料,垃圾
块三文鱼,垃圾
吃牛肉,垃圾
去皮切丁,垃圾
或猪肉丁,垃圾
菜或油麦菜,垃圾
牛奶或牛奶,垃圾
写步骤里,垃圾
鸡或者老母鸡,垃圾
蜜豆等,垃圾
喜好其他蔬菜,垃圾
酱表面装饰,垃圾
或者生菜,垃圾
自己喜好猪肉,垃圾
个包菜,垃圾
自制希腊酸奶,垃圾
木耳或香菇,垃圾
放纯牛奶,垃圾
或者纯净水,垃圾
放油辣子,垃圾
切成块,垃圾
配料见步骤,垃圾
个人需求,垃圾
酱⭐️,垃圾
肉或牛腩,垃圾
增减辣椒,垃圾
骨等,垃圾
小模具,垃圾
酱一点点,垃圾
量干辣椒圈,垃圾
少加一点,垃圾
果干等,垃圾
量淘米水,垃圾
做多少面粉,垃圾
果冻材料,垃圾
或者橙子皮,垃圾
夹心装饰,垃圾
或芹菜,垃圾
个人食量米粉,垃圾
放土豆,垃圾
量牛腩,垃圾
或花生米,垃圾
你喜欢蘑菇,垃圾
或者肉糜,垃圾
量黑米,垃圾
多一些姜,垃圾
或番茄沙司,垃圾
你喜欢香菜,垃圾
喜欢肉馅,垃圾
个人爱好,垃圾
或朝天椒,垃圾
喜欢配料,垃圾
放什么,垃圾
添加粉丝,垃圾
量新鲜莲子,垃圾
喜好添加冰块,垃圾
四分之一水,垃圾
蓝莓装饰,垃圾
加地瓜粉,垃圾
抹面装饰,垃圾
鱼或者草鱼,垃圾
煮粥,垃圾
肉或梅肉,垃圾
自己制作,垃圾
核桃等,垃圾
芝麻油适量,垃圾
或肥牛,垃圾
等调味,垃圾
即可面条,垃圾
干辣椒或者小米椒,垃圾
或干红辣椒,垃圾
或各种水果,垃圾
一点点姜,垃圾
水或者开水,垃圾
作装饰,垃圾
片培根,垃圾
••,垃圾
酸奶或开菲尔酸奶,垃圾
芝麻或者杏仁片,垃圾
喜欢就多加,垃圾
量细面条,垃圾
吃辣程度放干辣椒,垃圾
豆芽等,垃圾
随便什么菜,垃圾
量鸡汤,垃圾
肉或火腿,垃圾
肉材料,垃圾
或者秋葵,垃圾
量鸡胗,垃圾
个圣女果,垃圾
兔子模具,垃圾
量玉米青豆,垃圾
好容器,垃圾
个紫洋葱,垃圾
香菜等,垃圾
点鸡胸肉,垃圾
面团面团,垃圾
烤燕麦,垃圾
袋装牛奶,垃圾
葱或者蒜苗,垃圾
片等,垃圾
个人喜好火腿肠,垃圾
菜或者青菜,垃圾
肉或者火腿,垃圾
水或椰浆,垃圾
量花生仁,垃圾
放青菜,垃圾
或混合,垃圾
切末葱,垃圾
奶或鲜奶,垃圾
多一点五花肉,垃圾
和装饰,垃圾
甜口味,垃圾
菇或者口蘑,垃圾
巧克力豆装饰,垃圾
个人喜好培根,垃圾
或者红曲粉,垃圾
或者火腿,垃圾
添加糯米粉,垃圾
粉或其它粉,垃圾
不喜欢太甜,垃圾
分之一,垃圾
买袋装,垃圾
花生油等,垃圾
粥材料,垃圾
量珍珠米,垃圾
放木耳,垃圾
吃多少来多少米饭,垃圾
坚果装饰,垃圾
量加水,垃圾
葡萄干装饰,垃圾
或者一个,垃圾
午餐肉等,垃圾
点红薯,垃圾
或者蜜豆,垃圾
火腿等,垃圾
好吃蒜,垃圾
好腊肉,垃圾
点葡萄干,垃圾
蔓越莓口味,垃圾
颜色面团,垃圾
点炼乳,垃圾
菜或者香菜,垃圾
淡奶油部分,垃圾
或荷兰豆,垃圾
一些鸡蛋,垃圾
蔬菜适量,垃圾
量面包屑,垃圾
和配料,垃圾
依个人口味添加,垃圾
自己添加,垃圾
或芹菜叶,垃圾
量啤酒,垃圾
吃几个鸡蛋,垃圾
加多少,垃圾
饼馅料,垃圾
增减大蒜,垃圾
或者圣女果,垃圾
水等,垃圾
或豆沙馅,垃圾
添加鸡蛋,垃圾
吃多少煮多少红豆,垃圾
或其他绿叶菜,垃圾
加小葱,垃圾
等水果,垃圾
你喜欢素菜,垃圾
吃量,垃圾
水果或坚果,垃圾
好看水果,垃圾
吃心,垃圾
三分之一南瓜,垃圾
切模,垃圾
土豆等配菜,垃圾
香油少许,垃圾
杯量,垃圾
口味材料,垃圾
豆腐或老豆腐,垃圾
或其他喜欢蔬菜,垃圾
饼面团,垃圾
喜好花生米,垃圾
粉或者中筋粉,垃圾
或包菜,垃圾
不沾模具,垃圾
添加香菇,垃圾
勺低筋粉,垃圾
段蒜苗,垃圾
加开水,垃圾
吃多少大米,垃圾
煮意面,垃圾
好牛腱子肉,垃圾
料配料,垃圾
段洋葱,垃圾
好牛排,垃圾
适量鸡蛋,垃圾
液体酵头,垃圾
三分之二大米,垃圾
披萨酱部分,垃圾
皮部分材料,垃圾
量荞麦面,垃圾
量红豆馅,垃圾
个人口味红辣椒,垃圾
流心馅儿,垃圾
菜或圆白菜,垃圾
或者其他海鲜,垃圾
情况添加牛奶,垃圾
放炼乳,垃圾
喜好加炼乳,垃圾
制作原料,垃圾
颗娃娃菜,垃圾
切粗丝,垃圾
或帕玛森芝士,垃圾
点芝士,垃圾
马芬模具,垃圾
罐装,垃圾
肉或者里脊肉,垃圾
份量米,垃圾
即可牛肉,垃圾
好青菜,垃圾
装饰薄荷,垃圾
或马苏里拉芝士,垃圾
依自己喜好,垃圾
――,垃圾
重量牛奶,垃圾
放入肉末,垃圾
罐头,垃圾
菠菜面团,垃圾
酥顶部分,垃圾
酸菜馅儿,垃圾
苹果馅儿,垃圾
看你喜欢,垃圾
摆盘装饰,垃圾
馒头材料,垃圾
剩下面团,垃圾
蛋白材料,垃圾
个鸡蛋清,垃圾
液种材料,垃圾
腌肉部分,垃圾
料部分,垃圾
只鸡,垃圾
装饰芒果,垃圾
镜面装饰,垃圾
布丁模具,垃圾
虾仁部分,垃圾
可不要,垃圾
原味面团,垃圾
轻质不粘珐琅锅,垃圾
等等等,垃圾
色部分,垃圾
葱或者香菜,垃圾
详细做法,垃圾
段腊肠,垃圾
等意式香料,垃圾
随便几个,垃圾
芝麻馅材料,垃圾
果或其他坚果,垃圾
原味手抓饼,垃圾
奶油制作,垃圾
粒花生,垃圾
量巧克力豆,垃圾
抹茶奶冻,垃圾
量橙子皮,垃圾
心型模具,垃圾
水或配方奶,垃圾
可可无香菜,垃圾
不粘锅锅,垃圾
四分之一土豆,垃圾
段肉桂,垃圾
自己喜欢五花肉,垃圾
或五香面,垃圾
黑芝麻馅料,垃圾
放青尖椒,垃圾
自己喜好芝士,垃圾
可选胡萝卜,垃圾
香菜或者葱,垃圾
蒸架,垃圾
烤豆子,垃圾
或两个鸡蛋,垃圾
培根或火腿肠,垃圾
材料见步骤,垃圾
菠萝或凤梨,垃圾
生菜或其他蔬菜,垃圾
一些芝麻,垃圾
料或者,垃圾
段藕,垃圾
子馅料,垃圾
椒或者小米辣,垃圾
可选迷迭香,垃圾
蛋黄糊材料,垃圾
段海带,垃圾
汤匙水,垃圾
吃多少放多少鸡翅,垃圾
四分之鸡,垃圾
或薄荷叶,垃圾
或巧克力粉,垃圾
好毛豆,垃圾
段香葱,垃圾
凉白开或矿泉水,垃圾
一点面粉,垃圾
狗模具,垃圾
豆或鹰嘴豆,垃圾
椒或二荆条,垃圾
牛奶或炼乳,垃圾
你喜欢豆角,垃圾
煮熟去皮,垃圾
鸡蛋中等大小,垃圾
装饰奥利奥饼干碎,垃圾
腊肉或香肠,垃圾
奶茶部分,垃圾
多一点蒜蓉,垃圾
吃辣干辣椒,垃圾
或者豆泡,垃圾
分之鲜银耳,垃圾
饺子皮或馄饨皮,垃圾
分之一红萝卜,垃圾
奶油或者牛奶,垃圾
作料看做法,垃圾
或小黄瓜,垃圾
步骤面粉,垃圾
步骤牛奶,垃圾
量西芹,垃圾
酱等,垃圾
片葱姜蒜,垃圾
看情况加水,垃圾
菜或者其他青菜,垃圾
多一点葱姜蒜,垃圾
个人喜好午餐肉,垃圾
肉馅部分,垃圾
量黑巧克力,垃圾
些葱姜蒜,垃圾
增减鸡蛋,垃圾
加可乐,垃圾
任何你喜欢食材,垃圾
面粉等,垃圾
虾肉或虾仁,垃圾
段火腿,垃圾
牛肉或牛腩,垃圾
叶或罗勒叶,垃圾
装饰欧芹碎,垃圾
纸杯水,垃圾
擀面棍,垃圾
腌制萝卜,垃圾
模具月饼模具,垃圾
仁或核桃仁,垃圾
洋葱或者葱,垃圾
五花肉或后腿肉,垃圾
量食材,垃圾
喜好油泼辣子,垃圾
无添加酸奶,垃圾
或一个,垃圾
添加剁椒,垃圾
牛奶或椰浆,垃圾
菜添加,垃圾
工具一套,垃圾
煮面水,垃圾
分之一段大葱,垃圾
或半只鸡,垃圾
不放鸡蛋,垃圾
放了干辣椒,垃圾
果酱馅料,垃圾
或杏鲍菇,垃圾
培根或者火腿,垃圾
点南瓜,垃圾
分之哈密瓜,垃圾
豆腐脑材料,垃圾
肉或其他肉类,垃圾
饼干或奥利奥饼干,垃圾
溶豆配料,垃圾
椰蓉适量,垃圾
分之一红椒,垃圾
或核桃,垃圾
量郫县豆瓣,垃圾
喜欢红萝卜,垃圾
你喜欢土豆,垃圾
分之黄色甜椒,垃圾
分之红色甜椒,垃圾
切片泡菜,垃圾
看心情放,垃圾
抹茶粉或可可粉,垃圾
加宽粉,垃圾
放蒜苗,垃圾
好喝,垃圾
量白芝麻,垃圾
或美极鲜,垃圾
葡萄干或蔓越莓干,垃圾
五花肉或瘦肉,垃圾
奶或鲜牛奶,垃圾
喜好添加培根,垃圾
量麻椒,垃圾
子馅儿,垃圾
做酸奶,垃圾
准备馅料,垃圾
底蛋糕模具,垃圾
木耳等,垃圾
块牛排,垃圾
多放花生米,垃圾
或红辣椒,垃圾
腌制雪里红,垃圾
等各种调味品,垃圾
鸡蛋馅儿,垃圾
辣椒或干辣椒,垃圾
烤饼,垃圾
点牛肉,垃圾
可放可不放芝麻,垃圾
量福建老酒,垃圾
后腿肉或五花肉,垃圾
加熟芝麻,垃圾
黑乐砂锅,垃圾
杏仁等坚果,垃圾
可放可不放蒜,垃圾
云腿馅料,垃圾
个人喜好泡菜,垃圾
萝卜四分之一,垃圾
分之一红心火龙果,垃圾
分之甜玉米,垃圾
自己喜欢各种食材,垃圾
量看个人口味,垃圾
想吃馅料,垃圾
酌量添加,垃圾
寸模具,垃圾
或者香菇,垃圾
即可豆芽,垃圾
椰蓉酱材料,垃圾
调味配料,垃圾
夹心制作,垃圾
量勺奶粉,垃圾
喜欢其他蔬菜,垃圾
量哈,垃圾
或新鲜蓝莓,垃圾
中等大小番茄,垃圾
或蜜枣,垃圾
子或者苹果,垃圾
面或拉面,垃圾
莲蓉馅料,垃圾
茶勺百里香,垃圾
脱模,垃圾
菇或鲜香菇,垃圾
或者纱布,垃圾
烤几个红薯,垃圾
心材料,垃圾
夹馅材料,垃圾
增减土豆,垃圾
奶或者水,垃圾
娃娃菜或白菜,垃圾
饼干或消化饼干,垃圾
葱或蒜苗,垃圾
或融化巧克力,垃圾
奶或水,垃圾
叶子香菜,垃圾
脆底材料,垃圾
量红茶叶,垃圾
披萨饼皮材料,垃圾
披萨馅料,垃圾
或香草膏,垃圾
多放辣椒,垃圾
香葱或小葱,垃圾
叶子紫甘蓝,垃圾
叶子生菜,垃圾
抹茶桃山皮,垃圾
选择水果,垃圾
羊排或羊肉,垃圾
鲤鱼或者草鱼,垃圾
或者全蛋液,垃圾
或者买,垃圾
不放芝麻,垃圾
加吉鱼,垃圾
台搅拌机,垃圾
切片奶酪,垃圾
肉或后腿肉,垃圾
蜜豆或豆沙,垃圾
香菇或木耳,垃圾
可选配菜,垃圾
量西瓜,垃圾
汤或者清水,垃圾
火锅材料,垃圾
喜好蛤蜊,垃圾
烤鸡料,垃圾
纯净水或凉白开,垃圾
香菜或芹菜,垃圾
看个人鸡蛋,垃圾
是馅料部分,垃圾
量玫瑰花瓣,垃圾
放马苏里拉,垃圾
自己喜好胡萝卜,垃圾
纸或吸油纸,垃圾
喜欢西米,垃圾
菜或菜心,垃圾
鸡胸肉等,垃圾
或奇异果,垃圾
或草莓,垃圾
和面面粉,垃圾
去皮西红柿,垃圾
或牛肉馅,垃圾
酒或其他酒,垃圾
奶油做法,垃圾
喜好放香菜,垃圾
量毛豆,垃圾
人喜好,垃圾
正方形模具,垃圾
或平底锅,垃圾
腌制鸡胸肉,垃圾
一丢丢黑芝麻,垃圾
喜好红辣椒,垃圾
颗白菜,垃圾
腌制巴沙鱼料,垃圾
喜欢杂粮,垃圾
坚果或果干,垃圾
喜欢就加,垃圾
个人口味青辣椒,垃圾
即可芝麻,垃圾
喜欢蔬菜水果,垃圾
干或提子干,垃圾
吃多少放多少肉,垃圾
做手粉,垃圾
添加枸杞,垃圾
腌制粉,垃圾
老面面团,垃圾
两部分,垃圾
切块芒果,垃圾
面片材料,垃圾
啤酒或红酒,垃圾
早餐奶酪,垃圾
或者红豆,垃圾
淡奶油或酸奶,垃圾
海绵蛋糕材料,垃圾
子部分,垃圾
调馅料,垃圾
段即可葱,垃圾
刷面材料,垃圾
可丽饼材料,垃圾
其他喜欢食材,垃圾
去皮南瓜,垃圾
切粉,垃圾
水果等,垃圾
烤鸭鸭架,垃圾
竹签或牙签,垃圾
勺糯米粉,垃圾
酒或者白葡萄酒,垃圾
香菇或杏鲍菇,垃圾
自制腊肠,垃圾
喜欢吃青菜,垃圾
豆腐或绢豆腐,垃圾
分之一柠檬,垃圾
咖啡色面团,垃圾
鸡丁配料,垃圾
面皮部分,垃圾
各种自己喜欢肉类,垃圾
或者面粉,垃圾
三分之一葱,垃圾
液种面团,垃圾
粉或太白粉,垃圾
中等大小胡萝卜,垃圾
火腿肠或培根,垃圾
牛奶或配方奶,垃圾
或小白菜,垃圾
或剁辣椒,垃圾
量橙皮,垃圾
豆腐模具,垃圾
量定大米,垃圾
糯米饭材料,垃圾
点香菇,垃圾
自制辣白菜,垃圾
凤梨馅儿,垃圾
材料面糊材料,垃圾
酥面团,垃圾
腌制酸菜,垃圾
肉或猪肉,垃圾
放什么青菜,垃圾
分之红甜椒,垃圾
或二者混合,垃圾
粉或抹茶粉,垃圾
放奶酪,垃圾
叶或小葱,垃圾
多功能料理锅,垃圾
量韩式泡菜,垃圾
肉丸子材料,垃圾
酌情加水,垃圾
色糯米面团,垃圾
吃几个放几个土豆,垃圾
三分之大葱,垃圾
酱制作材料,垃圾
切断葱,垃圾
酥饼部分,垃圾
或提子干,垃圾
按喜好,垃圾
好后,垃圾
点蔬菜,垃圾
夹馅及装饰,垃圾
不粘锅工具,垃圾
水或者温水,垃圾
个人喜好水,垃圾
白菜馅儿,垃圾
挞皮部分,垃圾
饼干或者消化饼干,垃圾
蜜枣或无花果,垃圾
段小葱葱白,垃圾
可省,垃圾
不放蒜,垃圾
片紫菜,垃圾
量韩国泡菜,垃圾
或者姜末,垃圾
瓜四分之一,垃圾
添加酸奶,垃圾
喜好添加水果,垃圾
粒香菇,垃圾
茶勺牛奶,垃圾
或干果,垃圾
或者青豆,垃圾
煮贝果,垃圾
个人喜好草莓,垃圾
花生或腰果,垃圾
芽菜或榨菜,垃圾
段丝瓜,垃圾
分之内酯豆腐,垃圾
各一半彩椒,垃圾
肉丁或肉末,垃圾
看情况水,垃圾
蛋糕活底模具,垃圾
梨或苹果,垃圾
或油辣子,垃圾
吃饭勺子,垃圾
华夫饼模具,垃圾
个人喜欢其它,垃圾
拌饭芝麻海苔,垃圾
看菜谱,垃圾
泡芙材料,垃圾
青椒或辣椒,垃圾
粉或低筋粉,垃圾
吃多少放多少,垃圾
做梅干菜,垃圾
土豆三分之一,垃圾
量冰牛奶,垃圾
块土豆,垃圾
抹茶慕斯层,垃圾
椒或者小米椒,垃圾
虾仁馅料,垃圾
量主食,垃圾
量番茄沙司,垃圾
巧克力面团,垃圾
量山药,垃圾
腌制肉,垃圾
配料部分,垃圾
汤或牛奶,垃圾
内心部分,垃圾
或咖啡粉,垃圾
鹌鹑蛋或者鸡蛋,垃圾
蛋黄糊配料,垃圾
人口味而定干辣椒,垃圾
加点料,垃圾
菜或者芽菜,垃圾
量米杯面粉,垃圾
辣椒或泰椒,垃圾
量里脊肉,垃圾
个人食量面粉,垃圾
抹茶冰激凌,垃圾
粉或中粉,垃圾
等表面装饰,垃圾
米椒或干辣椒,垃圾
按喜好添加,垃圾
吃多少盛多少米饭,垃圾
可不芝麻,垃圾
点芒果,垃圾
吃奶酪,垃圾
心形饼干模具,垃圾
或者瑶柱,垃圾
酒或水,垃圾
条豆腐,垃圾
撒可可粉,垃圾
吃多少买多少鸡腿,垃圾
针式温度计,垃圾
慕斯馅儿,垃圾
肉或者其他肉,垃圾
看着放水,垃圾
末或香菜,垃圾
压豆腐模具,垃圾
好豆腐,垃圾
烤面包,垃圾
自己喜好馅料,垃圾
抹茶麻薯,垃圾
切达乳酪,垃圾
肉所需材料,垃圾
水或冰水,垃圾
可不放冰块,垃圾
段西葫芦,垃圾
粉可可粉适量,垃圾
片备,垃圾
或半个洋葱,垃圾
勺中筋面粉,垃圾
欧包面团,垃圾
液体量,垃圾
个人喜好水果,垃圾
点酸菜,垃圾
切碎蒜,垃圾
量猪肝,垃圾
枸杞适量,垃圾
根菠菜,垃圾
西红柿等,垃圾
内陷材料,垃圾
翅中或翅根,垃圾
烤箱纸,垃圾
去皮去骨鸡腿肉,垃圾
冰箱里,垃圾
放韭菜,垃圾
添加泡菜,垃圾
放萝卜,垃圾
烤盘纸,垃圾
木耳适量,垃圾
猪肉或腊肉,垃圾
饼干配料,垃圾
多放五花肉,垃圾
或者虾干,垃圾
段尖椒,垃圾
酌情水,垃圾
可选辣椒,垃圾
任意你喜欢,垃圾
卤材料,垃圾
早餐饼,垃圾
茶勺发酵粉,垃圾
中等大,垃圾
段切碎葱,垃圾
段葱绿,垃圾
步骤图里,垃圾
点就行葱姜蒜,垃圾
点西红柿,垃圾
量面皮,垃圾
好欢螺螺蛳粉,垃圾
喜好百香果,垃圾
加虾米,垃圾
奶酪或奶油奶酪,垃圾
自己喜欢模具,垃圾
食材等,垃圾
个人喜好黑芝麻,垃圾
馅儿心材料,垃圾
个人喜好粉丝,垃圾
喜好巧克力豆,垃圾
夹馅食材,垃圾
汤勺番茄膏,垃圾
等其他蔬菜,垃圾
去籽干辣椒,垃圾
香菜或韭菜,垃圾
三分之水,垃圾
喜欢生菜,垃圾
葱或青蒜,垃圾
你喜欢吃蔬菜,垃圾
菜或者包菜,垃圾
勺肉桂粉,垃圾
放生姜,垃圾
份量意大利面,垃圾
个人口味大蒜,垃圾
牛肉配料,垃圾
或两个,垃圾
好牛肉馅,垃圾
人喜好七味唐辛子,垃圾
水或开水,垃圾
喜好调整牛奶,垃圾
水或者纯牛奶,垃圾
加鹌鹑蛋,垃圾
可不香菜,垃圾
杯蔓越莓干,垃圾
或者整鸡,垃圾
分之贝贝南瓜,垃圾
个人喜好金针菇,垃圾
固体材料,垃圾
黄色部分,垃圾
个人喜好胡萝卜,垃圾
腌肉材料,垃圾
冰淇淋模具,垃圾
烤香,垃圾
香葱或蒜苗,垃圾
等量胡萝卜,垃圾
夹心奥利奥,垃圾
吐司或欧包,垃圾
甜不辣等,垃圾
喜好芝士粉,垃圾
裱花部分,垃圾
碗面面粉,垃圾
水或者冰牛奶,垃圾
分之一芋头,垃圾
或盆,垃圾
红色粉,垃圾
好米饭,垃圾
豆沙或莲蓉,垃圾
蒸米饭,垃圾
或者迷迭香,垃圾
段西芹,垃圾
菜或芝麻菜,垃圾
椰蓉馅配料,垃圾
分之包心菜,垃圾
可不下,垃圾
选择香菜,垃圾
红色杭椒,垃圾
量模具,垃圾
子蛋糕材料,垃圾
段法棍面包,垃圾
分之鸡胸肉,垃圾
放水果,垃圾
生菜或白菜,垃圾
烤翅,垃圾
另一种做法,垃圾
你喜欢马苏里拉,垃圾
猪颈肉或梅花肉,垃圾
水油皮部分,垃圾
⭕️,垃圾
看自己口味辣椒,垃圾
喜欢调味粉,垃圾
或者玉米粒,垃圾
个鸡爪,垃圾
碗底,垃圾
放黄豆,垃圾
原味大杏仁,垃圾
量鲜虾,垃圾
等干香料,垃圾
蛋或鸡蛋,垃圾
你喜欢东西,垃圾
牛油火锅,垃圾
吃多少煮多少挂面,垃圾
段三文鱼骨,垃圾
食品温度计,垃圾
冰水或冰块,垃圾
鸡蛋或鹌鹑蛋,垃圾
加蒜末,垃圾
绿豆沙馅料,垃圾
不锈钢小锅,垃圾
奶酥馅料,垃圾
喜欢奶酪,垃圾
米饭材料,垃圾
装饰酥粒,垃圾
加入温水,垃圾
深锅,垃圾
烤杏仁,垃圾
基础部分,垃圾
肉或者咸肉,垃圾
米粉或面条,垃圾
好婴儿奶粉,垃圾
饼干底部分,垃圾
一点黄瓜,垃圾
基本材料,垃圾
四分之一鸡,垃圾
看视频更多,垃圾
二分之,垃圾
培根等,垃圾
泡芙面团,垃圾
吐司材料,垃圾
加米粉,垃圾
凉白开或纯净水,垃圾
或者西兰花,垃圾
吃多少多少面粉,垃圾
口味添加芝麻,垃圾
自己喜好其他配菜,垃圾
添加麦片,垃圾
袋或保鲜袋,垃圾
分之青辣椒,垃圾
吃多少五花肉,垃圾
干或其他果干,垃圾
塔馅儿,垃圾
即可干辣椒,垃圾
牛奶或凉水,垃圾
添加红茶,垃圾
后材料,垃圾
凉白开或冰水,垃圾
个大头菜,垃圾
芒果等水果,垃圾
个人口味韭菜,垃圾
装饰和夹馅,垃圾
鸡腿或鸡翅,垃圾
分之洋葱碎,垃圾
你喜欢牛肉,垃圾
你喜欢鸡蛋,垃圾
香菜或小香葱,垃圾
搅成泥,垃圾
草莓等,垃圾
汤匙可可粉,垃圾
椰浆或牛奶,垃圾
自己喜欢金针菇,垃圾
加入鸡蛋,垃圾
白芝麻或者黑芝麻,垃圾
肠或者腊肠,垃圾
不沾锅,垃圾
是面皮部分,垃圾
粉等香料,垃圾
红色小尖椒,垃圾
彩色面团,垃圾
点缀胡萝卜,垃圾
比沙拉汁日式口味,垃圾
蛋糕做法,垃圾
个人口味红豆,垃圾
三分之一大米,垃圾
个人口味虾仁,垃圾
量可乐,垃圾
或玫瑰花,垃圾
或纯牛奶,垃圾
最好啦,垃圾
或瑶柱,垃圾
喜欢甜,垃圾
量黑木耳,垃圾
喜好葱姜蒜,垃圾
多放葱花,垃圾
吃火锅丸子,垃圾
个人喜好蒜蓉,垃圾
面条或者挂面,垃圾
点红茶,垃圾
吃辣程度干辣椒,垃圾
汤勺牛奶,垃圾
鸡腿或琵琶腿,垃圾
酸奶油或希腊酸奶,垃圾
粉多一点水,垃圾
火腿或者午餐肉,垃圾
自己喜欢火锅丸子,垃圾
吐司部分,垃圾
皮或饺子皮,垃圾
烤蔬菜,垃圾
罐头番茄,垃圾
或小米椒,垃圾
可选洋葱,垃圾
饼干或者奥利奥,垃圾
片五花肉,垃圾
粉或巧克力粉,垃圾
香菇或干香菇,垃圾
自己喜欢虾,垃圾
喜欢,垃圾
粒大蒜,垃圾
做装饰葱花,垃圾
虾仁等,垃圾
分之一青椒,垃圾
喜欢就放,垃圾
汤圆面团,垃圾
各种你喜欢水果,垃圾
你喜欢菌菇,垃圾
酌情香菜,垃圾
分之一西兰花,垃圾
段筒子骨,垃圾
添加热水,垃圾
自己喜好木耳,垃圾
纯净水或蒸馏水,垃圾
香菇或花菇,垃圾
口味添加朝天椒,垃圾
煮饭水,垃圾
做夹层,垃圾
吃多少就多少鸡翅,垃圾
吃多少肉,垃圾
叶子小白菜,垃圾
是主面团,垃圾
围边部分,垃圾
果镜面材料,垃圾
自己喜欢馅料,垃圾
迷迭香或百里香,垃圾
或者菠菜,垃圾
分之牛油果,垃圾
即可面包糠,垃圾
或者鱿鱼须,垃圾
吃多少鸡肉,垃圾
分之花椰菜,垃圾
或者蜜红豆,垃圾
蒸酒,垃圾
纯净水或矿泉水,垃圾
加其他配菜,垃圾
喜好熟芝麻,垃圾
放水水,垃圾
成品馄饨皮,垃圾
吃辣程度辣椒,垃圾
段铁杆山药,垃圾
老一点豆腐,垃圾
香菜或欧芹,垃圾
个人口味添加辣椒,垃圾
喜欢多放,垃圾
鸡腿部分,垃圾
等素菜,垃圾
原味腰果,垃圾
装饰配方,垃圾
硅胶杯,垃圾
食物温度计,垃圾
或豆泡,垃圾
点火腿,垃圾
各种喜欢蔬菜,垃圾
慕斯圈模具,垃圾
加入开水,垃圾
干辣椒或者小米辣,垃圾
把挂面,垃圾
锡纸烤盘,垃圾
不放红曲粉,垃圾
油多一些,垃圾
蛋黄或全蛋,垃圾
肠或培根,垃圾
吃多少意面,垃圾
雪糕部分,垃圾
脆皮部分,垃圾
杯子面粉,垃圾
个人喜好虾皮,垃圾
分之一鲜柠檬,垃圾
芝士馅材料,垃圾
少放一点,垃圾
量一样姜,垃圾
蛋糕卷所需材料,垃圾
面所需材料,垃圾
装饰红枣,垃圾
面粉或者中筋面粉,垃圾
个煮鸡蛋,垃圾
绿面团,垃圾
干材料,垃圾
添加猪肉,垃圾
加胡萝卜,垃圾
水信玄饼模具,垃圾
原味飞饼皮,垃圾
分之一圆白菜,垃圾
鸭蛋或者鸡蛋,垃圾
吃多少买多少,垃圾
个人口味柠檬,垃圾
可不放青椒,垃圾
个人食量意面,垃圾
拌匀备,垃圾
上装饰,垃圾
洋葱四分之一,垃圾
或者蟹肉棒,垃圾
任何材料,垃圾
看视频鸡蛋,垃圾
或者白开水,垃圾
披萨酱材料,垃圾
或者荷兰豆,垃圾
煮虾,垃圾
吃几只虾,垃圾
量水油皮,垃圾
量油酥,垃圾
量馅料,垃圾
个人口味加入,垃圾
个人口味添加香菜,垃圾
放一点点,垃圾
喜欢各种蔬菜,垃圾
放椰浆,垃圾
咖啡或茶,垃圾
看着办,垃圾
米或者剩饭,垃圾
好鸡中翅,垃圾
量杯花生,垃圾
量米杯,垃圾
锡纸盘,垃圾
腿肉或梅头肉,垃圾
个胡萝卜,垃圾
糯米或小米,垃圾
子剩下面团,垃圾
量来,垃圾
橙色面团,垃圾
分之肉桂粉,垃圾
条黄花鱼,垃圾
烤牛肉,垃圾
看着办蔬菜,垃圾
喜欢海鲜,垃圾
其它你喜欢食材,垃圾
叶或葱花,垃圾
或者奶油奶酪,垃圾
凉开水或矿泉水,垃圾
四分之一彩椒,垃圾
白或黑芝麻,垃圾
煮过玻璃瓶,垃圾
骨汤或鸡汤,垃圾
菜或者卷心菜,垃圾
抹茶味桃山皮,垃圾
个人口味配菜,垃圾
蘑菇或者香菇,垃圾
鸡汤或水,垃圾
自己喜欢新鲜水果,垃圾
搭配配菜,垃圾
分之一火龙果,垃圾
你喜欢香草,垃圾
段蒲烧鳗鱼,垃圾
个人喜好干贝,垃圾
上层装饰,垃圾
吃几个红薯,垃圾
或姜片,垃圾
和面包糠,垃圾
个鸡腿菇,垃圾
点芹菜,垃圾
个人喜好猪肉,垃圾
虾米或者鲜虾,垃圾
不粘模具,垃圾
香葱或大葱,垃圾
腿或鸡胸肉,垃圾
放芹菜,垃圾
你喜欢青椒,垃圾
量卡夫芝士粉,垃圾
麦芬面糊,垃圾
叶子部分,垃圾
袋装酸菜,垃圾
差不多姜,垃圾
可放可不放姜,垃圾
即可木耳,垃圾
加红枣,垃圾
米纸,垃圾
分量面条,垃圾
鲜肉馅儿,垃圾
段辣椒,垃圾
吃干果,垃圾
或者红茶,垃圾
加草莓,垃圾
菜或者榨菜,垃圾
多放干辣椒,垃圾
切碎备,垃圾
添加配菜,垃圾
可不放土豆,垃圾
椒或柿子椒,垃圾
仁或其他坚果,垃圾
即可黑芝麻,垃圾
切柠檬,垃圾
要多一点,垃圾
自己喜好腊肠,垃圾
自己喜好青菜,垃圾
自己喜好香菇,垃圾
拌饭素,垃圾
骨或者瘦肉,垃圾
勺肉豆蔻粉,垃圾
搅拌盆,垃圾
或其他杂粮,垃圾
去皮鸡腿,垃圾
喜欢白芝麻,垃圾
切开,垃圾
吃量挂面,垃圾
量按自己喜好调整,垃圾
烤羊腿,垃圾
茄汁配料,垃圾
你喜欢绿色蔬菜,垃圾
奶油及装饰,垃圾
山药等,垃圾
天妇罗面糊,垃圾
量两倍清水,垃圾
分之一贝贝南瓜,垃圾
爆锅,垃圾
面团材料如下,垃圾
量自己喜欢蔬菜,垃圾
搭配菜,垃圾
烤坚果,垃圾
搭配其他蔬菜,垃圾
香菇若干,垃圾
果中等大小,垃圾
人喜好干辣椒,垃圾
萝卜或红萝卜,垃圾
椰汁或牛奶,垃圾
纯净水或凉开水,垃圾
吃多少肥牛,垃圾
吃多少放多少黄瓜,垃圾
切絲,垃圾
可不放小米椒,垃圾
加蜜豆,垃圾
成面团,垃圾
条状,垃圾
好里脊肉,垃圾
放鸡胸肉,垃圾
分之一银耳,垃圾
随便什么面粉,垃圾
麦面粉或中筋面粉,垃圾
段火腿肠,垃圾
量而定面粉,垃圾
肠或午餐肉,垃圾
或四季豆,垃圾
果干或坚果,垃圾
添加奥利奥饼干碎,垃圾
洋葱少许,垃圾
或西兰花,垃圾
适量干辣椒,垃圾
香油等,垃圾
戚风蛋糕做法,垃圾
一点小葱,垃圾
酒材料,垃圾
可不放椰蓉,垃圾
点花生碎,垃圾
分之大头菜,垃圾
你喜欢吃,垃圾
猪肉末或牛肉末,垃圾
料少许,垃圾
火腿肠或香肠,垃圾
不放葱花,垃圾
厚底平底锅,垃圾
好鸡胸肉,垃圾
或芋头,垃圾
煮肉汤,垃圾
蒸熟米饭,垃圾
分之一火腿,垃圾
菜部分,垃圾
你喜欢胡萝卜,垃圾
瘦肉或排骨,垃圾
喜欢吃辣,垃圾
而定木耳,垃圾
烤纸,垃圾
叶或粽子叶,垃圾
喜欢蒜头,垃圾
蟹或梭子蟹,垃圾
水或者清水,垃圾
量杯牛奶,垃圾
分之大白菜,垃圾
或椰子水,垃圾
喜欢蔬菜们,垃圾
或大蒜,垃圾
量牛奶或水,垃圾
或青豆,垃圾
块切碎,垃圾
可可粉等,垃圾
可省略香菜,垃圾
戚风或海绵蛋糕,垃圾
要求水,垃圾
芝士材料,垃圾
茶勺肉豆蔻粉,垃圾
汁材料,垃圾
青椒或者小米椒,垃圾
量鸡蛋清,垃圾
配方奶或纯牛奶,垃圾
戚风材料,垃圾
红椒或胡萝卜,垃圾
或海鲜,垃圾
味酸奶,垃圾
喜欢各类蔬菜,垃圾
定型模具,垃圾
原味杏仁奶,垃圾
其它菌类,垃圾
加凉开水,垃圾
吃面条,垃圾
自己喜欢肉类,垃圾
枣或者大枣,垃圾
或红茶包,垃圾
全麦面团,垃圾
切大蒜,垃圾
量而定面,垃圾
即可地瓜粉,垃圾
量杯半大米,垃圾
加肥牛,垃圾
盒装酸奶,垃圾
或牛上脑,垃圾
肉部分,垃圾
放量,垃圾
你喜欢鸡翅,垃圾
吃饭碗水,垃圾
一点点提味,垃圾
步骤介绍,垃圾
分之柿子椒,垃圾
分之一個洋蔥,垃圾
燕麦片表面装饰,垃圾
芝麻装饰,垃圾
或茄子,垃圾
是面团材料,垃圾
肉或去皮五花肉,垃圾
揉成面团,垃圾
酱适量,垃圾
或蓝莓,垃圾
粉或芝士粉,垃圾
米或黑米,垃圾
蒜或者香菜,垃圾
喜欢就多放,垃圾
甜馅料,垃圾
马克西姆不粘锅,垃圾
蛋糕糊部分,垃圾
量勺,垃圾
饼部分,垃圾
蔓越莓干等,垃圾
面或者意面,垃圾
液材料,垃圾
叶或薄荷叶,垃圾
量添加水,垃圾
量凉水,垃圾
量肥牛卷,垃圾
面粉或中筋面粉,垃圾
加迷迭香,垃圾
韭菜或者小葱,垃圾
点板栗,垃圾
心情玉米粒,垃圾
好吧,垃圾
好饺子皮,垃圾
或竹炭粉,垃圾
不放辣椒,垃圾
芒果适量,垃圾
腌制黄萝卜,垃圾
酌情鸡蛋,垃圾
自己喜欢装饰水果,垃圾
或菌类,垃圾
任何你喜欢菜,垃圾
切粒姜,垃圾
粉或者红薯粉,垃圾
蛋液表面装饰,垃圾
吃几个煮几个鸡蛋,垃圾
``,垃圾
杏鲍菇等,垃圾
粉或小麦粉,垃圾
或奶油霜,垃圾
原色面团,垃圾
自己喜欢洋葱,垃圾
杯子蛋糕模具,垃圾
虾等海鲜,垃圾
或切丝姜,垃圾
派皮面团,垃圾
吃食,垃圾
加苹果,垃圾
纸或者保鲜膜,垃圾
喜欢果干,垃圾
分量蛋清,垃圾
粉条或者粉丝,垃圾
喜欢菌菇,垃圾
多一些葱花,垃圾
喜好西兰花,垃圾
吃多少放多少虾仁,垃圾
奶茶材料,垃圾
量香蕉,垃圾
葱或者韭菜,垃圾
面粉或普通面粉,垃圾
自己喜欢吧,垃圾
放黄瓜,垃圾
橙汁或牛奶,垃圾
即可芹菜,垃圾
即可马苏里拉,垃圾
加西兰花,垃圾
原味挂面,垃圾
筋面粉或全麦面粉,垃圾
加生姜,垃圾
喜欢绿叶菜,垃圾
勺可可粉,垃圾
勺量,垃圾
鸡蛋或者鹌鹑蛋,垃圾
原料⬇️,垃圾
些葱,垃圾
段香蕉,垃圾
自己喜好鱼豆腐,垃圾
自己喜好各种蔬菜,垃圾
段干海带,垃圾
菜或者西兰花,垃圾
或者榴莲,垃圾
量蛋挞皮,垃圾
加牛肉,垃圾
淡奶或牛奶,垃圾
筋或普通面粉,垃圾
条鱼,垃圾
看下面图片,垃圾
点薏米,垃圾
肉末少许,垃圾
蒸扇贝,垃圾
一斤猪肉,垃圾
或羊腿肉,垃圾
撒表面,垃圾
个人喜好配菜,垃圾
勺虾皮粉,垃圾
雪碧或者苏打水,垃圾
烤土豆,垃圾
自选配料,垃圾
三明治模具,垃圾
花生等,垃圾
喜好火腿肠,垃圾
沙拉酱材料,垃圾
草莓若干,垃圾
添加葱,垃圾
蒜苗适量,垃圾
一点蔬菜,垃圾
做底,垃圾
乳或者牛奶,垃圾
加肉末里,垃圾
菜或紫甘蓝,垃圾
烤锅,垃圾
或者鸡腿肉,垃圾
手套或保鲜袋,垃圾
加点水,垃圾
吃多少多少,垃圾
各配料,垃圾
或荔浦芋头,垃圾
花菜或西兰花,垃圾
菜或其他绿色蔬菜,垃圾
切片菠萝,垃圾
南瓜馅儿,垃圾
菜或者韭菜,垃圾
量全蛋液,垃圾
喜好甜玉米,垃圾
或各种肠,垃圾
部分所需材料,垃圾
加量,垃圾
依口味添加,垃圾
表面装饰部分,垃圾
番茄酱等,垃圾
杏仁片或芝麻,垃圾
迷迭香装饰,垃圾
据个人喜好葡萄干,垃圾
形状模具,垃圾
肉或咸肉,垃圾
土豆适量,垃圾
红色各彩椒,垃圾
萝卜三分之,垃圾
吃各种菜,垃圾
汤勺番薯粉,垃圾
喜好葱末,垃圾
肉酱配料,垃圾
或者青菜叶,垃圾
喜好巧克力,垃圾
粉或粉丝,垃圾
点缀一下,垃圾
芦笋适量,垃圾
面包或馒头,垃圾
吃就放香菜,垃圾
喜欢吃鱼,垃圾
拌肉,垃圾
腊肉或咸肉,垃圾
喜欢菜菜,垃圾
放干香菇,垃圾
吃多少放多少韭菜,垃圾
模具工具,垃圾
汁发面团,垃圾
块鸡块,垃圾
鸡肉或猪肉,垃圾
开水或温水,垃圾
其他自己喜欢配菜,垃圾
即可生姜,垃圾
贝果面团,垃圾
好海鲜,垃圾
个数干辣椒,垃圾
放白菜,垃圾
麦粉或者全麦粉,垃圾
菜或上海青,垃圾
或青椒,垃圾
迷迭香等香料,垃圾
喜好鸡肉,垃圾
肉或者鸡胸肉,垃圾
或海蛎干,垃圾
凉开水或冰水,垃圾
量小西红柿,垃圾
量比较大,垃圾
分之红彩椒,垃圾
心情五花肉,垃圾
放不放青椒,垃圾
吃多少米线,垃圾
或其它果仁,垃圾
自制火腿肠,垃圾
个人喜好添加辣椒,垃圾
香锅,垃圾
干或者葡萄干,垃圾
搪瓷锅,垃圾
分之一量杯糯米,垃圾
好大米,垃圾
饼干装饰,垃圾
紫薯馅儿,垃圾
加入蛋黄糊,垃圾
好胃口,垃圾
蛋糕底材料,垃圾
巧克力慕斯材料,垃圾
喜欢蔬菜蔬菜,垃圾
或鸡脯肉,垃圾
自己喜欢香菜,垃圾
即可奶粉,垃圾
一些大蒜,垃圾
冰箱存货,垃圾
做好酸奶,垃圾
适量面粉,垃圾
可不放牛奶,垃圾
挂面或手擀面,垃圾
腌制好鸡胸肉,垃圾
或全麦面包,垃圾
放大料,垃圾
烤红薯,垃圾
量羊排,垃圾
粒葡萄,垃圾
水或气泡水,垃圾
原味冰淇淋,垃圾
奶油或者酸奶,垃圾
或者罗勒,垃圾
或牛肉糜,垃圾
或圣女果,垃圾
果或者其他水果,垃圾
切末葱姜蒜,垃圾
一些牛奶,垃圾
米或普通大米,垃圾
菜或者酸菜,垃圾
个人喜好红豆,垃圾
量增减,垃圾
菜或其他绿叶蔬菜,垃圾
参考图片,垃圾
面粉或低粉,垃圾
煮面,垃圾
片少量,垃圾
黑麦面团,垃圾
搅拌杯,垃圾
量水果,垃圾
喜欢莲子,垃圾
好豆腐泡,垃圾
虾等,垃圾
颗西兰花,垃圾
一点点洋葱,垃圾
厨房温度计,垃圾
粉或粘米粉,垃圾
压力锅,垃圾
好吃关键,垃圾
加减牛奶,垃圾
做好汤种,垃圾
中等香蕉,垃圾
蜜红豆等,垃圾
蛋糕卷配料,垃圾
原味卷饼,垃圾
多放小米椒,垃圾
要香菇,垃圾
沙拉酱少许,垃圾
量白开水,垃圾
布朗尼部分,垃圾
添加纯牛奶,垃圾
里脊或者鸡胸肉,垃圾
腊肠或火腿肠,垃圾
或气泡水,垃圾
喜好其他香料,垃圾
量坚果,垃圾
量饺子,垃圾
或燕麦片,垃圾
米三分之一糯米,垃圾
面做法,垃圾
部分⬇️,垃圾
个人口味定干辣椒,垃圾
使模具,垃圾
月饼馅儿,垃圾
白巧克力装饰,垃圾
或者蒜薹,垃圾
片生菜,垃圾
或者鸡大腿,垃圾
抹茶面,垃圾
鸡或鸡腿肉,垃圾
冰激凌模具,垃圾
面团材料⬇️,垃圾
皮材料⬇️,垃圾
加椰浆,垃圾
蛋糕粉或低粉,垃圾
温水或温奶,垃圾
你喜欢配料,垃圾
个白洋葱,垃圾
添加黑芝麻,垃圾
西红柿或圣女果,垃圾
米或者黑米,垃圾
草莓口味,垃圾
添加克水,垃圾
牛奶或杏仁奶,垃圾
加绿豆,垃圾
葱等,垃圾
腌制虾仁,垃圾
好玻璃瓶,垃圾
模一个模具,垃圾
切丝葱,垃圾
奶或者牛奶,垃圾
量杏仁粉,垃圾
等量清水,垃圾
腌制排骨,垃圾
喜欢土豆,垃圾
点咸,垃圾
汤圆馅儿,垃圾
奶酪或芝士片,垃圾
汤勺水,垃圾
或者肉肠,垃圾
量白面,垃圾
段香草荚,垃圾
喜好加牛奶,垃圾
蒜末适量,垃圾
黄豆酱等,垃圾
搅拌勺,垃圾
香菇适量,垃圾
放梅干菜,垃圾
姜片适量,垃圾
添加芒果,垃圾
红色蔬菜,垃圾
面条适量,垃圾
自己喜好洋葱,垃圾
馅料如下↓,垃圾
皮料如下↓,垃圾
吃了,垃圾
量大白菜,垃圾
黄瓜或香菜,垃圾
喜欢丸子,垃圾
可不放小葱,垃圾
酵头部分,垃圾
或牛奶巧克力,垃圾
个人口味麻椒,垃圾
或红心火龙果,垃圾
一点白芝麻,垃圾
红薯馅料,垃圾
个人喜好红枣,垃圾
肥瘦肉馅儿,垃圾
你喜欢豆子,垃圾
喜好青辣椒,垃圾
菇或其他蘑菇,垃圾
南瓜四分之南瓜,垃圾
加姜,垃圾
加减水,垃圾
或者杏仁,垃圾
或方便面,垃圾
米配料,垃圾
切丝鸡胸肉,垃圾
橙子或柠檬,垃圾
量鲍鱼,垃圾
添加清水,垃圾
水或者鲜奶,垃圾
量油菜,垃圾
尖椒或青椒,垃圾
或者蓝莓,垃圾
豆沙或其它馅,垃圾
奶油或鲜奶,垃圾
大米或糯米,垃圾
猪肉馅配料,垃圾
汁配料,垃圾
种蔬菜,垃圾
量黄桃,垃圾
即可可乐,垃圾
饼干或奥利奥,垃圾
量豆沙馅,垃圾
其他喜欢配菜,垃圾
不同口味,垃圾
加蔓越莓干,垃圾
好吃猪肉,垃圾
分之一香芋,垃圾
吃多少放多少豆角,垃圾
或者葱段,垃圾
莓干或蔓越莓干,垃圾
一些青菜,垃圾
土豆泥材料,垃圾
做蛋糕,垃圾
喜欢叶子菜,垃圾
分之一辣白菜,垃圾
菇或者蟹味菇,垃圾
切成两半,垃圾
油等调味品,垃圾
放香葱,垃圾
汁或者牛奶,垃圾
你喜欢干辣椒,垃圾
鸡或者三黄鸡,垃圾
辅料部分,垃圾
素馅料,垃圾
不放尖椒,垃圾
个人喜好白芝麻,垃圾
花菇或香菇,垃圾
个红薯,垃圾
蒸熟压成泥,垃圾
你喜欢洋葱,垃圾
只青口贝,垃圾
量杯高筋面粉,垃圾
颗上海青,垃圾
香肠或火腿肠,垃圾
或者大蒜,垃圾
心情胡萝卜,垃圾
或者红茶包,垃圾
可可粉或巧克力,垃圾
点面粉,垃圾
喜欢黑巧克力,垃圾
即可黄瓜,垃圾
碎表面装饰,垃圾
加上,垃圾
️低筋面粉,垃圾
肉松等,垃圾
分之可可粉,垃圾
少一些水,垃圾
根山药,垃圾
裹入材料,垃圾
磅蛋糕面糊,垃圾
个人喜好榴莲,垃圾
切大丁,垃圾
吃多少买多少生蚝,垃圾
酒或者红酒,垃圾
口味添加蜜红豆,垃圾
叶子包心菜,垃圾
或者熟芝麻,垃圾
或前腿肉,垃圾
分之玉米粒,垃圾
分之灯笼椒,垃圾
机或破壁机,垃圾
量金枪鱼罐头,垃圾
吃多少鸡翅,垃圾
三分之一啤酒,垃圾
吃多少芋头,垃圾
粒干贝,垃圾
加热,垃圾
多放麻椒,垃圾
杯子蛋糕体,垃圾
量米粉,垃圾
或韭菜花,垃圾
切长条,垃圾
各一点点,垃圾
汤勺粘米粉,垃圾
裱花头,垃圾
鸡或嫩鸡,垃圾
料⬇️⬇️⬇️,垃圾
只西红柿,垃圾
个人喜好蔓越莓,垃圾
吃啥就放啥,垃圾
巧克力或黑巧克力,垃圾
好大米饭,垃圾
喜好添加其他食材,垃圾
形慕斯模具,垃圾
碗量,垃圾
碗玉米面,垃圾
锡纸托,垃圾
珐琅铸铁锅,垃圾
量锡纸,垃圾
量花甲,垃圾
洗净切块,垃圾
瓶可乐,垃圾
你喜欢其他蔬菜,垃圾
量杯黑糯米,垃圾
烤芝士,垃圾
看心情牛肉,垃圾
做披萨,垃圾
喜欢辣度小米椒,垃圾
抹茶莲蓉,垃圾
云吞皮或饺子皮,垃圾
你喜欢菠菜,垃圾
喜欢小青菜,垃圾
米或者糯米,垃圾
分之一蛋白,垃圾
段小米辣,垃圾
鸡蛋液适量,垃圾
切丝香菇,垃圾
切丝木耳,垃圾
叶子白菜叶,垃圾
胡萝卜少许,垃圾
勺计量,垃圾
饼干制作,垃圾
或马苏里拉,垃圾
可不放芹菜,垃圾
也可不放香菜,垃圾
萝卜或者土豆,垃圾
等辅料,垃圾
内馅食材,垃圾
铁锅,垃圾
不粘锅平底锅,垃圾
放哦,垃圾
或凉白开,垃圾
喜欢什么,垃圾
个人口味肉桂粉,垃圾
去皮去骨鸡腿,垃圾
猪肉或五花肉,垃圾
粒蒜头,垃圾
添加青椒,垃圾
其它海鲜,垃圾
薯或者红薯,垃圾
甜甜圈模具,垃圾
等量温开水,垃圾
自己喜欢各种水果,垃圾
其他自己喜欢蔬菜,垃圾
早餐燕麦片,垃圾
自己喜欢东西,垃圾
原味蛋糕粉,垃圾
芝士面糊,垃圾
微波炉加热熟,垃圾
少一点点水,垃圾
原味面糊,垃圾
个头西红柿,垃圾
装饰香葱,垃圾
好红茶,垃圾
彩绘部分,垃圾
或冰块,垃圾
看你吃多少面条,垃圾
放红豆,垃圾
芝麻等坚果,垃圾
饼皮配料,垃圾
个人量大米,垃圾
可放可不放辣椒,垃圾
喜欢瘦猪肉,垃圾
切滚刀块,垃圾
放青红椒,垃圾
矿泉水或冷开水,垃圾
自己喜好蒜泥,垃圾
做米饭,垃圾
喜欢各种丸子,垃圾
你喜欢面,垃圾
加腊肠,垃圾
喜好芝士碎,垃圾
拌好,垃圾
月饼皮部分,垃圾
加酸奶,垃圾
按自己喜欢,垃圾
装饰枸杞,垃圾
切菜刀,垃圾
好面包片,垃圾
或即食麦片,垃圾
喜好添加葡萄干,垃圾
等皆可,垃圾
个人口味生姜,垃圾
喜好添加蔬菜,垃圾
或新鲜番茄,垃圾
黄油少许,垃圾
量不同,垃圾
饺子或速冻饺子,垃圾
即可南瓜,垃圾
烤芝士层,垃圾
玉米适量,垃圾
或法棍,垃圾
加高戚风蛋糕,垃圾
顶部分,垃圾
把韭菜,垃圾
麻油适量,垃圾
去皮白萝卜,垃圾
蔓越莓等果干,垃圾
添加葡萄干,垃圾
多放猪肉,垃圾
汁⬇️⬇️⬇️,垃圾
段切丝葱白,垃圾
喜欢肉肉,垃圾
片大葱,垃圾
或者米饭,垃圾
量即可牛奶,垃圾
个人喜好肉馅,垃圾
清水或者牛奶,垃圾
糯米粉或面粉,垃圾
夹馅及抹面,垃圾
吃多少放多少青菜,垃圾
或大料,垃圾
量猪肉糜,垃圾
些桂花,垃圾
块葱姜蒜,垃圾
可不放虾皮,垃圾
切小薄片,垃圾
或者冬瓜,垃圾
意面配料,垃圾
皮↓,垃圾
萝卜或者白萝卜,垃圾
吃多少放多少大米,垃圾
里脊或鸡胸肉,垃圾
心情葱姜蒜,垃圾
个人口味芝麻,垃圾
喜欢东西,垃圾
或椰丝,垃圾
吃多少米,垃圾
班戟皮材料,垃圾
意面材料,垃圾
而定培根,垃圾
放肉馅,垃圾
点肉松,垃圾
量香米,垃圾
蛋糕表面装饰,垃圾
如下↓,垃圾
原味发酵乳,垃圾
生菜或卷心菜,垃圾
买那种,垃圾
面或鸡蛋面,垃圾
加勒比巧克力,垃圾
或者巴沙鱼柳,垃圾
一些生姜,垃圾
可放可不放香菜,垃圾
量黄豆芽,垃圾
做几个鸡蛋,垃圾
去籽柠檬,垃圾
只龙虾,垃圾
虾或其他海鲜,垃圾
葱或者香葱,垃圾
量螺丝粉,垃圾
去骨鸡腿排,垃圾
放温水,垃圾
添加奶酪,垃圾
葱若干,垃圾
买钱饺子皮,垃圾
小米辣或干辣椒,垃圾
点菜,垃圾
喜欢就多放香菜,垃圾
点菠萝,垃圾
个人喜好排骨,垃圾
菠菜粉或抹茶粉,垃圾
看着办吧,垃圾
可模具,垃圾
或玉米面,垃圾
点缀红辣椒,垃圾
或黑木耳,垃圾
或者炼奶,垃圾
或小米辣,垃圾
喜欢葱姜蒜,垃圾
或发酵粉,垃圾
香菜或罗勒叶,垃圾
喜好四季豆,垃圾
椒四分之一,垃圾
添加南瓜,垃圾
莲蓉馅儿,垃圾
盆馅料,垃圾
紫菜或者海苔,垃圾
量中种面团,垃圾
虾仁材料,垃圾
汁或者水,垃圾
或者蒜瓣,垃圾
锅底材料,垃圾
差不多了,垃圾
自制黄桃罐头,垃圾
肉馅儿部分,垃圾
火腿肠或者午餐肉,垃圾
电子温度计,垃圾
买馄饨皮,垃圾
纯净水或者凉白开,垃圾
切成葱花葱,垃圾
放多少黑芝麻,垃圾
切丁香菇,垃圾
肉腌制部分,垃圾
放小葱,垃圾
或者黄豆粉,垃圾
巧克力等,垃圾
一点土豆,垃圾
或甜玉米,垃圾
或梅花肉,垃圾
或者大虾,垃圾
片蒜苗,垃圾
喜欢馅儿,垃圾
买蒸肉粉,垃圾
粉或者低筋面粉,垃圾
好年糕,垃圾
量圆白菜,垃圾
蛋液或蛋黄液,垃圾
喜好量,垃圾
蔬菜或肉类,垃圾
蟹或三眼蟹,垃圾
罗勒叶等香料,垃圾
加马苏里拉,垃圾
入材料,垃圾
好意面,垃圾
个圆白菜,垃圾
蛋糕面糊材料,垃圾
点黄瓜,垃圾
放红辣椒,垃圾
放青辣椒,垃圾
培根火腿等,垃圾
放红薯粉,垃圾
分之一段葱,垃圾
或青菜,垃圾
连模具,垃圾
蘑菇或香菇,垃圾
分之黄洋葱,垃圾
个人喜好黄瓜,垃圾
外表装饰,垃圾
可省略干桂花,垃圾
或鸡软骨,垃圾
鱼头或鱼肉,垃圾
粉或者高筋面粉,垃圾
任意你喜欢蔬菜,垃圾
芋圆材料,垃圾
不沾奶锅,垃圾
不粘锅一个,垃圾
添加核桃,垃圾
茶勺玉米粉,垃圾
叶子切碎,垃圾
冰箱里蔬菜,垃圾
抹茶奶茶粉,垃圾
根玉米,垃圾
戚风配料,垃圾
汤勺小米,垃圾
放香菇,垃圾
夹心与装饰,垃圾
或者西瓜,垃圾
茶勺芫荽籽,垃圾
只要你喜欢,垃圾
点缀熟白芝麻,垃圾
肉带一点肥,垃圾
喜好山药,垃圾
添加芝士粉,垃圾
面或乌冬面,垃圾
或其他配料,垃圾
喜欢大蒜,垃圾
吃多少放多少香菜,垃圾
量东北大米,垃圾
浆部分,垃圾
寿司模具,垃圾
自己喜好粉丝,垃圾
分量面粉,垃圾
片金华火腿,垃圾
吃多少做多少鸡翅,垃圾
冰块或冰水,垃圾
绿茶或红茶,垃圾
白芝麻一点点,垃圾
抹茶奶油馅,垃圾
切片干酪,垃圾
片黄瓜,垃圾
或者黑巧克力,垃圾
个人饭量面条,垃圾
个全蛋,垃圾
量山楂,垃圾
冰皮月饼模具,垃圾
而定牛奶,垃圾
清水适量,水
南瓜部分,垃圾
芝麻适量,垃圾
加多少牛奶,垃圾
或者面包糠,垃圾
买红豆沙,垃圾
都行馅料,垃圾
自己喜欢蔓越莓,垃圾
面或手擀面,垃圾
量青豆,垃圾
春笋或冬笋,垃圾
放五花肉,垃圾
切片蒜,垃圾
三分之二牛奶,垃圾
量杯粘米粉,垃圾
喜好肉桂粉,垃圾
好西兰花,垃圾
自己喜好紫菜,垃圾
做装饰小葱,垃圾
去皮栗子,垃圾
自己喜好冰块,垃圾
做法一样,垃圾
黄瓜等,垃圾
或切丁,垃圾
叶子西芹,垃圾
瓶牛奶,垃圾
儿材料,垃圾
补充材料,垃圾
或其他果干,垃圾
切片火腿,垃圾
菇或海鲜菇,垃圾
加佐料,垃圾
个人喜好花生米,垃圾
量猪皮,垃圾
你喜欢冬瓜,垃圾
椒或螺丝椒,垃圾
个人喜好辣白菜,垃圾
加餐,垃圾
好哦,垃圾
菇或者白玉菇,垃圾
喜好腊肉,垃圾
奶油或椰浆,垃圾
不喜欢吃,垃圾
馅儿做法,垃圾
白菜或其他绿叶菜,垃圾
破壁机工具,垃圾
搅拌均匀鸡蛋,垃圾
其它料,垃圾
料见步骤,垃圾
是配料,垃圾
叶或香菜叶,垃圾
个蛋挞皮,垃圾
个西瓜,垃圾
分之西生菜,垃圾
好面粉,垃圾
葱或者芹菜,垃圾
加州葡萄干,垃圾
自己喜好葱姜蒜,垃圾
筋粉或普通面粉,垃圾
放冰箱冷藏,垃圾
一口铸铁锅,垃圾
黄豆芽或绿豆芽,垃圾
不等,垃圾
抹茶馅料,垃圾
自己喜欢干果,垃圾
沙拉部分,垃圾
勺蒜蓉,垃圾
添加五花肉,垃圾
根芦笋,垃圾
买食材,垃圾
段干红辣椒,垃圾
芝麻表面装饰,垃圾
段水果玉米,垃圾
量不固定,垃圾
根香蕉,垃圾
椒或红椒,垃圾
水果坚果等,垃圾
切指甲盖大小,垃圾
香肠或咸肉,垃圾
随便什么酒,垃圾
喜欢调味品,垃圾
杯中筋面粉,垃圾
喜欢辣,垃圾
吃多少放多少排骨,垃圾
等佐料,垃圾
切末姜,垃圾
酌情增减干辣椒,垃圾
南瓜或者胡萝卜,垃圾
量紫甘蓝,垃圾
段新鲜淮山,垃圾
自制酒酿,垃圾
瘦肉部分,垃圾
梨或者苹果,垃圾
喜好虾仁,垃圾
吃多少放多少肥肠,垃圾
碗水水,垃圾
流心材料,垃圾
机或料理机,垃圾
塔皮面团,垃圾
加冰块,垃圾
半圆模具,垃圾
色面团材料,垃圾
放羊肉,垃圾
吃多少买多少虾,垃圾
或意大利面,垃圾
一点鸡翅,垃圾
吃多少面粉,垃圾
碎或葱花,垃圾
芝士蛋糕部分,垃圾
或葡萄干等,垃圾
量芒果,垃圾
其他模具,垃圾
选食材,垃圾
选生菜,垃圾
摆盘材料,垃圾
即可葱花,垃圾
牛奶或原味酸奶,垃圾
做夹心,垃圾
面或荞麦面,垃圾
寿喜锅,垃圾
吃多少鸡蛋,垃圾
或其他贝类,垃圾
一点肥肉猪肉,垃圾
即可猪肉,垃圾
个人喜好香葱,垃圾
蔬菜或水果,垃圾
详细步骤,垃圾
喜好添加青菜,垃圾
豆腐或者嫩豆腐,垃圾
辣椒油等,垃圾
品牌空气炸锅,垃圾
蛋一个,垃圾
只鸡爪,垃圾
贝壳硅胶模具,垃圾
主题装饰,垃圾
片西红柿,垃圾
抹茶奶粉,垃圾
可不放炼乳,垃圾
皮材料如下,垃圾
点平菇,垃圾
汤勺番茄沙司,垃圾
酒或葡萄酒,垃圾
橄榄油等,垃圾
量一半糯米,垃圾
或者茶树菇,垃圾
可选黑芝麻,垃圾
椰子粉或椰浆,垃圾
萝卜或胡萝卜,垃圾
层配料,垃圾
不锈钢炒锅,垃圾
种材料高筋面粉,垃圾
点熟香蕉,垃圾
上肉或者五花肉,垃圾
个西葫芦,垃圾
好葱花,垃圾
煮熟切碎,垃圾
酸奶或纯牛奶,垃圾
而定剩米饭,垃圾
量蛋挞液,垃圾
量鸡翅中,垃圾
加青菜,垃圾
人口味不同,垃圾
蒸饭,垃圾
或杏仁粒,垃圾
小葱或大葱,垃圾
和表面装饰,垃圾
撒马苏里拉芝士,垃圾
或厨房纸,垃圾
仁馅儿,垃圾
要好心情,垃圾
豆或西兰花,垃圾
冰球模具,垃圾
加巧克力,垃圾
喜好小米辣,垃圾
好一些,垃圾
肉或前腿肉,垃圾
中等,垃圾
和面机,垃圾
即可香菜,垃圾
平锅,垃圾
量榆钱,垃圾
夹心卷,垃圾
好吃干辣椒,垃圾
放蔓越莓,垃圾
黄油等,垃圾
一点鸡蛋,垃圾
巧克力或者可可粉,垃圾
肠或其他,垃圾
大白菜或娃娃菜,垃圾
菜或者蒜苗,垃圾
切丁大蒜,垃圾
圣诞装饰,垃圾
做面团,垃圾
或者白菜,垃圾
腿肉或里脊,垃圾
戚风面糊,垃圾
煮锅,垃圾
或米饭,垃圾
好茶树菇,垃圾
喜好猪肉末,垃圾
段切片大葱,垃圾
做法如下,垃圾
看心情加,垃圾
个人口味薄荷,垃圾
奶油或者炼乳,垃圾
步骤如下,垃圾
巧克力馅儿,垃圾
你喜欢绿叶蔬菜,垃圾
你喜欢干果,垃圾
肉少许,垃圾
肠模具,垃圾
戚风模模具,垃圾
彩椒适量,垃圾
豆或赤小豆,垃圾
汤宝猪骨浓汤口味,垃圾
油一点,垃圾
配料详见步骤,垃圾
做多少土豆,垃圾
分之一包菜,垃圾
番茄等,垃圾
喜欢放,垃圾
香蕉等水果,垃圾
烤熟,垃圾
添加其他配料,垃圾
三分之一全蛋液,垃圾
步骤如下图,垃圾
椒少许,垃圾
喜欢就多放一点,垃圾
水或者凉白开,垃圾
拌黄瓜,垃圾
好黄花菜,垃圾
肉或者后腿肉,垃圾
芝士或芝士片,垃圾
随自己口味,垃圾
豆芽等蔬菜,垃圾
草莓或树莓,垃圾
造型部分,垃圾
点面包糠,垃圾
蒸熟去皮,垃圾
三分之一猪肉,垃圾
自己喜欢小米椒,垃圾
汤汁部分,垃圾
牛奶等液体,垃圾
勺即食燕麦,垃圾
菌菇等,垃圾
分之一量糯米粉,垃圾
多放生姜,垃圾
人喜好各种水果,垃圾
啥其他材料,垃圾
肉或肉末,垃圾
煮贝果水,垃圾
个小红椒,垃圾
点缀香菜叶,垃圾
杯半面粉,垃圾
量酸豆角,垃圾
芹菜等,垃圾
切段干辣椒,垃圾
三分之一生姜,垃圾
选土豆,垃圾
片南瓜,垃圾
只虾,垃圾
多放点蒜,垃圾
个人口味火腿肠,垃圾
切割器,垃圾
可不放花生,垃圾
或者豆角,垃圾
好奥利奥碎,垃圾
冰沙部分,垃圾
切蒜末,垃圾
或者鸡骨,垃圾
奶粉或母乳,垃圾
吃辣多放辣椒,垃圾
菇等蔬菜,垃圾
热水适量,垃圾
喜欢各种配菜,垃圾
椒或胡萝卜,垃圾
黄油配料,垃圾
喜好芝士片,垃圾
装饰干果,垃圾
或小香葱,垃圾
馅料和装饰,垃圾
米饭模具,垃圾
准备一点,垃圾
酒或玫瑰露酒,垃圾
粒粒腊肠,垃圾
碗低筋面粉,垃圾
个人喜好芹菜,垃圾
米粉或面粉,垃圾
不喜欢不放香菜,垃圾
汁或粉,垃圾
量杯东北大米,垃圾
蛋白糊部分,垃圾
香葱适量,垃圾
即可葡萄干,垃圾
巧克力慕斯部分,垃圾
喜好马苏里拉,垃圾
喜好炼乳,垃圾
个速冻饺子,垃圾
你喜欢水果水果,垃圾
和成面团,垃圾
或者青菜,垃圾
量鸡爪,垃圾
可制作,垃圾
看着来干辣椒,垃圾
或黑椒粉,垃圾
或大枣,垃圾
些南瓜,垃圾
红色水果,垃圾
开水或热牛奶,垃圾
量蛤蜊,垃圾
自己喜好草莓,垃圾
好酸奶,垃圾
鸡血或鸭血,垃圾
三分之一牛奶,垃圾
吃多少放多少汤圆,垃圾
汤匙红薯粉,垃圾
鱼中等大小,垃圾
肉沫或火腿,垃圾
只鲍鱼,垃圾
或葱丝葱,垃圾
量添加牛奶,垃圾
鸡肉或鸡腿肉,垃圾
喜好奥利奥饼干碎,垃圾
只虾仁,垃圾
或者烧烤料,垃圾
放了点,垃圾
量干贝,垃圾
根儿,垃圾
碎或坚果碎,垃圾
或乳酸菌,垃圾
加香料,垃圾
咸蛋黄肉松馅料,垃圾
椒或者红辣椒,垃圾
曲奇饼干部分,垃圾
水或过滤水,垃圾
配菜配料,垃圾
烤蛋挞,垃圾
即可凉白开,垃圾
煮珍珠水,垃圾
或柠檬皮,垃圾
段淮山药,垃圾
一点牛奶,垃圾
去皮净重,垃圾
片或粉,垃圾
好鸡肉,垃圾
纸杯牛奶,垃圾
水果若干,垃圾
香菇或鲜香菇,垃圾
放炼奶,垃圾
己喜欢辣度干辣椒,垃圾
可按自己喜好添加,垃圾
啥放啥各种配菜,垃圾
或面包片,垃圾
点紫薯,垃圾
或模具,垃圾
分之柠檬柠檬皮屑,垃圾
芒果等,垃圾
或者豌豆,垃圾
好新鲜食材,垃圾
红辣椒适量,垃圾
猪肉或鸡胸肉,垃圾
装饰胡萝卜,垃圾
做波兰种,垃圾
自制泡椒,垃圾
量紫米,垃圾
香菜或罗勒,垃圾
肉做法,垃圾
⏬⏬,垃圾
平菇或香菇,垃圾
可不放蒜头,垃圾
些牛奶,垃圾
喜欢水果切丁,垃圾
或者椰奶,垃圾
内馅配方,垃圾
喜好里脊肉,垃圾
鸡或老母鸡,垃圾
点就多点,垃圾
混合材料,垃圾
或新鲜迷迭香,垃圾
原味配方,垃圾
放熟花生,垃圾
或细面条,垃圾
肉或者猪后腿肉,垃圾
布里欧修面团,垃圾
麻油等,垃圾
花生酱口味,垃圾
或者鱿鱼,垃圾
放入葱,垃圾
藕或马蹄,垃圾
或芝士粉,垃圾
水所需材料,垃圾
烤冷面皮,垃圾
段切片葱,垃圾
好羊肉片,垃圾
或香葱末,垃圾
喜好纯牛奶,垃圾
香菜或生菜,垃圾
姜片少许,垃圾
黄浆部分,垃圾
或肉桂粉,垃圾
瘦肉或牛肉,垃圾
自己喜欢牛肉,垃圾
薯馅儿材料,垃圾
烤箱版,垃圾
或者牛排,垃圾
量荷兰豆,垃圾
奶或椰奶,垃圾
个人口味蜜红豆,垃圾
分之北豆腐,垃圾
勺燕麦片,垃圾
可不放紫菜,垃圾
吃饭小碗面粉,垃圾
量戚风蛋糕,垃圾
或者青辣椒,垃圾
按自己口味添加,垃圾
中筋或低筋,垃圾
或喜欢蔬菜,垃圾
稍多一点,垃圾
一点儿葱姜蒜,垃圾
自己喜好配菜,垃圾
把黑芝麻,垃圾
酸菜鱼配料,垃圾
水果馅料,垃圾
口味添加芝士碎,垃圾
或其它干果,垃圾
二分之一水,垃圾
量酸菜,垃圾
桃或其他水果,垃圾
三层肉或五花肉,垃圾
三分之一普通面粉,垃圾
勺美极鲜,垃圾
泥或土豆泥,垃圾
丝适量,垃圾
口味添加,垃圾
或者马苏里拉芝士,垃圾
鸡或者鸡腿,垃圾
各一点,垃圾
豆沙或其它,垃圾
勺炼乳,垃圾
子奶油部分,垃圾
好鸡翅,垃圾
自制韩国泡菜,垃圾
按个人口味添加,垃圾
些香菜,垃圾
装饰菜,垃圾
或栗子,垃圾
喜欢各种菜,垃圾
酸奶或冰淇淋,垃圾
要配料,垃圾
酸奶慕斯部分,垃圾
切小丁洋葱,垃圾
带一点肥肉,垃圾
排骨或鸡肉,垃圾
代替了,垃圾
果干部分,垃圾
四分之一只鸭,垃圾
好看鸡蛋,垃圾
纸杯蛋糕部分,垃圾
酱原材料,垃圾
生姜适量,垃圾
分之一紫甘蓝,垃圾
模蛋糕模具,垃圾
任意喜欢水果,垃圾
量小番茄,垃圾
豆少许,垃圾
蛋糕部分材料,垃圾
段铁棍淮山,垃圾
勺白葡萄酒,垃圾
米线或者面,垃圾
喝汤勺子,垃圾
或者其他肉类,垃圾
量菠萝蜜丝,垃圾
粉或者可可粉,垃圾
喜欢菇类,垃圾
等量糯米粉,垃圾
鱼模具,垃圾
而定面条,垃圾
杯巧克力豆,垃圾
切碎培根,垃圾
可不胡萝卜,垃圾
油等,垃圾
柠檬或者橙子,垃圾
添加物,垃圾
吃辣可多放干辣椒,垃圾
或者蒜蓉,垃圾
可选可可粉,垃圾
按喜好搭配,垃圾
盒装纯牛奶,垃圾
什么材料,垃圾
原味奶茶,垃圾
随便什么面,垃圾
按自己喜欢来,垃圾
肉或者香肠,垃圾
好啊,垃圾
冰箱冷冻,垃圾
或红葡萄酒,垃圾
分之红柿子椒,垃圾
可不放香葱,垃圾
番薯或紫薯,垃圾
纸杯豌豆粉,垃圾
酌情放,垃圾
吃多少放多少生菜,垃圾
粉做法,垃圾
喜欢吃肉,垃圾
好辣椒,垃圾
看情况加,垃圾
量绿茶,垃圾
一点核桃,垃圾
看图片吧,垃圾
量火腿,垃圾
饭或者剩饭,垃圾
自己喜欢炼乳,垃圾
或牛奶或奶粉,垃圾
啥馅料,垃圾
煮好,垃圾
等作料,垃圾
分之鸡蛋清,垃圾
碧根果或核桃,垃圾
吃多少多少猪肉,垃圾
粉或者抹茶粉,垃圾
勺糯米,垃圾
个苹果,垃圾
或者青蒜末,垃圾
或者海带,垃圾
米饭或剩饭,垃圾
量芦笋,垃圾
种颜色面团,垃圾
个香蕉,垃圾
切见方丁,垃圾
放米粉,垃圾
量全脂牛奶,垃圾
看喜好青椒,垃圾
蟹或者花蟹,垃圾
酌情加,垃圾
好奶酪,垃圾
或者大蒜叶,垃圾
喜好准备蔬菜,垃圾
饼所需材料,垃圾
好鸡翅根,垃圾
去籽后,垃圾
蟹或者梭子蟹,垃圾
鸡汤或者骨头汤,垃圾
喜好黑芝麻,垃圾
酒适量,垃圾
点葱蒜,垃圾
做馅儿,垃圾
个人喜好花生,垃圾
或者琵琶腿,垃圾
骨或者脊骨,垃圾
鸡或乌鸡,垃圾
量原味酸奶,垃圾
鸡蛋等量温水,垃圾
你喜欢吃菜,垃圾
四分之一面粉,垃圾
分之黄瓜丝,垃圾
切片大葱,垃圾
量杯黑芝麻,垃圾
种食材,垃圾
点干红辣椒,垃圾
些蒜末,垃圾
切碎干辣椒,垃圾
自己喜欢姜末,垃圾
蛋液等量牛奶,垃圾
奶油装饰部分,垃圾
套冰皮月饼模具,垃圾
其它装饰,垃圾
些马苏里拉奶酪,垃圾
碗干辣椒,垃圾
吃多少放多少洋葱,垃圾
或心里美萝卜,垃圾
分之荔浦芋头,垃圾
料步骤里,垃圾
人喜欢配菜,垃圾
或蕃茄,垃圾
或者黄豆芽,垃圾
碎或杏仁碎,垃圾
厚底锅,垃圾
多放马苏里拉,垃圾
喜欢蔬菜或肉,垃圾
块〉,垃圾
切片法棍,垃圾
量豆芽,垃圾
自制吐司,垃圾
好油泼辣子,垃圾
或者小土豆,垃圾
黑芝麻少许,垃圾
粉或者炸粉,垃圾
等量土豆,垃圾
自己喜欢吃,垃圾
花模具,垃圾
量雪碧,垃圾
菇或者平菇,垃圾
馅或其他馅料,垃圾
任意你喜欢水果,垃圾
加起来水,垃圾
你喜欢葱花,垃圾
豆浆机水位线水,垃圾
牛奶冻材料,垃圾
代替面粉,垃圾
个人口味肉松,垃圾
蔬菜等等,垃圾
或者塔塔粉,垃圾
点缀黑白芝麻,垃圾
馅料配料,垃圾
或高筋面粉,垃圾
好看枸杞,垃圾
量白粥,垃圾
加啦,垃圾
或新鲜水果,垃圾
放冰箱,垃圾
或羊骨头,垃圾
个人金针菇,垃圾
好花生,垃圾
巧克力或可可粉,垃圾
辣椒适量,垃圾
纸杯低筋面粉,垃圾
碗梅干菜,垃圾
选加,垃圾
添加食材,垃圾
喜欢吃啥,垃圾
放点葱花,垃圾
菜等等,垃圾
不放辣白菜,垃圾
自制油辣子,垃圾
粒或粉,垃圾
叶或九层塔,垃圾
块鸡腿肉,垃圾
或凉开水,垃圾
吃多少放多少香菇,垃圾
及装饰部分,垃圾
是看着放,垃圾
配方奶或者水,垃圾
加炼奶,垃圾
黑芝麻装饰,垃圾
加土豆,垃圾
三分之一豆腐,垃圾
搅拌鸡蛋,垃圾
增减小米椒,垃圾
加杏鲍菇,垃圾
人喜好西米,垃圾
奶油酱材料,垃圾
猪肉少许,垃圾
自己喜欢菇类,垃圾
分之意大利面,垃圾
抹茶粉红曲粉,垃圾
添加果干,垃圾
点萝卜干,垃圾
鱼或者鲫鱼,垃圾
香料部分,垃圾
鸡或者乌鸡,垃圾
块里脊肉,垃圾
肉或瘦肉,垃圾
–––,垃圾
芝士蛋糕材料,垃圾
鸡蛋等量水,垃圾
可不放海苔,垃圾
是披萨酱材料,垃圾
好开水,垃圾
胚子材料,垃圾
菇或蟹味菇,垃圾
口味添加葡萄干,垃圾
夹心原料,垃圾
抹茶味巧克力,垃圾
肉或肥牛,垃圾
片鸡胸肉,垃圾
鱼等,垃圾
分之,垃圾
蛋糕胚制作,垃圾
勺剁辣椒,垃圾
都步骤里,垃圾
据喜好土豆,垃圾
分之一紫菜,垃圾
辣椒等香料,垃圾
量增加鸡蛋,垃圾
吃量牛肉,垃圾
看着办温水,垃圾
加温开水,垃圾
腿肉或里脊肉,垃圾
量粘米粉,垃圾
量抹茶粉,垃圾
放多点,垃圾
自己喜欢水,垃圾
自己喜欢香菇,垃圾
鸡蛋等,垃圾
活底戚风蛋糕模具,垃圾
丸子配料,垃圾
料如下图,垃圾
片白萝卜,垃圾
洋葱等配菜,垃圾
分量开水,垃圾
葡萄干或者枸杞,垃圾
点小米椒,垃圾
或者巧克力豆,垃圾
水或者冰块,垃圾
喜欢蒜末,垃圾
放椰蓉,垃圾
其它杂粮,垃圾
⬆️,垃圾
等各种水果,垃圾
而定排骨,垃圾
做多少,垃圾
或全脂牛奶,垃圾
肉饼材料,垃圾
量即可大米,垃圾
调色材料,垃圾
或者山楂片,垃圾
量决定水,垃圾
制作蛋白霜,垃圾
抹茶甘纳许,垃圾
椒或者干红椒,垃圾
好吃辣椒,垃圾
个人饭量大米,垃圾
放绿豆芽,垃圾
猪排材料,垃圾
分之一菠萝,垃圾
颗粒状,垃圾
肠或火腿肠,垃圾
罐头鸡汤,垃圾
制作配方,垃圾
椒辣椒,垃圾
份量大米,垃圾
核桃或花生,垃圾
选自己喜欢,垃圾
粉表面装饰,垃圾
多放香菇,垃圾
自己喜欢小葱,垃圾
自由添加,垃圾
或燕麦粉,垃圾
或其他馅料,垃圾
陶瓷锅,垃圾
香少许,垃圾
放蜜枣,垃圾
据喜好洋葱,垃圾
口平底不粘锅,垃圾
坚果或者果干,垃圾
紫薯等,垃圾
一斤五花肉,垃圾
加其他水果,垃圾
杯凉白开,垃圾
青菜或者香菜,垃圾
随你自己喜欢,垃圾
看着加牛奶,垃圾
去皮板栗,垃圾
一点点黑芝麻,垃圾
抹茶小丸子,垃圾
自己喜好豆腐,垃圾
选一种,垃圾
个人口味白芝麻,垃圾
泡椒或剁椒,垃圾
条小黄花鱼,垃圾
馅或者,垃圾
加麦片,垃圾
要葱白大葱,垃圾
增减温水,垃圾
好佐料,垃圾
酒或料理酒,垃圾
个人喜好羊肉,垃圾
葱等香料,垃圾
加油泼辣子,垃圾
量腐竹,垃圾
桂圆等,垃圾
或干银耳,垃圾
量自己掌握,垃圾
上面材料,垃圾
或猪里脊,垃圾
加排骨,垃圾
味材料,垃圾
喜欢谷物,垃圾
或南瓜子,垃圾
放几只虾,垃圾
段儿胡萝卜,垃圾
喜欢饼干,垃圾
加木薯粉,垃圾
个荷包蛋,垃圾
看过程,垃圾
果汁等,垃圾
或杏仁粉,垃圾
放蜜豆,垃圾
个人喜好干红辣椒,垃圾
条小黄鱼,垃圾
等果仁,垃圾
撒葱花,垃圾
裹粉部分,垃圾
放西兰花,垃圾
煎饼材料,垃圾
好柠檬,垃圾
珍珠做法,垃圾
或酸菜,垃圾
或卤牛肉,垃圾
粉色曲奇面团,垃圾
或手指饼干,垃圾
或者核桃仁,垃圾
煎蛋模具,垃圾
碎或者香葱,垃圾
步骤香料,垃圾
盒装嫩豆腐,垃圾
馅制作材料,垃圾
午餐肉或香肠,垃圾
也可不放黑芝麻,垃圾
程度添加,垃圾
看自己喜欢鸡蛋,垃圾
喜欢各种配料,垃圾
煮饭水量水,垃圾
红辣椒或青辣椒,垃圾
或速溶黑咖啡,垃圾
多放大葱,垃圾
好生姜,垃圾
好大蒜,垃圾
自制油泼辣子,垃圾
加一点水,垃圾
多放点瘦肉,垃圾
固底模具,垃圾
个小土豆,垃圾
放几个小米辣,垃圾
做好,垃圾
粉或者全麦面粉,垃圾
量来定,垃圾
好鸡腿肉,垃圾
添加其他,垃圾
腌制蔬菜,垃圾
搭配煮鸡蛋,垃圾
个人口味西兰花,垃圾
玉米油等,垃圾
或酸豆角,垃圾
个人喜欢炼乳,垃圾
皮模具,垃圾
加坚果,垃圾
大米或小米,垃圾
萝卜或土豆,垃圾
你喜欢其他食材,垃圾
或者牛里脊,垃圾
抹刀,垃圾
个虾仁,垃圾
培根等肉类,垃圾
或纱布,垃圾
量定清水,垃圾
大一些土豆,垃圾
可不放虾皮粉,垃圾
粉或紫薯粉,垃圾
人喜好培根,垃圾
个人喜好冰块,垃圾
去核切块,垃圾
自己喜好,垃圾
个蛋黄,垃圾
葱油材料,垃圾
参或西洋参,垃圾
焖锅,垃圾
料依个人口味,垃圾
水或蛋清,垃圾
做出来,垃圾
放大葱,垃圾
碎适量,垃圾
即可矿泉水,垃圾
果酱材料,垃圾
好熟白芝麻,垃圾
买钱,垃圾
烧烤材料,垃圾
自己喜欢芒果,垃圾
好蘑菇,垃圾
辣椒或小米椒,垃圾
粒洋葱,垃圾
三分之一五花肉,垃圾
或者莲藕,垃圾
加干红辣椒,垃圾
或者温水,垃圾
饼皮面团,垃圾
抹茶玛德琳,垃圾
纸模具,垃圾
葱多一些,垃圾
个人量,垃圾
撒一点点,垃圾
水或者白开水,垃圾
鱼配料,垃圾
肉片或肉末,垃圾
点低筋面粉,垃圾
水或鸡蛋液,垃圾
即可柠檬,垃圾
汤勺低筋面粉,垃圾
黑鱼等,垃圾
皮或橘子皮,垃圾
料同上,垃圾
厚一点,垃圾
点火腿肠,垃圾
喜好朝天椒,垃圾
或者麻辣鲜,垃圾
个人喜好蘑菇,垃圾
或无花果干,垃圾
原味蛋糕片,垃圾
或者白巧克力,垃圾
去皮后,垃圾
原味奶,垃圾
奶或者纯牛奶,垃圾
量番薯叶,垃圾
切碎核桃,垃圾
黑白芝麻装饰,垃圾
个尖椒,垃圾
去核橄榄,垃圾
喜好添加木耳,垃圾
香蕉等,垃圾
汤汁材料,垃圾
菜或者油菜,垃圾
量定,垃圾
加工,垃圾
额外留一些撒表层,垃圾
点枸杞,垃圾
添加木耳,垃圾
碎或杏仁片,垃圾
一点即可水,垃圾
汁配料如下,垃圾
分之一甜椒,垃圾
勺罗勒碎,垃圾
吃绿叶蔬菜,垃圾
香肠或者腊肉,垃圾
放榨菜,垃圾
鱼材料,垃圾
吃剩白米饭,垃圾
块姜葱姜,垃圾
芝麻酱馅料,垃圾
片牛肉,垃圾
好看白芝麻,垃圾
加多少核桃,垃圾
分量瘦肉,垃圾
点蛋白,垃圾
看你喜欢咯,垃圾
即可蛋清,垃圾
或者薯片,垃圾
球部分,垃圾
好吃面粉,垃圾
量定排骨,垃圾
粉或者其他粉,垃圾
腌制咸鸭蛋,垃圾
个鸡翅根,垃圾
加红曲粉,垃圾
或泡辣椒,垃圾
泡椒适量,垃圾
量杯面,垃圾
也可不,垃圾
吃多少放多少米,垃圾
人喜好配菜,垃圾
&&,垃圾
量加,垃圾
红豆馅材料,垃圾
南瓜或贝贝南瓜,垃圾
米辣或青椒,垃圾
热水或牛奶,垃圾
块罐头,垃圾
个人爱好鸡蛋,垃圾
花生等坚果,垃圾
等主食,垃圾
辣酱等,垃圾
煮熟玉米,垃圾
馅所需材料,垃圾
去皮鸡腿肉,垃圾
米粉或粘米粉,垃圾
好吃马苏里拉奶酪,垃圾
量榴莲果肉,垃圾
条年糕,垃圾
色芋圆材料,垃圾
面包装饰,垃圾
或山药,垃圾
制作部分,垃圾
玻璃瓶或坛子,垃圾
菜等绿叶菜,垃圾
水⭐️,垃圾
米饭或杂粮饭,垃圾
自己喜欢芦笋,垃圾
鸡部分,垃圾
量猪肉馅,垃圾
菜随便加,垃圾
或者芫荽,垃圾
块排骨,垃圾
自己喜欢干辣椒,垃圾
段配方奶粉,垃圾
淋边,垃圾
或酥性饼干,垃圾
放四季豆,垃圾
鲜虾适量,垃圾
切成细丝,垃圾
洗净晾干,垃圾
等装饰物,垃圾
馅儿⬇️,垃圾
一些洋葱,垃圾
猪腿肉或五花肉,垃圾
自己喜欢火锅料,垃圾
或白萝卜,垃圾
条牛肉,垃圾
一点水果,垃圾
或裙带菜,垃圾
机或豆浆机,垃圾
或筷子,垃圾
拌面面条,垃圾
豆浆机或破壁机,垃圾
梅口味,垃圾
核桃仁等,垃圾
装饰点缀,垃圾
个油豆腐,垃圾
洗净沥干,垃圾
放一些,垃圾
喜好奥利奥碎,垃圾
个泡椒,垃圾
量调整,垃圾
放了一点,垃圾
鸡翅等,垃圾
可替代,垃圾
吃量年糕,垃圾
勺亚麻籽粉,垃圾
你喜欢炼乳,垃圾
喜欢辣椒,垃圾
无添加,垃圾
各人口味,垃圾
个茄子,垃圾
燕麦等,垃圾
加香菇,垃圾
玛德琳部分,垃圾
或马铃薯,垃圾
个人喜好奶粉,垃圾
枸杞等,垃圾
原味可颂,垃圾
萝卜一点点,垃圾
四分之一大米,垃圾
适量牛奶,垃圾
或雪碧,垃圾
或火锅料,垃圾
占所粉类之和比例,垃圾
组......↓↓,垃圾
紫薯馅等,垃圾
冰皮配料,垃圾
内陷儿,垃圾
后加材料,垃圾
看着加,垃圾
抹茶水,垃圾
芋泥部分,垃圾
内馅料,垃圾
发酵材料,垃圾
表皮装饰,垃圾
个紫薯,垃圾
黑米部分,垃圾
表层装饰,垃圾
麻薯馅儿,垃圾
腌肉配料,垃圾
根火腿,垃圾
个蒜,垃圾
肉或腊肉,垃圾
微波炉版,垃圾
其它馅料,垃圾
蒸汽,垃圾
切片柠檬,垃圾
鸡肉配料,垃圾
片蒜,垃圾
鸡蛋部分,垃圾
煮豌豆,垃圾
大根,纯量词
蒸熟红薯,垃圾
面糊,垃圾
蒸熟紫薯,垃圾
