ingredient_id,group_id
1,9
1,14
1,18
1,27
1,34
1,35
1,38
1,39
1,46
1,47
1,57
1,59
1,62
1,65
1,66
1,76
2,9
2,14
2,18
2,27
2,34
2,35
2,38
2,39
2,46
2,47
2,62
2,65
2,66
2,76
3,9
3,14
3,18
3,27
3,34
3,35
3,38
3,39
3,46
3,47
3,62
3,65
3,66
3,76
4,14
4,18
4,27
4,34
4,35
4,38
4,47
4,49
4,62
4,76
5,14
5,18
5,34
5,35
5,38
5,47
5,62
5,65
5,76
6,14
6,18
6,34
6,35
6,38
6,47
6,57
6,59
6,62
6,63
6,65
6,76
7,14
7,18
7,23
7,27
7,34
7,35
7,38
7,47
7,57
7,59
7,62
7,76
8,14
8,18
8,34
8,35
8,38
8,62
8,76
9,11
9,14
9,18
9,23
9,34
9,35
9,38
9,47
9,57
9,59
9,62
9,65
9,76
10,9
10,11
10,14
10,18
10,34
10,35
10,38
10,39
10,46
10,62
10,66
11,11
11,14
11,18
11,27
11,34
11,35
11,38
11,62
11,65
11,76
12,14
12,18
12,23
12,34
12,35
12,38
12,62
12,65
13,14
13,18
13,34
13,35
13,38
13,47
13,62
14,14
14,18
14,27
14,34
14,35
14,38
14,47
14,62
14,76
15,14
15,18
15,33
15,34
15,35
15,38
15,47
15,62
15,67
15,73
15,76
16,14
16,18
16,33
16,34
16,35
16,38
16,47
16,62
16,67
16,73
16,76
17,14
17,18
17,34
17,35
17,38
17,47
17,62
17,65
17,76
18,14
18,18
18,27
18,34
18,35
18,38
18,62
18,76
19,14
19,18
19,34
19,35
19,38
19,62
19,65
19,76
20,10
20,14
20,18
20,34
20,35
20,38
20,47
20,62
20,76
21,10
21,14
21,18
21,27
21,34
21,35
21,38
21,47
21,62
21,63
21,65
21,76
22,14
22,18
22,34
22,35
22,38
22,47
22,62
22,65
22,76
23,14
23,18
23,27
23,34
23,35
23,62
23,65
24,14
24,18
24,34
24,35
24,38
24,47
24,62
24,76
25,14
25,18
25,35
25,38
25,62
25,76
26,14
26,18
26,34
26,35
26,38
26,47
26,62
27,14
27,18
27,34
27,35
28,14
28,18
28,34
28,35
28,38
28,47
28,62
28,76
29,14
29,18
29,34
29,35
29,38
29,62
30,14
30,18
30,34
30,35
30,38
30,47
30,62
30,76
31,14
31,18
31,27
31,34
31,35
31,38
31,47
31,62
31,65
32,14
32,18
32,27
32,34
32,35
32,38
32,47
32,62
32,65
32,76
33,14
33,18
33,34
33,35
33,62
33,76
34,14
34,18
34,34
34,35
34,38
34,47
34,62
34,76
35,14
35,18
35,34
35,35
35,38
35,47
35,62
36,14
36,18
36,27
36,34
36,35
36,38
36,47
36,62
37,14
37,18
37,34
37,35
37,47
37,62
37,65
37,72
38,14
38,18
38,24
38,34
38,35
38,38
38,61
38,62
38,76
39,14
39,18
39,35
40,14
40,18
40,34
40,35
40,62
40,65
41,14
41,18
41,34
41,35
41,47
41,62
42,14
42,18
42,35
43,14
43,18
43,34
43,35
43,62
43,76
44,14
44,18
44,34
44,35
44,38
44,62
45,14
45,18
45,34
45,35
45,62
45,65
45,76
46,14
46,18
46,34
46,35
46,38
46,47
46,62
47,14
47,18
47,34
47,35
48,9
48,14
48,18
48,33
48,34
48,35
48,38
48,39
48,46
48,62
48,63
48,66
48,67
48,73
49,14
49,18
49,34
49,35
49,38
49,47
49,62
49,65
49,76
50,14
50,18
50,34
50,35
50,38
50,47
50,62
50,76
51,14
51,18
51,34
51,35
51,62
52,14
52,18
52,34
52,35
52,62
52,65
52,72
53,18
53,34
53,35
53,62
54,14
54,18
54,34
54,35
54,38
54,62
54,76
55,14
55,18
55,27
55,34
55,35
55,38
55,47
55,62
55,65
55,76
56,14
56,18
56,27
56,34
56,35
56,38
56,57
56,59
56,62
56,76
57,14
57,18
57,34
57,35
57,47
57,62
57,65
57,76
58,14
58,18
58,23
58,34
58,35
58,38
58,47
58,62
58,76
59,14
59,18
59,34
59,35
59,38
59,62
60,18
60,34
60,35
60,38
60,62
61,14
61,18
61,34
61,35
61,62
61,65
62,14
62,18
62,34
62,35
62,62
62,76
63,14
63,35
63,38
64,14
64,18
64,34
64,35
64,47
64,57
64,59
64,62
64,76
65,14
65,18
65,34
65,35
65,62
66,14
66,18
66,34
66,35
66,47
66,62
66,76
67,14
67,18
67,34
67,35
67,38
67,47
67,62
67,76
68,11
68,14
68,18
68,34
68,35
68,38
68,47
68,62
68,76
69,14
69,18
69,34
69,35
69,38
69,47
69,62
70,14
70,18
70,34
70,35
70,62
70,76
71,14
71,18
71,34
71,35
71,38
71,62
72,14
72,18
72,34
72,35
72,38
72,62
73,14
73,18
73,35
73,38
73,62
74,14
74,18
74,34
74,35
74,62
75,14
75,18
75,23
75,34
75,35
75,38
75,62
76,14
76,18
76,34
76,35
76,62
77,9
77,14
77,18
77,27
77,33
77,34
77,35
77,38
77,39
77,46
77,62
77,66
77,67
77,73
77,76
78,14
78,18
78,34
78,35
78,38
78,47
78,62
78,65
78,76
79,14
79,18
79,34
79,35
79,38
79,47
79,62
79,65
79,72
79,76
80,14
80,18
80,34
80,35
80,47
80,62
80,76
81,14
81,18
81,35
82,14
82,18
82,34
82,35
82,38
82,47
82,62
82,76
83,14
83,18
83,34
83,35
83,62
84,18
84,35
84,62
85,14
85,18
85,34
85,35
85,47
85,62
85,76
86,14
86,18
86,34
86,35
86,38
86,47
86,62
86,76
87,9
87,14
87,18
87,23
87,27
87,34
87,35
87,38
87,39
87,46
87,47
87,62
87,66
88,14
88,18
88,34
88,35
88,62
89,14
89,18
89,34
89,35
89,38
89,62
89,65
90,14
90,18
90,34
90,35
90,62
91,14
91,18
91,35
92,14
92,18
92,34
92,35
93,14
93,18
93,35
93,62
94,14
94,18
94,35
94,62
95,14
95,18
95,34
95,35
95,38
95,62
96,14
96,18
96,34
96,35
96,62
97,14
97,18
97,27
97,34
97,35
97,38
97,47
97,62
97,76
98,14
98,18
98,34
98,35
98,62
99,14
99,18
99,34
99,35
99,62
100,4
100,14
100,18
100,34
100,35
100,62
101,14
101,18
101,34
101,35
101,38
101,62
101,76
102,14
102,18
102,27
102,35
102,62
102,76
103,14
103,18
103,34
103,35
103,62
103,76
104,14
104,18
104,35
105,14
105,18
105,34
105,35
105,38
105,47
105,62
106,14
106,18
106,34
106,35
106,38
106,47
106,62
106,76
107,14
107,18
107,34
107,35
107,62
108,14
108,18
108,34
108,35
108,38
108,47
108,62
109,18
109,62
110,14
110,18
110,34
110,35
110,38
110,62
110,76
111,14
111,18
111,34
111,35
111,38
111,62
112,6
112,14
112,18
112,27
112,34
112,35
112,62
112,65
112,76
113,14
113,18
113,35
113,62
114,14
114,18
114,27
114,34
114,35
114,38
114,62
114,76
115,14
115,18
115,34
115,35
115,38
115,47
115,62
115,65
115,76
116,14
116,18
116,34
116,35
116,62
117,14
117,18
117,34
117,35
117,38
117,62
118,14
118,18
118,34
118,35
118,47
118,62
118,76
119,62
120,18
121,14
121,18
121,35
122,14
122,18
122,34
122,35
122,57
122,59
122,62
123,14
123,18
123,34
123,35
123,47
123,62
124,14
124,18
124,34
124,35
124,62
124,76
125,14
125,34
125,35
125,38
125,62
126,14
126,18
126,34
126,35
126,62
126,76
127,14
127,18
127,34
127,35
127,62
128,9
128,14
128,18
128,27
128,34
128,35
128,39
128,46
128,62
128,66
129,14
129,18
129,34
129,35
129,62
130,14
130,18
130,35
131,14
131,18
131,35
132,14
132,18
132,27
132,34
132,35
132,62
133,14
133,18
133,35
133,62
133,65
134,14
134,18
134,34
134,35
134,38
134,47
134,62
135,14
135,18
135,34
135,35
135,62
136,14
136,18
136,34
136,35
136,62
137,14
137,18
137,34
137,35
137,62
138,14
138,18
138,34
138,35
138,62
139,14
139,18
139,34
139,35
139,62
141,14
141,34
141,35
141,38
141,62
141,76
143,14
143,18
143,34
143,35
143,38
143,62
144,14
144,18
144,34
144,35
144,62
145,14
145,18
146,14
146,18
146,35
146,62
147,14
147,18
147,34
147,35
147,62
148,14
148,34
148,35
148,62
149,14
149,18
149,35
149,62
150,14
150,18
150,34
150,35
150,38
150,62
151,14
151,62
152,18
153,14
153,18
153,27
153,35
153,38
153,62
154,14
154,18
154,35
154,62
155,14
155,18
155,27
155,34
155,35
155,38
155,57
155,59
155,62
156,14
156,18
156,34
156,35
156,38
156,62
156,76
157,18
157,34
157,62
158,14
158,18
158,35
158,62
158,76
159,14
159,18
159,34
159,35
159,62
160,14
160,18
160,34
160,35
160,62
161,14
161,35
161,62
162,14
162,18
162,34
162,62
163,14
163,18
163,34
163,35
163,62
164,14
164,18
164,34
164,35
164,38
164,62
164,76
165,14
165,18
165,27
165,34
165,35
165,47
165,62
166,14
166,18
166,34
166,35
166,38
166,62
167,14
167,18
167,34
167,35
167,38
167,47
167,62
167,76
168,14
168,18
168,35
168,62
169,14
169,18
169,35
169,62
169,76
170,14
170,18
170,27
170,34
170,35
170,38
170,47
170,62
170,65
171,14
171,18
171,34
171,35
171,38
171,47
171,62
171,76
172,18
172,34
172,35
172,47
172,62
173,14
173,18
173,35
173,62
175,14
175,18
175,34
175,35
175,38
175,47
175,62
176,14
176,18
176,35
176,62
177,14
177,18
177,34
177,35
177,57
177,59
177,62
178,18
179,14
179,18
179,34
179,35
179,76
180,10
180,14
180,18
180,34
180,35
180,62
181,14
181,18
181,34
181,35
181,38
181,62
181,65
182,14
182,18
182,34
182,35
182,62
183,14
183,18
183,35
183,47
184,14
184,18
184,34
184,35
184,62
185,14
185,18
185,35
186,14
186,62
187,14
187,18
187,34
187,35
187,38
187,47
187,62
188,14
188,18
188,34
188,35
188,62
188,76
189,14
189,18
189,27
189,34
189,35
189,62
189,76
190,14
190,18
190,35
190,62
190,76
193,14
193,18
193,35
193,47
193,62
193,76
194,14
194,18
194,34
194,35
194,62
194,76
195,14
195,18
195,34
195,35
195,62
195,76
196,14
196,18
196,19
196,20
196,34
196,35
196,38
196,62
197,14
197,18
197,27
197,34
197,35
197,62
198,14
198,18
198,34
198,35
198,62
199,14
199,18
199,34
199,35
199,62
199,76
200,14
200,18
200,35
200,62
202,14
202,18
202,34
202,35
202,38
202,62
203,14
203,18
203,34
203,35
203,38
203,62
204,14
204,18
204,34
204,35
204,47
204,62
204,76
205,14
205,18
205,33
205,35
205,62
205,67
205,73
207,14
207,18
207,35
207,76
208,9
208,14
208,18
208,34
208,35
208,39
208,46
208,62
208,66
209,14
209,18
209,34
209,35
209,47
209,62
209,65
210,14
210,18
210,27
210,34
210,35
210,38
210,62
211,14
212,14
212,18
212,34
213,18
213,35
213,62
214,14
214,18
214,34
214,35
214,62
214,76
215,14
215,18
215,34
215,35
215,62
216,9
216,14
216,18
216,34
216,35
216,39
216,46
216,57
216,59
216,62
216,65
216,66
216,76
217,14
217,18
217,34
217,35
217,38
217,62
218,18
218,34
219,18
220,14
220,18
220,34
220,35
220,38
220,62
221,14
221,18
221,34
221,35
221,76
222,14
222,18
222,34
222,35
222,47
222,62
223,14
223,35
223,62
224,35
225,14
225,18
225,34
225,35
225,62
225,65
226,14
226,18
226,27
226,34
226,35
226,62
226,76
227,14
227,18
227,34
227,35
227,38
227,62
227,76
228,18
229,14
229,18
229,34
229,35
229,62
229,65
230,14
230,18
230,62
231,14
231,35
231,62
233,14
233,18
233,34
233,35
234,14
234,18
234,34
234,35
234,38
234,62
235,14
235,18
235,34
235,35
235,38
235,47
235,62
235,76
236,14
236,18
236,35
236,62
237,18
237,62
238,14
238,18
238,34
238,35
238,62
238,76
239,4
239,14
239,18
239,35
239,62
239,76
240,14
240,34
240,35
240,62
241,14
241,18
241,34
243,14
243,18
243,35
243,62
244,14
244,18
244,35
244,62
245,14
245,18
245,34
245,35
245,38
245,62
246,14
246,18
246,35
246,62
247,14
247,18
247,34
247,35
248,14
248,18
248,34
248,35
248,38
248,62
249,14
249,18
249,35
249,62
250,14
250,34
251,14
251,35
251,62
253,34
253,35
253,62
254,14
254,18
254,35
254,62
255,62
256,14
256,18
256,34
256,35
257,14
257,18
257,34
257,35
257,38
257,62
257,76
258,14
258,35
258,62
259,14
259,18
259,34
259,35
259,62
259,76
260,14
261,14
261,18
261,35
261,62
261,76
262,14
262,18
262,34
262,35
262,62
263,14
263,18
263,35
263,62
264,14
264,18
264,35
264,38
264,62
265,14
265,18
265,35
265,62
266,14
266,18
266,62
267,14
267,18
267,34
267,35
268,34
269,34
269,62
270,9
270,14
270,34
270,35
270,39
270,46
270,62
270,66
271,14
271,18
271,34
271,35
271,47
271,62
272,14
272,18
272,34
272,35
272,38
272,62
272,65
273,14
273,18
273,38
275,14
275,34
275,35
276,14
276,18
276,27
276,34
276,35
276,62
277,14
277,18
277,35
277,62
278,14
278,18
278,34
278,35
278,38
278,47
278,62
278,65
279,14
279,18
279,27
279,35
279,62
280,14
280,34
281,14
281,18
281,34
281,35
281,62
281,65
282,14
282,18
282,34
282,35
282,62
283,14
283,18
283,34
283,35
283,62
284,35
284,62
285,14
285,18
285,34
285,35
285,62
285,76
286,14
286,18
286,34
286,35
286,38
287,14
287,18
287,34
287,35
287,62
288,14
288,35
288,62
289,14
289,18
289,34
289,35
289,62
290,14
290,18
290,34
290,35
290,62
291,14
291,18
291,27
291,34
291,35
291,57
291,59
291,62
292,14
292,18
292,35
292,62
292,76
293,18
293,62
294,14
294,18
294,34
294,35
294,62
295,14
295,18
295,34
295,35
295,62
295,76
296,14
296,18
296,34
296,35
296,38
296,62
297,14
297,18
297,34
297,35
297,38
298,14
298,18
298,35
298,62
299,62
300,14
300,18
300,35
300,62
301,14
301,18
301,34
301,35
302,14
302,18
302,35
302,62
303,14
303,34
303,35
303,62
304,18
304,35
304,76
305,62
306,14
306,18
306,34
306,35
306,62
306,65
307,14
307,18
307,34
307,35
307,62
308,14
308,18
308,35
308,62
308,76
309,14
309,18
309,34
309,35
309,62
311,14
312,18
312,76
314,14
314,18
314,35
314,62
315,35
315,38
315,76
317,14
317,18
317,35
317,62
317,65
319,18
320,14
320,18
320,34
320,35
320,62
321,14
321,34
321,35
321,38
321,62
322,14
322,18
322,34
322,35
322,62
323,14
323,18
323,34
323,35
323,38
323,62
324,14
324,18
324,34
324,35
325,14
325,18
325,34
325,35
325,62
328,14
328,18
328,34
328,35
328,62
329,14
329,34
329,35
329,62
330,14
330,18
330,35
330,62
331,14
331,18
331,34
331,35
331,62
333,76
335,14
335,18
335,35
335,62
335,76
336,14
336,18
336,35
336,38
336,62
337,18
338,34
339,18
339,38
340,14
340,18
340,34
340,35
341,14
341,18
341,62
343,14
343,18
343,35
343,62
344,14
344,34
345,14
345,18
345,35
345,62
345,65
346,14
346,18
346,27
346,34
346,35
346,62
347,18
347,34
347,35
349,14
349,34
349,35
349,38
349,62
350,14
350,18
350,34
350,35
350,62
351,14
351,18
351,34
351,35
351,38
351,62
352,14
352,18
352,34
352,35
352,62
353,14
353,18
353,35
353,62
354,14
354,18
354,34
354,38
354,62
355,14
355,18
355,34
355,35
355,57
355,59
355,62
356,14
356,35
357,14
358,14
358,18
358,34
358,62
360,14
360,35
360,62
361,14
361,35
361,62
362,14
362,18
362,62
363,34
364,14
364,18
364,34
364,35
364,47
364,62
365,14
365,18
365,34
365,35
365,76
366,35
367,14
367,18
367,35
368,47
368,76
369,14
369,18
370,14
370,34
370,35
370,62
372,14
372,34
375,14
375,18
375,34
375,35
375,62
376,14
376,34
376,35
378,14
378,18
378,34
378,62
380,14
380,18
380,27
380,34
380,35
380,62
380,76
381,14
381,18
381,34
381,35
381,62
383,18
383,35
383,62
384,14
384,18
384,35
384,62
385,18
386,14
387,14
387,34
387,35
387,62
388,18
389,14
389,18
389,35
389,38
389,62
390,14
390,18
390,34
390,35
390,62
392,14
392,18
392,34
392,35
392,38
393,14
393,18
393,34
394,14
394,18
394,35
394,38
394,62
395,14
395,35
395,38
395,47
395,62
397,14
397,18
397,34
397,35
397,62
398,14
398,18
398,34
398,35
398,38
398,62
399,14
399,18
399,34
399,35
399,62
400,62
401,18
401,34
402,14
402,18
402,35
402,62
403,14
403,18
403,62
405,35
406,14
406,34
406,35
406,62
408,14
408,18
408,34
408,76
409,14
409,18
409,35
409,62
410,38
411,18
411,35
411,62
412,14
412,35
412,62
413,14
413,18
413,34
413,35
413,62
415,14
415,18
415,35
415,38
415,47
415,76
416,34
417,14
417,18
417,34
417,35
417,62
417,75
418,14
418,35
419,14
419,35
421,14
421,18
421,33
421,35
421,62
421,67
421,73
422,14
422,18
422,34
422,35
422,62
424,18
424,34
425,14
425,18
425,62
427,14
427,35
428,14
431,18
431,34
432,14
434,14
434,18
434,34
434,35
434,62
435,14
435,18
435,34
435,35
435,47
436,34
437,14
437,18
437,35
438,14
438,35
438,47
438,62
439,35
439,62
440,14
440,35
441,14
441,18
441,34
441,35
441,62
442,14
442,34
442,35
442,62
444,34
444,35
445,14
445,18
445,35
447,9
447,14
447,35
447,39
447,46
447,62
447,66
448,35
449,14
449,18
449,34
449,35
449,62
451,14
452,34
452,35
452,62
454,18
458,14
458,18
458,34
458,35
458,38
458,62
459,14
459,35
461,14
461,34
461,35
461,62
462,14
462,18
462,35
462,62
464,14
464,18
464,35
464,62
464,76
465,14
465,18
465,35
465,62
466,14
466,18
466,62
467,6
467,14
467,18
467,35
467,62
467,76
469,14
469,34
469,35
469,38
469,62
470,18
470,34
470,35
470,62
471,14
471,18
471,35
471,62
473,14
473,18
473,34
473,35
473,62
474,14
474,18
474,34
474,35
474,62
475,14
475,34
475,35
475,62
476,14
476,18
476,27
476,34
476,35
476,62
477,14
477,34
477,35
477,62
478,14
478,35
478,62
481,34
481,35
481,62
482,14
482,35
482,62
484,14
486,14
486,18
486,34
486,35
486,62
488,14
488,34
488,35
488,62
491,14
491,18
491,34
491,35
491,76
492,14
492,38
493,14
493,18
493,35
493,62
494,14
494,18
494,35
494,62
495,14
495,35
495,76
498,14
498,18
498,34
498,35
498,62
499,14
499,18
499,35
499,62
500,14
500,18
500,35
500,62
503,14
503,18
503,34
503,35
503,38
503,62
503,65
504,18
505,14
505,18
505,27
505,34
505,35
505,38
505,62
507,14
508,14
508,18
508,34
508,35
508,62
509,14
509,18
509,34
509,35
509,62
512,14
512,34
512,35
513,14
513,76
514,14
514,34
514,62
516,14
516,18
516,35
516,62
516,65
519,35
519,62
521,14
521,18
521,34
521,35
522,14
522,35
524,34
527,14
527,18
527,62
528,14
528,18
528,34
528,35
529,14
529,35
529,62
530,18
530,35
530,62
533,14
533,18
533,34
533,35
533,38
533,62
534,35
535,14
535,18
535,27
535,34
535,35
535,47
535,62
536,14
536,18
536,34
536,35
537,14
537,18
537,34
537,35
537,38
537,62
539,14
540,14
540,18
540,35
541,18
541,35
542,18
542,35
542,38
542,62
543,14
543,18
543,35
543,62
545,35
545,62
546,14
546,18
546,35
546,62
547,14
547,18
547,35
547,62
549,14
549,18
549,34
549,35
549,62
552,34
553,18
554,14
554,35
554,62
555,14
555,34
555,35
558,14
559,14
559,35
560,18
561,18
564,14
564,18
564,35
564,62
565,34
566,34
566,62
567,14
567,18
567,35
567,62
568,35
572,14
572,27
572,35
572,62
573,34
574,14
574,18
574,35
575,14
575,18
575,35
575,76
576,14
576,35
576,62
578,18
583,18
583,62
585,35
585,62
586,34
586,62
587,14
587,18
587,34
587,35
587,62
588,14
588,62
591,14
591,18
591,34
591,35
591,62
592,14
592,18
592,35
592,62
594,14
594,27
594,35
594,62
596,18
596,34
596,62
598,14
598,18
600,18
602,14
602,35
602,62
606,14
607,14
607,18
607,34
607,35
607,62
607,76
608,14
608,18
608,34
608,35
608,62
609,14
609,18
609,34
609,35
609,62
611,14
611,35
611,62
612,18
612,34
612,62
614,14
614,18
614,35
614,62
614,76
615,18
615,35
615,62
617,14
617,35
618,14
618,62
619,14
619,18
619,33
619,62
619,67
619,73
620,14
620,35
621,14
621,18
621,62
624,14
624,18
624,35
625,14
625,18
625,35
625,62
626,18
626,35
627,62
631,18
632,14
632,18
632,35
632,62
633,14
633,35
633,62
635,14
635,18
635,35
636,14
636,18
636,34
637,14
637,18
637,62
641,14
642,14
642,18
642,27
642,34
642,35
642,62
643,14
643,18
643,34
643,35
643,47
643,62
644,18
644,62
645,14
645,35
645,62
646,14
646,18
646,27
646,35
646,62
647,14
647,18
647,34
647,35
647,62
649,35
649,62
650,34
651,62
652,14
652,18
652,35
652,62
655,14
655,18
655,27
655,35
655,62
656,18
656,62
657,14
657,18
657,35
657,62
659,14
659,18
659,35
659,62
660,34
660,35
661,14
661,18
661,34
661,35
662,62
663,18
664,14
664,18
664,34
664,35
664,62
666,14
666,34
666,35
666,62
668,14
668,34
670,14
670,18
670,34
670,35
672,14
672,18
672,35
673,18
673,62
674,14
674,34
674,35
674,62
677,14
677,35
677,62
678,34
685,14
685,18
685,35
685,62
686,14
686,18
686,35
687,14
687,18
687,34
687,35
687,62
688,14
688,35
688,62
689,18
689,35
690,18
690,35
690,62
691,14
691,18
691,35
691,38
692,62
694,14
694,18
694,35
695,14
695,18
695,35
695,62
696,34
698,14
698,18
698,34
698,62
700,14
700,18
700,34
700,35
700,62
701,18
701,34
701,47
707,14
707,18
707,27
707,34
707,35
707,58
707,62
707,76
708,34
710,18
710,38
711,14
711,35
711,62
712,14
712,34
712,35
712,62
713,14
715,14
715,35
715,62
716,14
716,35
716,62
720,14
720,18
720,34
720,62
721,14
721,18
721,34
721,35
721,62
722,18
723,14
723,34
723,35
723,62
724,14
724,18
724,35
724,62
725,14
725,18
725,34
725,35
726,35
726,62
727,14
727,18
727,29
727,34
727,35
727,38
727,62
729,18
730,18
730,34
732,14
732,62
733,14
733,18
733,35
734,14
734,18
734,27
734,34
734,35
734,62
737,34
738,18
739,14
739,18
739,35
739,62
739,76
740,14
740,18
740,34
740,35
740,62
741,14
741,62
742,14
742,27
742,34
742,35
742,62
743,14
743,18
743,34
743,62
745,14
745,18
745,35
746,14
746,18
746,35
747,62
748,14
748,18
748,34
748,35
748,62
749,14
750,34
757,14
757,18
757,35
757,38
757,62
762,14
762,18
762,34
762,38
764,14
764,18
764,35
765,14
765,18
765,27
765,34
765,35
765,62
766,14
766,18
766,35
766,62
767,14
767,18
767,34
767,35
767,62
770,62
771,14
771,34
772,14
772,62
773,14
773,18
773,35
773,62
773,76
774,35
777,14
777,18
777,35
777,62
780,14
780,18
782,14
782,18
782,35
785,35
787,18
790,14
790,18
790,34
790,35
791,14
791,27
791,35
791,62
792,62
793,35
793,62
794,34
797,34
799,14
799,62
805,34
805,35
806,14
806,34
806,35
806,62
806,76
807,14
807,18
807,62
809,14
809,62
810,4
810,14
811,34
811,62
812,14
812,18
812,34
812,35
812,62
814,18
814,34
818,14
818,62
818,76
820,14
820,18
820,27
820,34
820,35
820,62
820,75
820,76
821,18
821,35
823,14
823,18
823,34
823,35
823,62
824,14
824,34
824,35
824,38
824,62
825,14
825,18
828,35
831,62
832,18
832,62
833,18
833,27
833,62
834,14
834,34
834,62
836,14
837,18
838,14
838,18
838,35
838,38
839,14
839,35
839,62
840,14
840,34
840,35
840,38
848,9
848,39
848,46
848,62
848,66
853,18
854,34
854,38
855,14
855,18
855,34
855,35
855,62
856,18
859,34
860,14
860,35
860,62
861,14
861,18
861,34
861,35
861,38
861,62
862,57
862,59
862,62
866,34
866,38
867,18
868,62
872,18
873,14
873,18
873,34
873,35
873,47
873,62
874,38
874,62
876,34
878,14
878,35
878,62
879,14
879,18
879,35
879,62
880,14
880,35
880,62
883,14
883,18
883,35
884,14
884,34
884,35
885,14
885,18
885,34
885,35
885,38
885,62
886,14
886,18
886,34
886,62
888,14
888,34
888,35
889,34
890,14
892,14
892,34
892,35
892,62
895,14
895,18
895,35
895,62
896,14
896,18
896,34
896,35
896,62
897,14
897,18
897,35
897,62
901,18
902,14
902,34
902,62
903,14
903,18
903,35
905,14
905,18
905,33
905,35
905,38
905,62
905,67
905,73
907,14
907,34
908,38
909,14
909,35
909,62
910,14
910,18
910,34
910,35
910,38
910,62
910,65
911,14
911,18
911,27
911,34
911,35
911,62
913,14
913,18
913,34
913,35
913,47
913,62
914,14
914,18
914,35
915,14
915,35
915,62
916,14
916,18
916,34
916,35
916,62
917,35
917,62
919,14
919,35
919,62
920,35
922,35
922,62
925,34
928,62
931,34
934,18
936,34
936,62
937,62
938,14
938,18
938,35
939,14
940,14
940,18
940,35
940,62
942,34
943,14
943,34
943,35
947,14
948,34
948,35
949,14
949,35
949,62
951,34
953,14
953,18
953,34
953,35
953,62
954,18
955,14
955,18
956,35
958,62
960,14
960,18
960,34
960,35
960,62
961,14
961,35
962,38
963,34
964,18
965,18
965,34
969,14
970,14
970,35
970,62
973,14
973,34
973,35
973,57
973,59
973,62
974,18
976,14
976,18
976,35
976,62
978,14
978,18
978,35
980,35
981,14
981,47
982,34
982,35
982,62
983,62
984,14
984,18
984,35
984,62
988,14
988,35
990,14
990,18
991,18
997,14
998,14
998,18
998,34
998,35
998,47
998,62
1000,14
1001,62
1002,14
1002,34
1002,35
1002,62
1002,76
1003,14
1005,35
1006,34
1008,34
1009,14
1009,18
1009,35
1010,14
1010,35
1010,62
1011,14
1011,35
1011,62
1012,14
1012,18
1012,35
1012,62
1014,38
1027,34
1027,35
1028,14
1028,18
1028,34
1029,14
1029,34
1029,35
1029,62
1032,14
1032,18
1032,35
1032,62
1034,14
1034,34
1034,35
1035,34
1036,14
1040,34
1040,35
1040,62
1042,14
1042,34
1042,35
1043,18
1043,34
1046,18
1046,62
1047,14
1047,35
1047,62
1057,34
1057,62
1060,18
1060,34
1061,18
1065,14
1065,18
1065,34
1065,35
1065,62
1066,14
1066,35
1066,62
1067,62
1068,14
1068,62
1069,14
1069,35
1069,62
1070,14
1070,34
1070,35
1070,62
1071,14
1071,18
1074,18
1074,35
1074,62
1075,14
1075,34
1075,35
1081,18
1081,34
1083,14
1083,34
1083,35
1083,62
1086,14
1086,18
1086,35
1086,38
1086,62
1090,14
1090,18
1090,35
1090,62
1090,65
1092,14
1092,35
1093,14
1093,35
1093,62
1094,14
1100,18
1100,34
1100,35
1109,14
1109,35
1109,38
1109,62
1110,14
1110,18
1110,35
1110,62
1113,14
1113,18
1113,35
1113,62
1114,14
1114,62
1122,14
1122,18
1122,34
1122,35
1122,62
1128,14
1128,35
1130,14
1132,34
1132,35
1132,62
1137,14
1137,34
1137,35
1137,62
1140,14
1142,18
1146,18
1146,34
1146,38
1147,34
1148,35
1148,38
1148,62
1148,76
1149,18
1150,62
1151,14
1154,18
1155,18
1155,34
1155,35
1155,62
1156,14
1156,35
1156,62
1157,14
1157,18
1157,35
1157,62
1160,14
1160,18
1163,18
1168,14
1168,18
1168,34
1168,62
1168,76
1169,14
1169,34
1169,35
1169,62
1170,14
1171,14
1171,35
1173,18
1195,14
1195,35
1195,62
1196,14
1196,34
1196,35
1197,14
1197,18
1197,34
1197,35
1197,62
1198,18
1198,35
1198,62
1199,14
1199,18
1199,35
1199,62
1200,14
1200,18
1200,34
1200,35
1201,14
1201,18
1202,14
1202,18
1202,35
1202,62
1203,18
1203,62
1204,14
1204,35
1206,18
1206,34
1208,14
1208,35
1211,14
1214,18
1214,34
1216,34
1217,62
1221,14
1228,35
1229,14
1229,18
1229,35
1229,62
1232,18
1232,34
1232,62
1233,14
1233,18
1233,34
1233,62
1234,18
1236,35
1238,14
1238,18
1238,35
1239,18
1239,35
1240,14
1240,18
1240,34
1240,35
1245,14
1245,34
1245,35
1247,18
1248,62
1251,62
1252,14
1252,35
1254,14
1254,18
1254,34
1254,35
1254,62
1254,76
1256,14
1256,35
1256,62
1257,14
1257,18
1257,35
1257,62
1264,14
1264,35
1281,14
1281,34
1281,35
1289,14
1289,34
1289,35
1289,62
1289,76
1290,14
1290,62
1291,14
1291,18
1291,34
1292,14
1292,35
1292,62
1293,14
1293,18
1293,34
1293,35
1293,62
1296,14
1296,18
1296,34
1296,35
1301,34
1301,35
1302,18
1303,14
1303,18
1303,35
1303,62
1305,34
1305,62
1308,14
1309,14
1309,18
1309,62
1313,14
1313,35
1316,14
1316,35
1319,14
1319,35
1320,18
1320,35
1322,35
1324,14
1324,18
1328,34
1328,62
1331,14
1331,18
1331,35
1331,62
1336,18
1336,34
1339,18
1339,34
1340,14
1340,18
1340,34
1342,14
1345,34
1349,14
1355,18
1355,34
1355,62
1356,62
1357,14
1357,18
1358,62
1360,14
1360,18
1360,35
1360,62
1360,76
1361,14
1361,62
1364,18
1366,14
1366,18
1366,62
1368,18
1368,35
1371,14
1375,62
1376,18
1383,18
1388,18
1399,14
1399,18
1399,35
1399,62
1400,18
1400,34
1400,62
1402,14
1402,35
1402,62
1402,76
1403,14
1403,35
1404,14
1404,18
1404,34
1404,35
1404,38
1404,47
1404,62
1406,62
1408,34
1411,14
1414,14
1419,18
1421,18
1421,55
1421,62
1423,14
1423,35
1423,62
1431,14
1431,18
1431,34
1431,35
1431,47
1431,62
1431,76
1433,14
1433,34
1433,35
1433,62
1434,14
1434,35
1435,35
1435,62
1436,38
1440,35
1440,62
1442,18
1444,35
1445,14
1445,34
1445,35
1445,62
1446,14
1446,34
1446,35
1446,62
1447,14
1447,34
1448,18
1449,14
1449,35
1449,62
1450,34
1450,62
1453,18
1456,62
1457,14
1457,35
1457,62
1460,14
1460,34
1462,18
1462,62
1464,18
1467,18
1467,34
1469,34
1469,35
1470,14
1470,35
1474,18
1474,35
1476,14
1476,18
1476,35
1480,62
1481,62
1482,18
1482,76
1483,14
1483,18
1483,35
1483,38
1483,62
1489,62
1498,14
1498,18
1498,35
1498,62
1501,35
1517,38
1531,18
1531,35
1534,35
1535,14
1535,35
1538,34
1539,18
1542,14
1542,18
1542,27
1542,34
1542,35
1542,62
1543,18
1543,34
1544,14
1544,35
1544,62
1550,14
1550,34
1551,76
1552,38
1555,18
1557,18
1559,14
1559,18
1559,34
1559,62
1566,14
1566,62
1569,14
1569,34
1569,35
1569,62
1574,14
1574,18
1574,34
1574,35
1579,14
1579,62
1581,18
1581,62
1582,35
1583,14
1583,35
1584,34
1586,14
1586,35
1586,62
1593,14
1593,18
1595,14
1595,35
1595,62
1596,14
1596,18
1596,35
1598,14
1599,18
1600,18
1600,35
1600,62
1601,14
1601,18
1601,34
1601,35
1601,62
1602,14
1602,62
1603,34
1603,35
1603,62
1604,14
1604,34
1604,35
1604,62
1604,65
1606,14
1611,62
1612,14
1612,34
1612,35
1614,18
1614,34
1614,38
1615,14
1615,18
1615,62
1619,34
1622,14
1622,27
1622,35
1622,62
1627,18
1629,18
1632,38
1633,14
1634,14
1634,27
1634,35
1634,62
1636,18
1636,35
1637,18
1637,62
1641,34
1643,35
1644,14
1644,34
1647,14
1647,35
1647,62
1648,62
1653,62
1655,14
1655,18
1655,35
1655,62
1661,18
1664,18
1664,35
1664,49
1673,14
1677,14
1677,34
1677,35
1677,38
1679,14
1679,35
1687,62
1688,14
1688,35
1710,18
1710,35
1710,62
1717,14
1717,18
1717,34
1717,35
1717,38
1717,47
1717,62
1718,14
1718,18
1718,34
1718,35
1718,62
1723,14
1723,18
1723,27
1723,35
1723,38
1723,62
1725,14
1725,34
1725,35
1725,62
1729,14
1729,18
1729,62
1738,14
1738,18
1738,35
1739,18
1739,34
1745,14
1745,35
1747,34
1747,62
1754,62
1756,34
1767,34
1768,14
1768,62
1769,18
1769,62
1770,18
1772,34
1772,35
1772,62
1773,14
1773,35
1774,18
1774,35
1777,14
1777,35
1782,18
1782,34
1782,62
1784,14
1784,18
1784,35
1784,62
1785,18
1785,62
1786,62
1789,14
1789,35
1789,62
1789,76
1792,14
1792,35
1794,62
1796,34
1799,18
1801,14
1801,18
1801,34
1801,35
1802,62
1810,14
1810,18
1811,14
1811,18
1811,35
1812,34
1812,62
1814,62
1815,18
1815,38
1819,14
1819,35
1819,76
1820,9
1820,35
1820,39
1820,46
1820,62
1820,66
1821,14
1821,62
1823,14
1823,18
1823,35
1824,14
1824,35
1836,18
1848,14
1848,34
1849,14
1849,62
1851,14
1851,35
1853,14
1853,35
1859,34
1862,14
1862,18
1862,35
1862,62
1870,14
1889,18
1889,34
1889,35
1889,62
1906,14
1906,18
1906,35
1906,62
1911,14
1911,35
1911,62
1912,14
1915,14
1917,14
1917,18
1917,35
1918,34
1920,18
1920,34
1923,14
1923,18
1923,35
1923,62
1928,18
1935,62
1936,14
1936,18
1936,34
1936,35
1939,14
1939,35
1939,62
1940,14
1940,35
1945,14
1945,38
1952,18
1952,76
1955,18
1955,35
1963,18
1967,14
1978,35
1979,14
1979,35
1980,62
1983,34
1985,18
1985,62
1985,76
1986,34
1986,35
1992,18
1992,34
1993,38
1994,14
1994,35
1995,14
1995,18
1995,35
2001,14
2001,35
2001,62
2002,34
2002,35
2002,62
2003,35
2006,18
2007,14
2007,18
2007,35
2007,62
2011,14
2011,18
2011,34
2011,35
2011,62
2012,14
2012,18
2012,35
2012,62
2013,14
2014,18
2015,62
2020,18
2022,35
2022,62
2029,35
2029,62
2030,14
2030,18
2037,34
2037,35
2037,62
2040,35
2040,62
2044,62
2045,14
2045,35
2045,62
2049,14
2049,35
2052,14
2052,34
2052,35
2052,62
2053,34
2053,35
2053,47
2056,14
2056,35
2062,18
2065,14
2065,18
2065,35
2065,62
2074,14
2074,35
2074,62
2090,14
2090,27
2090,35
2090,62
2093,38
2097,14
2097,35
2097,62
2135,18
2137,18
2141,62
2149,14
2149,35
2172,14
2172,18
2172,35
2180,62
2183,62
2186,62
2192,62
2195,14
2195,18
2195,35
2195,38
2195,62
2196,34
2197,14
2216,18
2216,34
2226,62
2229,14
2229,62
2235,14
2244,14
2244,18
2244,34
2244,35
2244,62
2244,65
2245,34
2245,57
2245,59
2245,62
2246,62
2248,34
2248,62
2248,65
2249,18
2249,62
2250,14
2250,18
2250,34
2250,62
2257,34
2257,35
2258,14
2258,18
2258,34
2258,35
2258,62
2261,14
2261,34
2261,35
2263,18
2263,34
2271,62
2275,14
2275,34
2283,34
2285,62
2294,14
2294,35
2298,14
2309,62
2317,14
2318,14
2318,34
2318,35
2318,62
2318,65
2333,18
2333,34
2334,14
2334,35
2347,14
2349,62
2353,14
2353,62
2354,14
2362,38
2387,62
2394,14
2394,62
2400,14
2423,34
2436,14
2436,35
2460,18
2515,14
2515,35
2515,62
2517,14
2517,35
2517,38
2519,34
2519,62
2520,35
2524,62
2529,14
2529,34
2529,35
2529,62
2534,62
2536,62
2549,14
2551,35
2560,35
2563,14
2563,34
2563,62
2571,14
2571,18
2571,34
2571,35
2585,18
2585,62
2587,14
2587,35
2587,62
2588,18
2588,34
2588,35
2588,62
2589,14
2589,34
2589,35
2589,62
2593,18
2598,35
2599,14
2599,62
2600,14
2600,35
2601,14
2606,14
2606,18
2606,27
2606,35
2606,62
2607,14
2607,35
2607,62
2610,14
2610,35
2610,62
2614,62
2629,14
2629,35
2630,18
2630,35
2630,62
2632,18
2633,14
2633,38
2633,62
2635,34
2635,62
2640,14
2640,18
2640,35
2641,34
2646,14
2649,14
2651,18
2653,14
2656,35
2658,62
2660,14
2660,62
2662,35
2672,14
2672,18
2681,62
2686,62
2692,62
2695,62
2699,34
2702,62
2703,34
2703,62
2704,14
2711,14
2711,62
2720,14
2720,35
2724,62
2726,14
2726,18
2726,35
2726,62
2735,62
2738,18
2738,62
2748,14
2748,35
2753,14
2753,18
2753,27
2753,35
2753,38
2753,62
2760,34
2764,34
2768,62
2778,38
2783,35
2791,14
2791,35
2791,62
2792,14
2792,35
2810,14
2810,34
2810,35
2812,14
2818,35
2823,14
2823,35
2823,62
2824,62
2830,14
2834,18
2874,62
2887,14
2887,18
2887,35
2887,62
2889,18
2889,62
2925,34
2965,18
2978,14
2978,34
2978,62
2986,14
2986,35
2986,62
2996,14
2996,35
2996,62
3001,14
3001,35
3014,14
3014,35
3014,62
3031,14
3031,35
3031,62
3042,14
3042,18
3042,34
3042,35
3042,47
3042,62
3045,18
3055,34
3056,18
3056,34
3056,35
3056,62
3061,14
3061,35
3061,62
3071,18
3071,62
3073,14
3073,35
3073,62
3073,76
3074,14
3074,62
3075,62
3082,14
3082,34
3082,62
3091,14
3094,18
3094,34
3094,62
3096,18
3096,35
3096,62
3098,14
3098,35
3102,14
3104,62
3105,35
3108,18
3108,34
3110,14
3110,18
3110,35
3110,62
3111,14
3112,14
3112,18
3112,35
3113,14
3113,34
3113,35
3118,14
3118,18
3118,34
3118,35
3118,47
3118,62
3124,34
3129,62
3134,34
3153,14
3153,18
3153,35
3153,62
3153,65
3179,14
3179,35
3179,62
3185,18
3201,65
3202,18
3202,62
3211,14
3213,14
3213,35
3214,14
3214,18
3214,35
3214,62
3219,18
3237,14
3240,34
3271,18
3278,35
3283,34
3283,62
3290,34
3290,35
3302,18
3302,34
3302,35
3316,14
3316,34
3316,35
3344,14
3344,35
3344,62
3346,14
3346,35
3356,76
3373,14
3394,35
3394,38
3402,35
3402,62
3420,14
3420,35
3462,14
3462,35
3487,62
3512,18
3526,35
3548,35
3552,14
3606,18
3606,62
3608,18
3613,14
3614,18
3616,14
3616,35
3616,62
3619,14
3619,18
3619,34
3619,35
3619,62
3636,14
3647,14
3647,62
3659,14
3659,35
3676,14
3698,14
3700,14
3700,35
3700,62
3701,14
3713,14
3718,14
3718,18
3718,34
3718,35
3718,62
3730,14
3730,35
3731,18
3731,35
3733,14
3733,18
3736,76
3758,14
3758,35
3758,62
3760,18
3770,35
3786,18
3788,14
3789,14
3789,35
3792,14
3792,35
3793,14
3796,35
3798,14
3798,35
3799,14
3799,18
3799,35
3799,62
3805,62
3808,35
3819,14
3819,62
3826,14
3828,62
3834,14
3834,18
3834,35
3836,14
3836,62
3839,14
3839,35
3839,62
3851,14
3851,34
3851,35
3872,34
3873,14
3873,35
3886,14
3886,18
3886,34
3886,35
3890,14
3890,35
3890,62
3899,18
3905,14
3905,35
3911,18
3921,14
3921,35
3923,14
3923,35
3965,14
3990,47
3990,62
4002,14
4002,18
4002,35
4019,18
4019,76
4051,18
4078,14
4090,18
4090,62
4096,34
4103,14
4103,18
4117,14
4117,35
4117,62
4130,14
4139,14
4139,35
4140,14
4150,18
4162,14
4162,34
4162,35
4162,62
4176,14
4176,18
4193,14
4193,18
4193,35
4193,62
4196,18
4196,34
4231,14
4231,35
4388,18
4521,34
4587,14
4587,62
4589,14
4589,62
4590,14
4590,35
4590,62
4591,14
4599,18
4601,18
4601,34
4606,62
4638,14
4638,35
4638,62
4639,14
4639,35
4639,62
4674,14
4674,18
4674,34
4674,35
4674,38
4674,62
4686,14
4686,18
4686,35
4694,18
4700,62
4702,14
4702,18
4702,34
4702,35
4702,62
4706,14
4706,18
4706,35
4706,62
4708,14
4708,62
4712,14
4723,62
4726,62
4729,34
4734,34
4734,35
4739,14
4739,35
4739,62
4741,14
4741,35
4741,62
4750,18
4751,34
4753,34
4768,14
4771,14
4771,35
4771,62
4778,14
4779,34
4780,14
4782,14
4782,18
4782,76
4792,35
4793,14
4793,18
4793,35
4797,14
4797,35
4797,62
4804,18
4813,34
4833,62
4834,34
4838,14
4849,18
4858,14
4861,18
4861,35
4893,14
4893,34
4893,35
4901,34
4901,62
4908,18
4908,62
4916,62
4923,14
4923,62
4940,18
4943,34
4944,35
4944,62
4947,18
4947,35
4968,62
4983,14
4983,18
4983,35
4983,62
4991,14
4991,62
5012,62
5018,14
5018,35
5029,35
5050,34
5063,34
5092,34
5124,35
5124,62
5148,18
5162,62
5215,18
5245,14
5245,35
5292,18
5292,34
5301,62
5319,14
5319,35
5324,35
5331,14
5331,18
5331,62
5364,18
5364,34
5364,35
5377,14
5377,35
5397,38
5398,34
5405,14
5405,35
5419,34
5424,34
5433,14
5433,18
5433,34
5433,35
5433,62
5537,62
5542,14
5542,35
5572,14
5587,14
5587,35
5634,34
5666,14
5666,34
5666,35
5666,62
5667,34
5679,14
5679,35
5710,62
5720,14
5720,35
5824,14
5824,35
5824,62
6017,14
6017,18
6017,35
6071,18
6071,62
6180,34
6220,14
6220,35
6220,62
6221,34
6225,35
6226,18
6226,35
6232,62
6234,18
6234,34
6234,76
6235,18
6235,34
6236,18
6239,62
6240,18
6240,34
6250,14
6250,35
6295,18
6295,35
6298,35
6325,14
6325,18
6325,34
6325,62
6339,34
6339,35
6339,62
6340,14
6340,35
6363,18
6369,14
6369,18
6369,33
6369,34
6369,35
6369,62
6369,67
6369,73
6387,34
6387,62
6400,62
6421,14
6434,62
6450,62
6484,14
6492,18
6494,18
6494,62
6499,14
6499,35
6499,62
6506,18
6506,62
6510,27
6532,14
6532,35
6539,14
6539,62
6541,62
6543,14
6543,35
6544,14
6544,35
6550,18
6550,35
6551,35
6552,18
6552,35
6552,62
6563,14
6563,34
6563,62
6590,14
6605,35
6629,18
6635,18
6646,14
6646,34
6646,35
6646,62
6666,14
6666,18
6666,35
6686,14
6706,34
6709,14
6709,18
6709,62
6710,14
6710,27
6710,35
6710,62
6717,62
6720,14
6720,35
6749,14
6749,34
6749,35
6749,62
6756,14
6756,18
6756,35
6757,14
6757,35
6757,62
6810,34
6817,14
6817,18
6817,35
6819,14
6819,35
6838,62
6855,18
6878,18
6878,76
6883,14
6913,62
6918,35
6932,27
6961,62
7003,14
7072,14
7085,14
7125,14
7125,35
7134,34
7152,62
7159,62
7160,14
7160,35
7194,62
7229,62
7234,14
7266,18
7266,34
7339,14
7362,14
7362,35
7371,14
7371,18
7371,35
7371,62
7378,62
7387,35
7407,14
7407,34
7407,35
7407,62
7410,14
7437,18
7496,35
7575,62
7612,14
7612,35
7655,35
7682,18
7682,62
7694,18
7694,34
7694,62
7706,35
7771,35
7798,18
7798,34
7798,35
7877,38
7899,14
7899,35
7922,34
8052,62
8094,34
8094,62
8106,34
8106,35
8181,14
8228,18
8418,14
8418,76
8462,18
8469,14
8489,18
8533,35
8545,34
8563,34
8566,14
8795,34
8811,14
8811,35
8903,14
8972,14
8972,18
8972,35
8972,62
9117,34
9117,62
9117,65
9258,62
9259,34
9259,62
9270,14
9317,34
9331,14
9331,27
9331,35
9331,62
9351,62
9367,62
9383,35
9383,62
9394,35
9406,34
9407,35
9415,34
9422,18
9474,62
9475,35
9475,62
9495,62
9500,62
9519,14
9542,14
9542,18
9542,35
9585,38
9626,14
9671,14
9671,62
9697,14
9708,14
9714,62
9718,35
9718,62
9719,14
9723,35
9723,62
9725,14
9726,14
9726,18
9799,62
9814,35
9825,62
9848,14
9848,34
9848,35
9885,62
9894,14
9898,14
9898,35
9907,62
9921,14
9921,62
9930,35
9930,62
9967,34
9990,34
9994,14
10003,14
10021,62
10037,35
10057,14
10086,18
10086,34
10097,62
10114,38
10164,14
10212,14
10224,62
10226,34
10259,38
10267,14
10267,18
10267,35
10294,38
10352,14
10370,18
10372,34
10385,35
10437,18
10445,34
10462,14
10478,34
10486,14
10486,18
10486,34
10486,62
10549,14
10549,35
10551,14
10555,14
10555,18
10555,35
10577,14
10577,62
10579,14
10589,34
10624,35
10675,35
10687,35
10747,18
10771,35
10788,14
10816,18
10864,62
10868,18
10877,14
10877,35
10877,62
10886,14
10886,18
10994,14
11002,62
11016,35
11025,34
11041,34
11107,62
11234,14
11234,35
11285,62
11298,18
11307,18
11307,34
11328,62
11464,35
11622,38
12071,14
12085,14
12085,35
12085,62
12112,14
12167,14
12168,62
12168,65
12170,14
12293,34
12336,14
12383,35
12657,35
12673,14
12739,62
12787,34
12920,18
13041,14
13041,35
13244,18
13373,38
13473,23
13473,34
13473,38
13621,34
13979,18
14111,14
14171,62
14664,34
14679,14
14939,14
14939,35
15194,34
15512,35
15839,14
15848,14
16207,62
16581,62
16596,18
16596,35
16597,14
16597,35
16620,14
16620,62
16689,18
