id,name,kind
1,家常菜,general
2,快手菜,general
3,早餐,general
4,甜品,general
5,蛋糕,general
6,汤羹,general
7,下饭菜,general
8,烘焙,method
9,小吃,general
10,面包,general
11,零食,general
12,烤箱,general
13,减肥,general
14,饼,general
15,素菜,general
16,面,general
17,凉菜,general
18,饭,general
19,下午茶,general
20,快手早餐,general
21,饮品,general
22,饼干,general
23,蒸,method
24,主食,general
25,大鱼大肉,general
26,辣,general
27,糕点,general
28,红烧,general
29,馒头,general
30,煎,general
31,酱,general
32,面条,general
33,婴幼儿,general
34,粥,general
35,宴客,general
36,汤,general
37,炒,method
38,日式,cuisine
39,吐司,general
40,简单,general
41,下酒菜,general
42,饺子,general
43,烤箱菜,general
44,西式,cuisine
45,中式早餐,general
46,沙拉,general
47,韩式,cuisine
48,素食,general
49,清淡,general
50,儿童,audience
51,包子,general
52,酥,general
53,糖水,general
54,宴客菜,general
55,焖,general
56,电饭煲,general
57,炒饭,general
58,炖,method
59,咖喱,general
60,便当,general
61,宝宝,audience
62,卤,general
63,酸甜,general
64,单身食谱,general
65,披萨,general
66,西式早餐,general
67,创意菜,general
68,三明治,general
69,曲奇,general
70,烤,method
71,年夜饭,general
72,月饼,general
73,布丁,general
74,果酱,general
75,冰淇淋,general
76,火锅,general
77,慕斯,general
78,清蒸,general
79,糖醋,general
80,凉拌,method
81,海鲜,general
82,戚风蛋糕,general
83,甜点,general
84,奶香,general
85,点心,general
86,晚餐,general
87,奶茶,general
88,外貌协会,general
89,果汁,general
90,砂锅,general
91,馄饨,general
92,美容,general
93,辅食,general
94,宿舍,general
95,冷饮,general
96,馅,general
97,小吃零食,general
98,炸,method
99,酒,general
100,面包机,general
101,派,general
102,微波炉,general
103,宝宝辅食,general
104,面食,general
105,蛋挞,general
106,拌面,general
107,平底锅,general
108,午餐,general
109,营养,general
110,麻辣,general
111,小清新,general
112,烧,general
113,煲,general
114,丸子,general
115,汤面,general
116,补血,general
117,咖啡,general
118,宵夜,general
119,干锅,general
120,自制面包,general
121,蛋糕卷,general
122,西餐,general
123,焖饭,general
124,饭团,general
125,香辣,general
126,焗,general
127,食材,general
128,粤菜,cuisine
129,甜品饮品,general
130,马芬,general
131,川菜,cuisine
132,豆浆,general
133,润肺抗燥,general
134,孜然,general
135,炒面,general
136,香煎,general
137,蒜香,general
138,美食,general
139,汤圆,general
140,下饭,general
141,电饼铛,general
142,广东小吃,general
143,乳酪蛋糕,general
144,寿司,general
145,五香,general
146,健康,general
147,视频菜谱,general
148,自制酱,general
149,电饭锅,general
150,圣诞节,general
151,深夜食堂,general
152,鱼香,general
153,煮,method
154,一人食,general
155,日式小吃,general
156,减脂,general
157,川渝小吃,general
158,欧式面包,general
159,粽子,general
160,快手,general
161,新手,general
162,盖浇饭,general
163,开胃,general
164,纸杯蛋糕,general
165,中秋节,general
166,油炸,general
167,奶油蛋糕,general
168,凉面,general
169,牛肉,general
170,养生,general
171,生酮,general
172,免烤,general
173,果冻,general
174,美容养颜,general
175,宝宝餐,general
176,汤粥主食,general
177,法式,cuisine
178,欧包,general
179,煲仔饭,general
180,焗饭,general
181,餐包,general
182,东南亚,cuisine
183,情人节,general
184,江南小吃,general
185,高压锅,general
186,野餐,general
187,北京小吃,general
188,酸辣,general
189,烩,general
190,电压力锅,general
191,老人,audience
192,冬至,general
193,鸡蛋,general
194,口味,general
195,台湾小吃,general
196,豆浆机,general
197,泰式,general
198,育儿,general
199,巧克力,general
200,软面包,general
201,辅食食谱,general
202,喂养,general
203,鱼,general
204,豆腐,general
205,汉堡,general
206,花卷,general
207,焖面,general
208,意面,general
209,圣诞,general
210,泡芙,general
211,意大利面,general
212,芝士,general
213,减脂餐,general
214,端午节,general
215,鸡肉,general
216,肯德基,general
217,塔,general
218,磅蛋糕,general
219,烧烤,method
220,土豆,general
221,养颜,general
222,自制,general
223,冰箱,general
224,奶昔,general
225,饮料,general
226,蒸蛋,general
227,浓汤,general
228,玛德琳,general
229,自制吐司,general
230,排骨,general
231,港式小吃,general
232,鸡翅,general
233,夏天,general
234,自制糖果,general
235,凉拌菜,general
236,儿童餐,general
237,虾,general
238,抹茶,general
239,烘培,general
240,低脂,general
241,中餐,general
242,司康,general
243,水果,general
244,海绵蛋糕,general
245,懒人食谱,general
246,健身,general
247,裱花蛋糕,general
248,止咳,general
249,中式,general
250,烧麦,general
251,猪肉,general
252,湖北小吃,general
253,养胃,general
254,烩饭,general
255,自制面条,general
256,空气炸锅,general
257,炖菜,general
258,陕西小吃,general
259,清明节,general
260,煸,general
261,港式,general
262,夜宵,general
263,肉,general
264,西点,general
265,元宵节,general
266,创意,general
267,春卷,general
268,宝宝食谱,general
269,营养餐,general
270,南瓜,general
271,酸奶,general
272,开胃菜,general
273,鸡蛋羹,general
274,秋日暖汤,general
275,鸡胸肉,general
276,蔬菜,general
277,肉类,general
278,万圣节,general
279,高分菜谱,general
280,低卡,general
281,低碳,general
282,懒人菜,general
283,面包卷,general
284,蛋卷,general
285,懒人,general
286,营养辅食,general
287,秋冬暖饮,general
288,卤味,general
289,年菜,general
290,牛排,general
291,私房菜,general
292,榨汁机,general
293,孕妇,audience
294,面点,general
295,清爽,general
296,五花肉,general
297,鸡,general
298,日料,general
299,轻食,general
300,菜谱,general
301,东北菜,general
302,润肺,general
303,家常,general
304,炒菜,general
305,腊八节,general
306,煲汤,general
307,冷藏,general
308,茄子,general
309,锅贴,general
310,清明,general
311,小羽私厨,general
312,厨艺,general
313,腌制,general
314,节日节气,general
315,鸡腿,general
316,铸铁锅,general
317,烙,general
318,健身餐,general
319,沙拉凉菜,general
320,草莓,general
321,戚风,general
322,糖霜饼干,general
323,米饭,general
324,无油,general
325,荣誉殿堂,general
326,紫薯,general
327,鸡尾酒,general
328,中式点心,general
329,厨师长,general
330,泡菜,general
331,粗粮,general
332,滋补,general
333,芝士蛋糕,general
334,花草茶,general
335,摆盘,general
336,糯米,general
337,咸菜,general
338,小龙虾,general
339,减肥餐,general
340,美食教学,general
341,奶油霜,general
342,羊肉,general
343,造型饼干,general
344,麦当劳,general
345,虾仁,general
346,湘菜,cuisine
347,冰品,general
348,蒸菜,general
349,番茄,general
350,哆咪辅食,general
351,拔丝,general
352,冬天,general
353,意大利,general
354,炸鸡,general
355,红薯,general
356,小菜,general
357,香蕉,general
358,烤肉,general
359,必胜客,general
360,三文鱼,general
361,胡萝卜,general
362,特色菜,general
363,自制汤圆,general
364,牛奶,general
365,年糕,general
366,煎饼,general
367,甜汤,general
368,德州农民,general
369,补肾,general
370,健脾,general
371,肉松,general
372,网红,general
373,荤菜,general
374,咸味饼干,general
375,奶酪,general
376,家宴,general
377,红烧肉,general
378,外婆家,general
379,小羽,general
380,芒果,general
381,消暑,general
382,豆沙,general
383,快收菜,general
384,油泼,general
385,燕麦,general
386,破壁机,general
387,奶油,general
388,馅饼,general
389,瘦身,general
390,感恩节,general
391,安神,general
392,简餐,general
393,蘑菇,general
394,牛腩,general
395,排毒,general
396,螃蟹,general
397,清火,general
398,产妇,general
399,味蕾工坊,general
400,晚饭,general
401,月子餐,general
402,手抓饼,general
403,浇汁,general
404,米粉,general
405,泰国菜,general
406,塔吉锅,general
407,甜食,general
408,生日蛋糕,general
409,无糖,general
410,解暑,general
411,小炒,general
412,肉菜,general
413,老火汤,general
414,松饼,general
415,养生壶,general
416,小食,general
417,全麦,general
418,蛋黄酥,general
419,低碳水,general
420,牛油果,general
421,馅料,general
422,健康菜,general
423,微体社区,general
424,猪蹄,general
425,美食教程,general
426,黄瓜,general
427,红豆,general
428,腌菜,general
429,煎饺,general
430,冰激凌,general
431,北鼎,general
432,中岛老师,general
433,味多美,general
434,满记,general
435,食疗,general
436,贝果,general
437,鸡爪,general
438,蓝莓,general
439,西红柿,general
440,柠檬,general
441,烤鱼,general
442,冰饮,general
443,雪糕,general
444,豆角,general
445,粉丝,general
446,蜂蜜,general
447,鸡汤,general
448,羊排,general
449,中式面点,general
450,糖果,general
451,青团,general
452,苏打饼干,general
453,软欧,general
454,玉米,general
455,牛轧糖,general
456,高蛋白,general
457,影视综艺,general
458,硬菜,general
459,榴莲,general
460,益气,general
461,夹心饼干,general
462,好吃,general
463,暖身,general
464,酱料,general
465,阿姿,general
466,腊八,general
467,麻薯,general
468,聚会,general
469,拌饭,general
470,异国风味,general
471,美食推荐,general
472,客家菜,general
473,生日,general
474,匹萨,general
475,椰蓉,general
476,迷迭香,general
477,生活,general
478,热菜,general
479,豆制品,general
480,腊肉,general
481,滋阴,general
482,热饮,general
483,发糕,general
484,龙虾,general
485,米宝,general
486,鸡蛋饼,general
487,杯子蛋糕,general
488,米线,general
489,秋葵,general
490,菠萝,general
491,培根,general
492,米糊,general
493,萝卜,general
494,石锅,general
495,美味,general
496,造型馒头,general
497,高颜值,general
498,烧卖,general
499,苹果,general
500,山药,general
501,香菇,general
502,盖饭,general
503,清热祛火,general
504,蘸料,general
505,皮蛋,general
506,上班族,general
507,咸蛋黄,general
508,蔓越莓,general
509,法棍,general
510,烘焙教程,general
511,糯米粉,general
512,茶,general
513,日本料理,general
514,酸菜鱼,general
515,加餐,general
516,芋头,general
517,全麦面包,general
518,土豆泥,general
519,焦糖,general
520,鲜芋仙,general
521,中秋,general
522,芋圆,general
523,日常,general
524,华夫饼,general
525,鸭,general
526,苦瓜,general
527,清热,general
528,鸭肉,general
529,药膳,general
530,孕产妇,general
531,菠菜,general
532,生酮饮食,general
533,奶品,general
534,小森林,general
535,拿手菜,general
536,黑芝麻,general
537,微波,general
538,藕,general
539,祛湿,general
540,午饭,general
541,冰棒,general
542,月澜姐,general
543,快餐,general
544,调料,general
545,马卡龙,general
546,七夕,general
547,杏鲍菇,general
548,增肌,general
549,美善品,general
550,卤菜,general
551,多谢款待,general
552,金针菇,general
553,酸菜,general
554,芝麻,general
555,颜值,general
556,早午餐,general
557,婴儿辅食,general
558,肉食,general
559,调酒,general
560,炖汤,general
561,色拉,general
562,西兰花,general
563,烤鸡,general
564,千层蛋糕,general
565,麻辣烫,general
566,法餐,general
567,冷面,general
568,雪花酥,general
569,营养汤,general
570,春节,general
571,水饺,general
572,肉丸,general
573,康普茶,general
574,自制饮品,general
575,懒人饭,general
576,裱花,general
577,冷菜,general
578,PH大师,general
579,核桃,general
580,快手餐,general
581,韩国料理,general
582,原创,general
583,香肠,general
584,奶饮,general
585,印度,general
586,自制腊肉,general
587,熏,general
588,主食小吃,general
589,夏日,general
590,甜甜圈,general
591,猪油,general
592,燕窝,general
593,油条,general
594,低糖,general
595,青菜,general
596,传统,general
597,墨西哥,general
598,黑暗料理,general
599,河鲜,general
600,补钙,general
601,蒜蓉,general
602,广式,general
603,叉烧,general
604,台湾菜,general
605,米博,general
606,天然酵母,general
607,农家菜,general
608,挞,general
609,下酒,general
610,布朗尼,general
611,红枣,general
612,绿豆糕,general
613,芋泥,general
614,辣椒,general
615,营养早餐,general
616,凉粉,general
617,鳕鱼,general
618,山楂,general
619,鱿鱼,general
620,吃货,general
621,上海菜,general
622,蛋炒饭,general
623,视频食谱,general
624,潮汕,general
625,蛤蜊,general
626,大盘鸡,general
627,花甲,general
628,大菜,general
629,春饼,general
630,新疆菜,general
631,奶茶培训,general
632,饮品培训,general
633,早点,general
634,中式糕点,general
635,食戟之灵,general
636,肠粉,general
637,可可,general
638,纯素,general
639,蛋饼,general
640,白菜,general
641,干煸,general
642,辣白菜,general
643,冰棍,general
644,蒸糕,general
645,keto,general
646,韩餐,general
647,方便面,general
648,野菜,general
649,薯条,general
650,雪媚娘,general
651,藜麦,general
652,卤肉饭,general
653,时令,general
654,海参,general
655,孕妇餐,general
656,花生,general
657,扇贝,general
658,美食制作,general
659,大闸蟹,general
660,重口味,general
661,蛋黄,general
662,美食台,general
663,辣椒酱,general
664,蛋包饭,general
665,冬瓜,general
666,月经不调,general
667,乌冬面,general
668,羹,general
669,烧饼,general
670,黑麦,general
671,葱油饼,general
672,牛,general
673,地狱厨房,general
674,板栗,general
675,夏季,season
676,养生汤,general
677,炸物,general
678,软欧包,general
679,正餐,general
680,少油,general
681,和果子,general
682,时令菜,general
683,卤肉,general
684,龙利鱼,general
685,夏日饮品,general
686,新疆,general
687,淡奶油,general
688,百香果,general
689,云南菜,general
690,蟹,general
691,黄油,general
692,特色,general
693,糖,general
694,麻辣香锅,general
695,主菜,general
696,酱汁,general
697,栗子,general
698,酒酿,general
699,生蚝,general
700,水果茶,general
701,杂粮,general
702,肥牛,general
703,火腿,general
704,麦芬,general
705,鱼汤,general
706,坚果,general
707,韩国,general
708,罐头,general
709,冬季,season
710,红酒,general
711,照烧,general
712,代餐,general
713,网红甜品,general
714,孕妇食谱,general
715,小点心,general
716,淮扬菜,general
717,鲫鱼,general
718,青椒,general
719,翻糖,general
720,卡通,general
721,奥利奥,general
722,减肥菜,general
723,地方菜,general
724,紫菜包饭,general
725,水煮鱼,general
726,花样馒头,general
727,料理,general
728,提拉米苏,general
729,土豆丝,general
730,鱼类,general
731,创新菜,general
732,85度c,general
733,网红美食,general
734,手工,general
735,地瓜,general
736,网红菜,general
737,烙饼,general
738,美白,general
739,红糖,general
740,健康餐,general
741,娃娃菜,general
742,鱼头,general
743,甜面包,general
744,自制酸奶,general
745,手指食物,general
746,班戟,general
747,自制泡菜,general
748,腊肠,general
749,解腻,general
750,秋冬,general
751,蔬菜饼,general
752,汉美驰,general
753,小美,general
754,快手饭,general
755,低热量,general
756,今日茶饮,general
757,饮品配方,general
758,配料,general
759,简易,general
760,薯片,general
761,金枪鱼,general
762,秋天,general
763,藤田千秋,general
764,卷饼,general
765,皮皮虾,general
766,芦笋,general
767,快手甜品,general
768,ph,general
769,天然酵种,general
770,蒸饺,general
771,溶豆,general
772,补气血,general
773,川味,general
774,派对,general
775,经典,general
776,儿童辅食,general
777,宝宝零食,general
778,快手晚餐,general
779,紫甘蓝,general
780,石榴,general
781,炖肉,general
782,牛蛙,general
783,韭菜,general
784,无辣不欢,general
785,酥脆,general
786,面粉,general
787,快手午餐,general
788,小嶋,general
789,卡通包,general
790,奶茶教程,general
791,饮品教程,general
792,潮州菜,general
793,降火,general
794,香,general
795,绿豆,general
796,过年,general
797,珐琅锅,general
798,聚餐,general
799,泡面,general
800,费南雪,general
801,冷盘,general
802,咖喱饭,general
803,达人厨房,general
804,春笋,general
805,蒸蛋糕,general
806,流心,general
807,零失败,general
808,冰皮月饼,general
809,关东煮,general
810,草莓酱,general
811,婴儿,general
812,洋葱,general
813,花胶,general
814,海苔,general
815,节日,general
816,蔬果汁,general
817,果蔬汁,general
818,韩式料理,general
819,拜托冰箱,general
820,曲奇饼干,general
821,料理制作,general
822,毛巾卷,general
823,千层,general
824,葱油,general
825,慕斯蛋糕,general
826,花生酱,general
827,豆妈糕点,general
828,法式甜品,general
829,无添加,general
830,技巧,general
831,意大利菜,general
832,拉面,general
833,西米露,general
834,法式甜点,general
835,糯米饭,general
836,快手汤,general
837,豆沙包,general
838,炸酱面,general
839,螺蛳粉,general
840,复活节,general
841,青井老师,general
842,减肥食谱,general
843,DIY,general
844,独家,general
845,酥饼,general
846,奶冻,general
847,全麦吐司,general
848,秋季,season
849,小零食,general
850,黑胡椒,general
851,盒子蛋糕,general
852,前菜,general
853,生菜,general
854,白萝卜,general
855,西多士,general
856,烹饪方法,general
857,裸蛋糕,general
858,鸡胸,general
859,凉皮,general
860,特色小吃,general
861,拿铁,general
862,土司,general
863,南瓜饼,general
864,开胃小菜,general
865,薄荷,general
866,鱼肉,general
867,补脑,general
868,红豆沙,general
869,米糕,general
870,大阪烧,general
871,减肥瘦身,general
872,热干面,general
873,水果拼盘,general
874,港式甜品,general
875,养生菜,general
876,梭子蟹,general
877,糯米糍,general
878,玫瑰,general
879,午餐肉,general
880,油炸食品,general
881,熏鱼,general
882,早茶,general
883,奶油奶酪,general
884,可爱馒头,general
885,巴沙鱼,general
886,奶茶做法,general
887,饮品做法,general
888,卷,general
889,料理仙姬,general
890,创意料理,general
891,翻糖蛋糕,general
892,法式面包,general
893,东北,general
894,视频推荐,general
895,绿豆汤,general
896,春,general
897,微体兔,general
898,包菜,general
899,补铁,general
900,棒棒糖,general
901,饺子馅,general
902,传统菜,general
903,厨师机,general
904,純素,general
905,冰粉,general
906,樱桃,general
907,大米,general
908,健康早餐,general
909,可爱,general
910,炸鱼,general
911,礼物,general
912,火腿肠,general
913,炒蛋,general
914,日式面包,general
915,王后面粉,general
916,蒸鱼,general
917,银耳,general
918,无麸质,general
919,意式,cuisine
920,鹰嘴豆,general
921,留学生,general
922,荞麦面,general
923,新手菜,general
924,孕期,general
925,日式料理,general
926,鱼虾水产,general
927,烤箱食谱,general
928,叉烧肉,general
929,餐盘画,general
930,鱼丸,general
931,健康减肥,general
932,烤串,general
933,糕,general
934,黄焖鸡,general
935,苹果派,general
936,焖锅,general
937,发面饼,general
938,樱花,general
939,牛尾,general
940,酱菜,general
941,玛捷斯,general
942,宴会,general
943,橄榄油,general
944,虾滑,general
945,潮汕美食,general
946,元宵,general
947,小蛋糕,general
948,抗疲劳,general
949,梨,general
950,蜜饯,general
951,零基础,general
952,西葫芦,general
953,酸奶蛋糕,general
954,潮汕小吃,general
955,鹌鹑蛋,general
956,本帮菜,general
957,台湾味,general
958,方便,general
959,猪扒,general
960,粉条,general
961,桂花,general
962,醪糟,general
963,鲈鱼,general
964,北海道,general
965,小孩,general
966,米酒,general
967,酱香,general
968,杏仁,general
969,肉末,general
970,肉桂,general
971,装饰,general
972,韭菜盒子,general
973,丝瓜,general
974,带鱼,general
975,泡椒,general
976,免揉,general
977,零食小吃,general
978,水煮,general
979,蔬菜汤,general
980,炒粉,general
981,沙拉酱,general
982,基围虾,general
983,生煎,general
984,豆腐脑,general
985,传统小吃,general
986,祛火,general
987,特色美食,general
988,酸,general
989,无糖无油,general
990,江浙菜,general
991,紫菜,general
992,黄油蛋糕,general
993,海底捞,general
994,橙子,general
995,狗粮,general
996,中式甜品,general
997,鸭血,general
998,鲅鱼,general
999,脆皮,general
1000,养身,general
1001,三餐,general
1002,减脂增肌,general
1003,面筋,general
1004,桂花糕,general
1005,手擀面,general
1006,蒸烤箱,general
1007,鲜肉,general
1008,家宴菜,general
1009,炸鲜奶,general
1010,甜,general
1011,猪排,general
1012,羊肉汤,general
1013,汤粥,general
1014,人群,general
1015,野生菌,general
1016,包饭,general
1017,海鲜面,general
1018,郊外,general
1019,旅游,general
1020,亲子,general
1021,养颜美容,general
1022,烘烤,general
1023,发酵,general
1024,肠,general
1025,减脂菜,general
1026,星巴克,general
1027,热狗,general
1028,软曲奇,general
1029,荠菜,general
1030,红丝绒,general
1031,千层面,general
1032,光波炉,general
1033,速食,general
1034,海鲜粥,general
1035,日本,general
1036,鳗鱼,general
1037,街头小吃,general
1038,手工面,general
1039,木瓜,general
1040,早饭,general
1041,剁椒,general
1042,莴笋,general
1043,黄花鱼,general
1044,肉丝,general
1045,糖尿病,general
1046,煎蛋,general
1047,牛肉面,general
1048,菜饭,general
1049,排包,general
1050,鸡丁,general
1051,炸牛奶,general
1052,烤冷面,general
1053,厚蛋烧,general
1054,低脂餐,general
1055,健康减脂,general
1056,云吞,general
1057,铁板,general
1058,枣泥,general
1059,黑椒,general
1060,小黄鱼,general
1061,南瓜粥,general
1062,奶黄,general
1063,肉夹馍,general
1064,家庭菜,general
1065,美式,general
1066,低卡路里,general
1067,咖喱牛肉,general
1068,紫苏,general
1069,补气,general
1070,粉,general
1071,家乡菜,general
1072,过年菜,general
1073,中种,general
1074,小吃培训,general
1075,白酱,general
1076,简单快手,general
1077,葱油面,general
1078,台式,general
1079,茶饮,general
1080,健脑,general
1081,猪脚,general
1082,蛋,general
1083,肥牛饭,general
1084,爸爸厨房,general
1085,蛏子,general
1086,哥本哈根,general
1087,甜品培训,general
1088,甜品教程,general
1089,甜品做法,general
1090,田螺,general
1091,快手点心,general
1092,卤水,general
1093,调味,general
1094,料理机,general
1095,金桔,general
1096,伴手礼,general
1097,火龙果,general
1098,毛豆,general
1099,教程,general
1100,配菜,general
1101,海鲜汤,general
1102,蚕豆,general
1103,墨西哥菜,general
1104,乳酪,general
1105,椰浆,general
1106,花蛤,general
1107,四季豆,general
1108,月子,audience
1109,气泡水,general
1110,拌菜,general
1111,一锅端,general
1112,炸鸡翅,general
1113,果蔬盘饰,general
1114,桃胶,general
1115,清肺,general
1116,润燥,general
1117,卡通馒头,general
1118,肉馅,general
1119,茼蒿,general
1120,东南亚菜,general
1121,手套膜,general
1122,香芋,general
1123,家常小炒,general
1124,治愈,general
1125,春季,season
1126,水果蛋糕,general
1127,麦子厨房,general
1128,芹菜,general
1129,补品,general
1130,凤爪,general
1131,湖南菜,general
1132,茶叶蛋,general
1133,卤蛋,general
1134,元气早餐,general
1135,和菓子,general
1136,凤梨酥,general
1137,羊,general
1138,年夜菜,general
1139,土豆饼,general
1140,全素,general
1141,保养,general
1142,保健,general
1143,酥皮,general
1144,溏心蛋,general
1145,鸡块,general
1146,木耳,general
1147,莲藕,general
1148,银耳羹,general
1149,鲜美,general
1150,辣酱,general
1151,备餐,general
1152,江湖菜,general
1153,便当菜,general
1154,牛肉饭,general
1155,思慕雪,general
1156,香葱,general
1157,广东菜,general
1158,咸肉,general
1159,乌冬,general
1160,视频,general
1161,八宝饭,general
1162,咸,general
1163,酵素,general
1164,水产,general
1165,炸肉,general
1166,豆皮,general
1167,鲍鱼,general
1168,滋补汤,general
1169,梅森瓶,general
1170,泰国料理,general
1171,素,general
1172,中式面食,general
1173,鱼胶,general
1174,素材,general
1175,烹饪教程,general
1176,手指饼干,general
1177,陈皮,general
1178,上海,general
1179,健康轻食,general
1180,凉茶,general
1181,玉米饼,general
1182,自制油条,general
1183,菌菇,general
1184,疙瘩汤,general
1185,肉丸子,general
1186,天妇罗,general
1187,宝宝菜,general
1188,父亲节,general
1189,姜,general
1190,汉堡包,general
1191,水煮菜,general
1192,创意美食,general
1193,磨牙棒,general
1194,糍粑,general
1195,奇亚籽,general
1196,懒人蛋糕,general
1197,糖醋里脊,general
1198,经期,general
1199,开口笑,general
1200,乌鸡,general
1201,豆类,general
1202,海鱼,general
1203,鲜虾,general
1204,软糖,general
1205,猪肉脯,general
1206,海鲜饭,general
1207,少油少盐,general
1208,辣椒炒肉,general
1209,炒米粉,general
1210,里脊肉,general
1211,排骨焖饭,general
1212,减脂零食,general
1213,糯米糕,general
1214,菠菜饼,general
1215,寝室,general
1216,创新,general
1217,感冒,general
1218,包子馅,general
1219,肥肠,general
1220,能量棒,general
1221,休闲,general
1222,鲁菜,cuisine
1223,星冰乐,general
1224,宴请,general
1225,儿童早餐,general
1226,快手面包,general
1227,Q弹,general
1228,烤翅,general
1229,荤素搭配,general
1230,自酿,general
1231,夏季美食,general
1232,炼乳,general
1233,10分钟,general
1234,竹笋,general
1235,饱腹感,general
1236,手抓饭,general
1237,高纤维,general
1238,胶原蛋白,general
1239,俄罗斯,general
1240,炒肉,general
1241,靓汤,general
1242,轻食机,general
1243,炖煮,general
1244,开酥,general
1245,可颂,general
1246,麻婆豆腐,general
1247,口蘑,general
1248,炖牛肉,general
1249,馍,general
1250,泰国,general
1251,功夫菜,general
1252,新年,general
1253,炒年糕,general
1254,夏日必备,general
1255,黑糖,general
1256,女性,general
1257,花菜,general
1258,棒冰,general
1259,小甜点,general
1260,大福,general
1261,印度菜,general
1262,鸡排,general
1263,蘸水,general
1264,面疙瘩,general
1265,菠萝包,general
1266,核桃酥,general
1267,小面包,general
1268,卡通面包,general
1269,马蹄糕,general
1270,珍珠奶茶,general
1271,汤品,general
1272,辛辣,general
1273,古风美食,general
1274,美食圈,general
1275,糖饼,general
1276,特产,general
1277,老少皆宜,general
1278,鲳鱼,general
1279,千层酥,general
1280,白色恋人,general
1281,白吉馍,general
1282,烤羊排,general
1283,驴打滚,general
1284,肉饼,general
1285,白玉菇,general
1286,猫饭,general
1287,麻辣菜,general
1288,厨技,general
1289,仿真馒头,general
1290,美食摄影,general
1291,电炖锅,general
1292,蛋清,general
1293,粉蒸肉,general
1294,猪油渣,general
1295,冰糖葫芦,general
1296,FC1,general
1297,大师秘方,general
1298,豆包,general
1299,场景,general
1300,帕尼尼,general
1301,豆豉,general
1302,蔬食,general
1303,夏,general
1304,咸面包,general
1305,抹茶蛋糕,general
1306,烹饪,general
1307,宝宝加餐,general
1308,年货,general
1309,椰蓉面包,general
1310,夏季甜品,general
1311,菌类,general
1312,蛋饺,general
1313,原味,general
1314,葱,general
1315,清淡饮食,general
1316,多宝鱼,general
1317,希腊酸奶,general
1318,西班牙,general
1319,小圆子,general
1320,奶盖,general
1321,蜜汁,general
1322,番薯,general
1323,永安小吃,general
1324,大餐,general
1325,花茶,general
1326,冰沙,general
1327,食补,general
1328,高汤,general
1329,吐司面包,general
1330,羊肉串,general
1331,小山进,general
1332,微辣,general
1333,炖鸡,general
1334,曼食慢语,general
1335,咸蛋,general
1336,懒人版,general
1337,开花馒头,general
1338,丼,general
1339,鸡翅根,general
1340,酿,general
1341,千层饼,general
1342,葱油拌面,general
1343,清热解毒,general
1344,荷包蛋,general
1345,猪,general
1346,蒸锅,general
1347,辣炒,general
1348,人群功效,general
1349,磨果,general
1350,调味品,general
1351,母婴,general
1352,暗黑料理,general
1353,增肌减脂,general
1354,肉末茄子,general
1355,回锅肉,general
1356,五谷,general
1357,虾油,general
1358,待客菜,general
1359,卤鸡爪,general
1360,汤谱,general
1361,桃酥,general
1362,汤水,general
1363,健康零食,general
1364,中式甜点,general
1365,素食主义,general
1366,夏日冰饮,general
1367,海带,general
1368,槐花,general
1369,路边摊,general
1370,章鱼,general
1371,黑米,general
1372,锅巴,general
1373,奶制品,general
1374,鱼片,general
1375,果酒,general
1376,羊蝎子,general
1377,燕麦片,general
1378,鲁邦种,general
1379,盐焗,general
1380,蛋类,general
1381,免烤箱,general
1382,刺身,general
1383,藕片,general
1384,植物肉,general
1385,彩虹,general
1386,低脂低卡,general
1387,猪肉饼,general
1388,炒肉丝,general
1389,江山菜,general
1390,一人餐,general
1391,藜麦饭,general
1392,节气,general
1393,生酮甜品,general
1394,德国,general
1395,爆浆,general
1396,铜锣烧,general
1397,红茶,general
1398,广东汤,general
1399,麦吉,general
1400,奶酥,general
1401,草莓蛋糕,general
1402,发面,general
1403,名菜,general
1404,模具,general
1405,营养搭配,general
1406,浅井,general
1407,醋溜,general
1408,新加坡,general
1409,贵州菜,general
1410,孕妇菜,general
1411,阳春面,general
1412,松茸,general
1413,功效,general
1414,隔水炖,general
1415,可露丽,general
1416,可可粉,general
1417,虾饼,general
1418,柠檬水,general
1419,传统美食,general
1420,酸辣汤,general
1421,普通面粉,general
1422,番茄酱,general
1423,茶点,general
1424,焗烤,general
1425,清蒸鱼,general
1426,鲜汤,general
1427,备孕,general
1428,蒜苗,general
1429,大排,general
1430,小海鲜,general
1431,果蔬拼盘,general
1432,蔬菜水果,general
1433,西米,general
1434,四川,general
1435,豆渣,general
1436,焖菜,general
1437,枣糕,general
1438,锅包肉,general
1439,蛋白霜,general
1440,无油无糖,general
1441,笋,general
1442,懒人菜谱,general
1443,健康食谱,general
1444,啤酒,general
1445,烩菜,general
1446,养生粥,general
1447,蚝油生菜,general
1448,意大利餐,general
1449,猪肝,general
1450,厨娘物语,general
1451,煎鱼,general
1452,腐竹,general
1453,咖哩,general
1454,椒盐,general
1455,单身,general
1456,有机,general
1457,阿胶糕,general
1458,快速早餐,general
1459,豆沙饼,general
1460,黄豆,general
1461,虾饺,general
1462,玛芬,general
1463,剩菜,general
1464,无需烤箱,general
1465,快手零食,general
1466,椰子,general
1467,水煮肉片,general
1468,里脊,general
1469,盘饰,general
1470,温泉蛋,general
1471,解毒,general
1472,红烧菜,general
1473,腊味,general
1474,学生,general
1475,四川味道,general
1476,鸡翅包饭,general
1477,懒人早餐,general
1478,罐罐沙拉,general
1479,煎炸,general
1480,文蛤,general
1481,苦菊,general
1482,花生米,general
1483,爽口菜,general
1484,纸杯,general
1485,糕团,general
1486,红豆馅,general
1487,花胶汤,general
1488,蒸鸡,general
1489,春游,general
1490,泡椒凤爪,general
1491,日剧,general
1492,滋润,general
1493,炒饼,general
1494,豆芽,general
1495,扬州炒饭,general
1496,黄豆酱,general
1497,西式汤,general
1498,地三鲜,general
1499,豆腐皮,general
1500,牛肉丸,general
1501,港丽,general
1502,入门级,general
1503,司康饼,general
1504,凯凯食记,general
1505,烤箱版,general
1506,冬季菜,general
1507,午餐便当,general
1508,咸鲜,general
1509,茭白,general
1510,大骨汤,general
1511,卡通蛋糕,general
1512,秋刀鱼,general
1513,蛋挞皮,general
1514,塔皮,general
1515,油酥,general
1516,网红小吃,general
1517,冬日,general
1518,桃山皮,general
1519,奶黄馅,general
1520,过节,general
1521,送人,general
1522,烤地瓜,general
1523,空心菜,general
1524,梦龙,general
1525,奶香片,general
1526,葡萄,general
1527,西北,general
1528,冷盘菜,general
1529,冬笋,general
1530,汤粉,general
1531,果蔬面,general
1532,草鱼,general
1533,趣味美食,general
1534,亲子菜,general
1535,鹦鹉厨房,general
1536,乱炖,general
1537,冻芝士,general
1538,地方美食,general
1539,胶原,general
1540,儿童烘培,general
1541,养生餐,general
1542,酱爆,general
1543,配饭,general
1544,豆腐煲,general
1545,夏天饮品,general
1546,鸡蛋灌饼,general
1547,孩子最爱,general
1548,英国,general
1549,大杂烩,general
1550,慕斯雪,general
1551,蛋黄肉松,general
1552,北欧,general
1553,玉米馒头,general
1554,披萨酱,general
1555,油焖,general
1556,下午茶点,general
1557,人参,general
1558,千层糕,general
1559,养生食疗,general
1560,健康低脂,general
1561,健康甜品,general
1562,🎃,general
1563,平菇,general
1564,湖南,general
1565,佛卡夏,general
1566,北方菜,general
1567,薑,general
1568,炸年糕,general
1569,章鱼烧,general
1570,京菜,general
1571,网红零食,general
1572,低脂健康,general
1573,家常豆腐,general
1574,荷叶,general
1575,贫血,general
1576,痛经,general
1577,家常便饭,general
1578,粘米粉,general
1579,打蛋器,general
1580,季节菜,general
1581,明太鱼,general
1582,无盐,general
1583,葡萄干,general
1584,养肝,general
1585,水果酒,general
1586,烧排骨,general
1587,杨枝甘露,general
1588,taco,general
1589,奶黄包,general
1590,可爱包子,general
1591,鲜榨,general
1592,虾球,general
1593,榨汁,general
1594,灌肠,general
1595,面条机,general
1596,蕃薯,general
1597,南瓜吐司,general
1598,烧鸡,general
1599,豆乳盒子,general
1600,榴莲饼,general
1601,中种法,general
1602,榴莲蛋糕,general
1603,椒盐土豆,general
1604,暖胃,general
1605,熔岩蛋糕,general
1606,烤布蕾,general
1607,网红饮品,general
1608,软糯香甜,general
1609,儿童菜,general
1610,一日三餐,general
1611,钛锅,general
1612,口水鸡,general
1613,红油,general
1614,牛扒,general
1615,彩色面条,general
1616,打卤面,general
1617,云南特色,general
1618,法国菜,general
1619,温补,general
1620,腰花,general
1621,松软,general
1622,太妃糖,general
1623,川贝,general
1624,广式甜点,general
1625,威士忌,general
1626,煎饼果子,general
1627,蔬菜面,general
1628,冬日滋补,general
1629,酥点,general
1630,乡村面包,general
1631,豆沙馅,general
1632,健脾养胃,general
1633,健康晚餐,general
1634,生酮食谱,general
1635,双皮奶,general
1636,茴香,general
1637,纳豆,general
1638,摩卡,general
1639,闽南小吃,general
1640,考伯沙拉,general
1641,鱼香肉丝,general
1642,花式,general
1643,狗零食,general
1644,芝士控,general
1645,扯面,general
1646,鳝鱼,general
1647,叉烧包,general
1648,膏,general
1649,闽南菜,general
1650,杭州菜,general
1651,润肤抗燥,general
1652,小馒头,general
1653,本帮,general
1654,小餐包,general
1655,浪漫,general
1656,鱼饼,general
1657,牛肉粒,general
1658,烤羊腿,general
1659,杂粮饭,general
1660,鸡肉丸子,general
1661,三杯鸡,general
1662,低脂纯素,general
1663,卤牛肉,general
1664,易学,general
1665,不重样,general
1666,自制豆腐,general
1667,异国,general
1668,卖萌,general
1669,造型,general
1670,好吃的菜,general
1671,奶类,general
1672,古风,general
1673,美食侦探,general
1674,坐月子,general
1675,照烧鸡腿,general
1676,晚宴,general
1677,红豆面包,general
1678,立夏,general
1679,高血糖,general
1680,麦片,general
1681,炸肉饼,general
1682,牛羊肉,general
1683,抗氧化,general
1684,水晶,general
1685,法国食谱,general
1686,海南鸡饭,general
1687,喜饼,general
1688,青瓜,general
1689,高筋面粉,general
1690,鸭子,general
1691,盐,general
1692,蔬菜汁,general
1693,杏仁豆腐,general
1694,养生甜品,general
1695,雪碧,general
1696,驴肉,general
1697,盐焗鸡,general
1698,布里欧修,general
1699,南瓜馒头,general
1700,撸串,general
1701,麻薯包,general
1702,恐龙蛋,general
1703,麻薯球,general
1704,辫子面包,general
1705,真香警告,general
1706,甜咸,general
1707,大枣,general
1708,百合,general
1709,安心,general
1710,红豆糕,general
1711,抹酱,general
1712,火鸡,general
1713,一锅到底,general
1714,红烧鸡块,general
1715,无油烟,general
1716,雀巢,general
1717,可丽饼,general
1718,鲜香,general
1719,不用烤箱,general
1720,西瓜,general
1721,风味小吃,general
1722,炸鸡教程,general
1723,炸鸡培训,general
1724,炸鸡做法,general
1725,小吃教程,general
1726,小吃做法,general
1727,纯肉,general
1728,粉色,general
1729,自制美食,general
1730,肉末蒸蛋,general
1731,乌龙茶,general
1732,菜花,general
1733,天使蛋糕,general
1734,汤类,general
1735,爽口小菜,general
1736,酸笋,general
1737,肉沫,general
1738,大排档,general
1739,家庭烘焙,general
1740,糖霜,general
1741,炸香蕉,general
1742,面片,general
1743,越南,general
1744,炒牛肉,general
1745,温州,general
1746,乌鸡汤,general
1747,玉米面,general
1748,剁椒鱼头,general
1749,小煮锅,general
1750,天津,general
1751,糖渍,general
1752,下厨房,general
1753,宝宝饮食,general
1754,鱼蛋,general
1755,米粥,general
1756,手撕面包,general
1757,花朵面包,general
1758,营养健康,general
1759,暖心汤,general
1760,木鱼花,general
1761,猴头菇,general
1762,香酥,general
1763,辣椒油,general
1764,猪手,general
1765,热狗面包,general
1766,大骨头,general
1767,主餐,general
1768,制作教程,general
1769,时令蔬菜,general
1770,熊猫,general
1771,干贝,general
1772,一发,general
1773,爆炒,general
1774,海产,general
1775,萝卜丝,general
1776,台湾,general
1777,厨房小白,general
1778,酸豆角,general
1779,滋阴润肺,general
1780,花生酥,general
1781,酱香饼,general
1782,独家菜谱,general
1783,炒鸡蛋,general
1784,低脂甜品,general
1785,海鮮,general
1786,小酥肉,general
1787,肉食动物,general
1788,小花牛,general
1789,小资,general
1790,小技巧,general
1791,泡菜汤,general
1792,快手蛋糕,general
1793,玉子烧,general
1794,清凉饮品,general
1795,香草,general
1796,浇头,general
1797,生巧,general
1798,黑糖珍珠,general
1799,烤鸡翅,general
1800,秋燥,general
1801,低油,general
1802,木薯粉,general
1803,笋干,general
1804,云朵蛋糕,general
1805,土锅,general
1806,黑森林,general
1807,擂辣椒,general
1808,电热饭盒,general
1809,宴席菜,general
1810,包点,general
1811,夏季饮品,general
1812,高纤,general
1813,冷食,general
1814,乳清,general
1815,黑全麦,general
1816,大厨,general
1817,水煎包,general
1818,赤小豆,general
1819,客家小吃,general
1820,杏仁粉,general
1821,蚝油,general
1822,凉爽,general
1823,小咸菜,general
1824,瘦身餐,general
1825,娘惹,general
1826,潮汕菜,general
1827,西式料理,general
1828,少女心,general
1829,詹姆士,general
1830,无味精,general
1831,银鱼,general
1832,节气菜,general
1833,母亲节,general
1834,肉肉,general
1835,cake,general
1836,粉面,general
1837,小朋友,general
1838,宿舍食谱,general
1839,豆沙面包,general
1840,清炒,general
1841,素炒,general
1842,香料,general
1843,京酱肉丝,general
1844,梨汤,general
1845,麻酱烧饼,general
1846,钵仔糕,general
1847,自制香肠,general
1848,剩米饭,general
1849,留学党,general
1850,大米糕,general
1851,百里香,general
1852,冰糖,general
1853,家常汤,general
1854,翻糖饼干,general
1855,芡实,general
1856,鸡心,general
1857,茨木老师,general
1858,油饼,general
1859,芥末,general
1860,操作简单,general
1861,日本豆腐,general
1862,鹅肉,general
1863,炖锅,general
1864,蜂蜜蛋糕,general
1865,石斑鱼,general
1866,江南菜,general
1867,蔬菜拼盘,general
1868,蔬菜盘饰,general
1869,汽锅,general
1870,猪肚,general
1871,荷兰豆,general
1872,西北菜,general
1873,汤饭,general
1874,宴席,general
1875,厨具,general
1876,紫米,general
1877,核桃面包,general
1878,甜羹,general
1879,下奶,general
1880,肉脯,general
1881,立秋,general
1882,自创菜,general
1883,鸡肉饭,general
1884,咖喱鸡,general
1885,海绵,general
1886,去火,general
1887,驱寒暖身,general
1888,青少年,general
1889,白领,general
1890,快手馒头,general
1891,网红蛋糕,general
1892,啤酒鸭,general
1893,意式料理,general
1894,松下,general
1895,海胆,general
1896,砂锅菜,general
1897,蛋白,general
1898,蛋糕抹面,general
1899,简单美味,general
1900,汤底,general
1901,麻辣拌,general
1902,萨瓦林,general
1903,快手小吃,general
1904,豆腐汤,general
1905,宿舍菜,general
1906,酥肉,general
1907,木糠杯,general
1908,广式腊肠,general
1909,妈妈,general
1910,泥,general
1911,印尼,general
1912,私家菜,general
1913,茄盒,general
1914,石锅拌饭,general
1915,酸辣粉,general
1916,腰果,general
1917,抄手,general
1918,半熟芝士,general
1919,舒芙蕾,general
1920,手信,general
1921,马天儒,general
1922,葱花,general
1923,米,general
1924,低卡甜品,general
1925,意大利粉,general
1926,宝宝早餐,general
1927,金鲳鱼,general
1928,闪电泡芙,general
1929,桃花酥,general
1930,温暖,general
1931,自制果冻,general
1932,英式,general
1933,黄油面包,general
1934,藕夹,general
1935,华夫,general
1936,甜點,general
1937,武昌鱼,general
1938,四川菜,general
1939,剩饭,general
1940,锦玉,general
1941,两人份,general
1942,麦芽糖,general
1943,绿色健康,general
1944,扒,general
1945,青木瓜,general
1946,早晨,general
1947,爆米花,general
1948,清肠,general
1949,鸭翅,general
1950,豆沙裱花,general
1951,夏日冷饮,general
1952,正宗,general
1953,创意蛋糕,general
1954,牛肉酱,general
1955,柚子,general
1956,炸肉丸,general
1957,串串,general
1958,碟鱼头,general
1959,餅乾,general
1960,葱油鸡,general
1961,蛋糕机,general
1962,水,general
1963,热炒,general
1964,鸡脆骨,general
1965,越南菜,general
1966,慢炖锅,general
1967,天津菜,general
1968,面饼,general
1969,肉包子,general
1970,银耳汤,general
1971,葱花饼,general
1972,牛肉干,general
1973,视频教程,general
1974,兔肉,general
1975,猪肉丸子,general
1976,虎皮青椒,general
1977,工作餐,general
1978,豆腐乳,general
1979,东菱,general
1980,焦糖布丁,general
1981,煮蛋,general
1982,荔浦芋头,general
1983,果脯,general
1984,两人食,general
1985,带饭菜,general
1986,瘦肉,general
1987,巧克力酱,general
1988,凯撒沙拉,general
1989,肉酱,general
1990,煮干丝,general
1991,减脂早餐,general
1992,爱心餐,general
1993,海鲜大餐,general
1994,椰奶,general
1995,炖鱼,general
1996,无烤箱,general
1997,秋生饭堂,general
1998,牛角包,general
1999,谷物,general
2000,烤五花肉,general
2001,狗,general
2002,意粉,general
2003,麻糍,general
2004,稀饭,general
2005,储存,general
2006,花式面食,general
2007,爽口,general
2008,烤虾,general
2009,油豆腐,general
2010,花旗参,general
2011,豆沙酥,general
2012,食谱,general
2013,肉桂卷,general
2014,木须肉,general
2015,柠檬鸡爪,general
2016,可乐,general
2017,水果罐头,general
2018,灌汤包,general
2019,果泥,general
2020,扇骨,general
2021,养生零食,general
2022,趣多多,general
2023,卤面,general
2024,蛋类豆类,general
2025,葱烧海参,general
2026,懒人料理,general
2027,口味菜,general
2028,糖油果子,general
2029,马苏里拉,general
2030,广式煲汤,general
2031,河虾,general
2032,糖油粑粑,general
2033,妈妈菜,general
2034,原料,general
2035,自制乳酪,general
2036,小番茄,general
2037,牛肉饼,general
2038,基础知识,general
2039,辣子鸡,general
2040,锅,general
2041,速冻,general
2042,奶片,general
2043,汤种,general
2044,三鲜,general
2045,健康美食,general
2046,腊排骨,general
2047,蝴蝶面,general
2048,素斋,general
2049,烧菜,general
2050,家庭,general
2051,鸡中翅,general
2052,猪骨,general
2053,面包糠,general
2054,鸡米花,general
2055,小丸子,general
2056,北方,general
2057,海蛎干,general
2058,蟹柳,general
2059,河粉,general
2060,烧仙草,general
2061,贴饼子,general
2062,生酮烘焙,general
2063,手工制作,general
2064,面类,general
2065,SCD,general
2066,西式主食,general
2067,甜辣,general
2068,簡易,general
2069,可乐鸡翅,general
2070,奶油打发,general
2071,蘸水面,general
2072,椰子面粉,general
2073,无黄油,general
2074,拌,method
2075,连体菜,general
2076,烘焙美食,general
2077,锅物,general
2078,减脂中餐,general
2079,蛋挞液,general
2080,粗细搭配,general
2081,酸奶杯,general
2082,草莓汁,general
2083,苹果醋,general
2084,麻,general
2085,肠仔包,general
2086,五谷杂粮,general
2087,卡仕达酱,general
2088,麻球,general
2089,胡辣汤,general
2090,麻酱,general
2091,番茄鸡蛋,general
2092,加高中空,general
2093,面包蟹,general
2094,10个月,general
2095,面包酱,general
2096,白钟元,general
2097,铸铁,general
2098,梅子,general
2099,干货,general
2100,肉松面包,general
2101,和食,general
2102,曼步厨房,general
2103,中点,general
2104,海鲜酱,general
2105,解暑菜,general
2106,美味小吃,general
2107,边角料,general
2108,奶油酱,general
2109,辣菜,general
2110,水果蔬菜,general
2111,营养美味,general
2112,鲶鱼,general
2113,濃湯,general
2114,油渣,general
2115,贴秋膘,general
2116,自制零食,general
2117,日式火锅,general
2118,味好美,general
2119,咸鱼,general
2120,百搭,general
2121,宿舍美食,general
2122,团子,general
2123,贝类,general
2124,藕粉,general
2125,清凉,general
2126,少糖,general
2127,宠物零食,general
2128,夜市,general
2129,脂肪炸弹,general
2130,沙煲,general
2131,果蔬包,general
2132,体虚,general
2133,麻圆,general
2134,排骨汤,general
2135,焖子,general
2136,大饼,general
2137,驱寒,general
2138,部队锅,general
2139,广东,general
2140,圣诞树,general
2141,牛肋条,general
2142,碱水,general
2143,菜式,general
2144,毛肚,general
2145,羊肚菌,general
2146,饭岛奈美,general
2147,土鸡,general
2148,饱腹,general
2149,贝贝南瓜,general
2150,羊角豆,general
2151,马拉糕,general
2152,糟卤,general
2153,三文治,general
2154,丰胸,general
2155,烤菜,general
2156,蛋黄饼干,general
2157,雪梨,general
2158,秋梨膏,general
2159,入门烘焙,general
2160,小饼,general
2161,蓝莓酱,general
2162,水果沙拉,general
2163,蛋白质,general
2164,淡水鱼,general
2165,调酒师,general
2166,秘制,general
2167,洋芋,general
2168,蜜糖,general
2169,炸丸子,general
2170,玉米糊,general
2171,柿子,general
2172,颜值党,general
2173,凉拌面,general
2174,酿肉,general
2175,奶,general
2176,麻团,general
2177,中式小吃,general
2178,抓饭,general
2179,吉野家,general
2180,土豆粉,general
2181,快手制作,general
2182,油焖大虾,general
2183,生津,general
2184,止渴,general
2185,脆壳,general
2186,烟熏,general
2187,牙签肉,general
2188,孩子,general
2189,西式浓汤,general
2190,杭帮菜,general
2191,餐厅,general
2192,融合菜,general
2193,棉花糖,general
2194,腌肉,general
2195,奶油芝士,general
2196,熬夜,general
2197,冰皮,general
2198,家常饭,general
2199,便宜,general
2200,烤土豆,general
2201,海蛎,general
2202,黄鳝,general
2203,面团,general
2204,海味,general
2205,玉米汁,general
2206,快手主食,general
2207,健康饮食,general
2208,韩食,general
2209,绿豆沙,general
2210,开胃汤,general
2211,面少工坊,general
2212,蒜泥,general
2213,不粘锅,general
2214,和牛,general
2215,荔枝,general
2216,零嘴,general
2217,尖椒,general
2218,蒸面包,general
2219,豉油鹅,general
2220,碌鹅,general
2221,台湾美食,general
2222,武汉加油,general
2223,女士养生,general
2224,红豆酥,general
2225,寿司卷,general
2226,白胖子,general
2227,红糟鱼,general
2228,杭椒,general
2229,豆花,general
2230,青口,general
2231,土豆饭,general
2232,预拌粉,general
2233,酱牛肉,general
2234,葱爆羊肉,general
2235,乌龙料理,general
2236,豆馅,general
2237,红芸豆馅,general
2238,农家美食,general
2239,红参,general
2240,鸡蛋糕,general
2241,小厨娘,general
2242,白切,general
2243,饺子陷,general
2244,包子陷,general
2245,虎皮尖椒,general
2246,真善品,general
2247,美,general
2248,老婆饼,general
2249,草莓季,general
2250,膳食纤维,general
2251,顺德,general
2252,炒牛奶,general
2253,特殊造型,general
2254,儿童零食,general
2255,鱼骨,general
2256,酸萝卜,general
2257,萝卜酸,general
2258,糯米烧麦,general
2259,牛板筋,general
2260,清真,general
2261,烧素鹅,general
2262,混搭,general
2263,菜飯,general
2264,育婴,general
2265,ins风,general
2266,翻糖玩偶,general
2267,南风叙,general
2268,葱烤肉,general
2269,香草司康,general
2270,排骨菜,general
2271,蛋类豆腐,general
2272,松软面包,general
2273,班兰面包,general
2274,冷泡茶,general
2275,玉米松饼,general
2276,2岁宝宝,general
2277,紫色,general
2278,花青素,general
2279,芋艿,general
2280,茄子煲,general
2281,多肉植物,general
2282,多肉,general
2283,香蕉苦瓜,general
2284,糙米饭,general
2285,烘焙食谱,general
2286,雪人蛋糕,general
2287,尤鱼,general
2288,爆浆蛋糕,general
2289,土豆浓汤,general
2290,蚕蛹,general
2291,君之,general
2292,制作,general
2293,广东煲汤,general
2294,早,general
2295,能量,general
2296,蛋塔,general
2297,椰香,general
2298,打边炉,general
2299,紫薯酥,general
2300,茶杯蛋糕,general
2301,西北美食,general
2302,凉切糕,general
2303,滋阴养颜,general
2304,小,general
2305,西,general
2306,年味,general
2307,辫子包,general
2308,炒鸡胗,general
2309,不辣,general
2310,桂林味道,general
2311,轻断食,general
2312,青椒炒蛋,general
2313,酸奶松饼,general
2314,杨梅汤汁,general
2315,贝壳,general
2316,猪肉番茄,general
2317,猪脚肉,general
2318,酒肴,general
2319,搬运,general
2320,烤玉米粒,general
2321,枣泥蛋糕,general
2322,油面筋,general
2323,炸面筋,general
2324,健康烘培,general
2325,流沙包,general
2326,卡通餐,general
2327,燒味,general
2328,廣東菜,general
2329,肉類,general
2330,草莓大福,general
2331,芥蓝,general
2332,白灼芥蓝,general
2333,牛颈肉,general
2334,牛蹄,general
2335,留学食谱,general
2336,战斧牛排,general
2337,开胃面食,general
2338,东北炖菜,general
2339,焦糖奶茶,general
2340,千层肚,general
2341,罗宋汤,general
2342,蒸饭,general
2343,法甜,general
2344,菜肴,general
2345,皇家奶茶,general
2346,明目,general
2347,止咳润肺,general
2348,小虾,general
2349,红糖凉糕,general
2350,解暑神器,general
2351,黄花梦粄,general
2352,树根蛋糕,general
2353,苏打汽水,general
2354,电烤锅,general
2355,三及第,general
2356,灌饼,general
2357,竹炭,general
2358,低油低卡,general
2359,花生蛋白,general
2360,魔芋粉胶,general
2361,美味早餐,general
2362,泡发,general
2363,韩式豆腐,general
2364,茶餐厅,general
2365,银针粉,general
2366,炒银针粉,general
2367,蔬菜泥,general
2368,榴莲披萨,general
2369,披萨饼皮,general
2370,梅花肉排,general
2371,酸奶沙拉,general
2372,炸藕片,general
2373,鮟鱇鱼,general
2374,酸菜牛肉,general
2375,解渴,general
2376,伏特加,general
2377,网红咖啡,general
2378,手打咖啡,general
2379,砂锅煲仔,general
2380,醋溜白菜,general
2381,炒白菜,general
2382,硬欧,general
2383,烟熏牛排,general
2384,鸦片鱼,general
2385,烤箱西餐,general
2386,传统糕点,general
2387,西餐肉食,general
2388,不用揉,general
2389,传统食品,general
2390,粉片,general
2391,片粉,general
2392,红薯粉片,general
2393,烧汤,general
2394,三鲜面,general
2395,老干妈,general
2396,懒人系列,general
2397,猪头肉,general
2398,废柴,general
2399,菠菜小饼,general
2400,辅食饼,general
2401,滋阴美颜,general
2402,深海鱼,general
2403,中饭,general
2404,麻薯软欧,general
2405,炸鸡胸,general
2406,补气养血,general
2407,失眠,general
2408,食欲不振,general
2409,抵抗力差,general
2410,产后恢复,general
2411,低脂热量,general
2412,消灭剩饭,general
2413,芝麻糊,general
2414,牛萨萨,general
2415,法式料理,general
2416,鸡高汤,general
2417,米其林,general
2418,法国,general
2419,鱼肉肠,general
2420,御寒,general
2421,夏天必备,general
2422,燕麦粥,general
2423,蚂蚁上树,general
2424,咖喱粉,general
2425,银鱼粉,general
2426,抹醬,general
2427,消化饼,general
2428,巧厨烘焙,general
2429,早餐饼,general
2430,喝酒小菜,general
2431,卤汁,general
2432,糯米果,general
2433,焅,general
2434,芝麻酱,general
2435,绞肉,general
2436,剂面,general
2437,雪茄,general
2438,学生早餐,general
2439,手撕,general
2440,蓮藕湯,general
2441,秋天的,general
2442,葱油菜,general
2443,白玉卷,general
2444,盐酥鸡,general
2445,预防感冒,general
2446,香料水果,general
2447,泰餐,general
2448,班兰,general
2449,午餐饭团,general
2450,水果盘盘,general
2451,优酪乳,general
2452,冰镇,general
2453,孜然土豆,general
2454,大米饭,general
2455,昂刺鱼,general
2456,亲子饭,general
2457,冰,general
2458,肉排,general
2459,烤排,general
2460,奶皇,general
2461,西式糕点,general
2462,女性养生,general
2463,调经,general
2464,抠门必会,general
2465,椒麻鸡,general
2466,美容甜品,general
2467,菊花酥,general
2468,自然甜,general
2469,双色花卷,general
2470,滋补佳品,general
2471,秋日美食,general
2472,下奶汤,general
2473,龙江菜,general
2474,牛仔骨,general
2475,投食,general
2476,厨房,general
2477,广式粥,general
2478,随手包,general
2479,玉米笋,general
2480,什锦,general
2481,风味排骨,general
2482,营养鲜美,general
2483,爱心菜,general
2484,芋泥面包,general
2485,黄瓜小菜,general
2486,刀削面,general
2487,雨水,general
2488,蛋糕坯,general
2489,萨布雷,general
2490,生巧克力,general
2491,和风,general
2492,手把肉,general
2493,手把羊排,general
2494,奶粉,general
2495,无芝士,general
2496,牛肉卷,general
2497,希腊,general
2498,豆沙汤圆,general
2499,传统甜点,general
2500,宝贝零食,general
2501,豌豆糕,general
2502,低糖低脂,general
2503,菌菇类,general
2504,日式盖饭,general
2505,软软,general
2506,冬日暖饮,general
2507,wrap,general
2508,爆款,general
2509,虎乳菌,general
2510,麦多馅饼,general
2511,鸡蛋面,general
2512,纯全麦,general
2513,营养午餐,general
2514,海参系列,general
2515,盐焗海鲜,general
2516,水信玄饼,general
2517,红咖喱,general
2518,雪里蕻,general
2519,赛螃蟹,general
2520,自制焦糖,general
2521,奶糖,general
2522,活血,general
2523,白糖,general
2524,活血化瘀,general
2525,月经,general
2526,包萨,general
2527,披萨包子,general
2528,牛扒包子,general
2529,洋葱包子,general
2530,故事,general
2531,热带风情,general
2532,自制奶茶,general
2533,顺滑香甜,general
2534,薄底,general
2535,枣粽子,general
2536,春笋烧肉,general
2537,牛肉松,general
2538,烤盘类,general
2539,一碗香,general
2540,鱼竹轮,general
2541,茴香饼,general
2542,少油健康,general
2543,灵动美食,general
2544,石榴盘饰,general
2545,石榴摆盘,general
2546,石榴拼盘,general
2547,福建小吃,general
2548,响螺片,general
2549,造型戚风,general
2550,白雪公主,general
2551,生酮减肥,general
2552,肉皮,general
2553,螺,general
2554,腌渍菜,general
2555,炸黄花鱼,general
2556,焖烧壶,general
2557,新年菜,general
2558,韩式火锅,general
2559,脱糖,general
2560,北方主食,general
2561,红糖蛋糕,general
2562,襄阳,general
2563,小暑,general
2564,竹节虾,general
2565,大虾,general
2566,童子鸡,general
2567,炫富菜,general
2568,香茅,general
2569,美容减肥,general
2570,牛肉牛腩,general
2571,广东老汤,general
2572,苦瓜炒饭,general
2573,广式茶点,general
2574,鲜花冻,general
2575,豆乳,general
2576,烫面戚风,general
2577,翻糖教程,general
2578,婚礼蛋糕,general
2579,大朔,general
2580,国外作品,general
2581,烛光晚餐,general
2582,温州鱼饼,general
2583,咀嚼,general
2584,18个月,general
2585,挤挤面包,general
2586,坚果粉,general
2587,中筋面粉,general
2588,小妙招,general
2589,简单菜谱,general
2590,热色拉,general
2591,煮饭,general
2592,台菜,general
2593,麻辣鳕鱼,general
2594,无骨鸡爪,general
2595,茶泡饭,general
2596,莴苣,general
2597,奶枣,general
2598,汤菜,general
2599,花生酪,general
2600,复古蛋糕,general
2601,巴东,general
2602,柑普茶,general
2603,冲泡,general
2604,糯米糯米,general
2605,麻叶,general
2606,馋嘴,general
2607,上海早餐,general
2608,腊肠焖饭,general
2609,照烧汁,general
2610,饭包,general
2611,菜包饭,general
2612,黑麦吐司,general
2613,凉拌黄瓜,general
2614,浙江菜,general
2615,为爱下厨,general
2616,潮州小吃,general
2617,冒菜,general
2618,自制沙拉,general
2619,三杯,general
2620,柠檬红茶,general
2621,红豆蜜豆,general
2622,早餐馒头,general
2623,草莓挞,general
2624,台州,general
2625,番茄鱼片,general
2626,欧,general
2627,酸奶水果,general
2628,瓠子,general
2629,户子,general
2630,瓠子条,general
2631,素炒瓠子,general
2632,烧鱼,general
2633,妖儿姐姐,general
2634,干酪食谱,general
2635,奶酪食谱,general
2636,法国前菜,general
2637,奶酪前菜,general
2638,法国奶酪,general
2639,海南雞,general
2640,鹽巴,general
2641,蔥,general
2642,海南雞飯,general
2643,萬勝廚,general
2644,万胜厨,general
2645,海南鸡,general
2646,贝壳蛋糕,general
2647,花饭,general
2648,金华火腿,general
2649,枣花馍,general
2650,鸡腿饭,general
2651,鱼柳,general
2652,青岛菜,general
2653,打发,general
2654,烙馍,general
2655,人类观察,general
2656,remi,general
2657,烤鸭腿,general
2658,蒜烤茄子,general
2659,快手美味,general
2660,清爽菜,general
2661,酸汤肥牛,general
2662,番茄凉糕,general
2663,酱油,general
2664,松子,general
2665,水果捞,general
2666,古早味,general
2667,夹肉馍,general
2668,软饮,general
2669,北极虾,general
2670,杜坎减肥,general
2671,清明果,general
2672,桃,general
2673,自制腌菜,general
2674,家常主食,general
2675,没有烤箱,general
2676,老面法,general
2677,植物日记,general
2678,猫粮,general
2679,文宇奶酪,general
2680,早餐宵夜,general
2681,猪肚鸡,general
2682,养胃汤,general
2683,解馋,general
2684,麻薯面包,general
2685,柠檬凤爪,general
2686,酸甜凉拌,general
2687,酸奶面包,general
2688,家常面条,general
2689,好哩,general
2690,烤薯条,general
2691,麻辣串,general
2692,蒸鲫鱼,general
2693,奶酪戚风,general
2694,胶东,general
2695,青岛,general
2696,威海,general
2697,䓤花,general
2698,芒果雪糕,general
2699,桂圆莲子,general
2700,绿叶菜,general
2701,椰汁,general
2702,盖浇面,general
2703,特色川味,general
2704,粤,general
2705,婴儿米粉,general
2706,烤火鸡,general
2707,节日大餐,general
2708,深夜厨房,general
2709,皮冻,general
2710,水晶皮冻,general
2711,古人食,general
2712,燉菜,general
2713,兔,general
2714,蘸酱,general
2715,青口贝,general
2716,蓋澆飯,general
2717,便當,general
2718,花蟹,general
2719,古斯米,general
2720,鸡扒,general
2721,肥宅餐,general
2722,极简料理,general
2723,猫,general
2724,猫零食,general
2725,蒸肉,general
2726,解馋零嘴,general
2727,休闲零食,general
2728,入门料理,general
2729,和面,general
2730,地摊,general
2731,烤豆皮,general
2732,补脾胃,general
2733,薏米,general
2734,照烧猪排,general
2735,创意咖啡,general
2736,抹茶拿铁,general
2737,满族,general
2738,德国菜,general
2739,白吐司,general
2740,拉丝,general
2741,菜单,general
2742,拍青瓜,general
2743,白果,general
2744,留学菜单,general
2745,肉蒸蛋,general
2746,韭菜鸡蛋,general
2747,酱油炒饭,general
2748,菠萝饭,general
2749,骨头,general
2750,厨余,general
2751,保罗,general
2752,松软戚风,general
2753,下火,general
2754,老北京,general
2755,黄辣丁,general
2756,珍珠丸,general
2757,土司披萨,general
2758,小电锅,general
2759,海棠酥,general
2760,青椒肉丝,general
2761,仿真,general
2762,趣味饼干,general
2763,菇菌,general
2764,牛肝菌,general
2765,重庆,general
2766,花边披萨,general
2767,快手披萨,general
2768,沙爹鸡,general
2769,儿童食谱,general
2770,宝宝饼干,general
2771,千张,general
2772,小火锅,general
2773,中考食谱,general
2774,浓香,general
2775,橄榄油粥,general
2776,欧丽薇兰,general
2777,油爆虾,general
2778,意式面包,general
2779,酸爽可口,general
2780,定胜糕,general
2781,江南,general
2782,非轻食,general
2783,孜然牛肉,general
2784,凉饮,general
2785,橙子芝士,general
2786,橙香,general
2787,手撕鸡,general
2788,红烧带鱼,general
2789,煎带鱼,general
2790,香煎带鱼,general
2791,蝶豆花,general
2792,大饼子,general
2793,绿豆食品,general
2794,简便,general
2795,照烧鸡,general
2796,猪三星,general
2797,蒸面,general
2798,转印,general
2799,滋补营养,general
2800,中餐汤食,general
2801,腊八粥,general
2802,番茄烩饭,general
2803,越吃越瘦,general
2804,面包伴侣,general
2805,磨牙,general
2806,广式菜,general
2807,卤制菜,general
2808,健康蛋糕,general
2809,经典菜,general
2810,威廉食堂,general
2811,减重,general
2812,花胶炖奶,general
2813,香菇粥,general
2814,低糖少油,general
2815,闽菜,cuisine
2816,过早,general
2817,爱心汤,general
2818,食神驾到,general
2819,番茄汤,general
2820,清补,general
2821,洋葱肥牛,general
2822,青豆,general
2823,海鲜菇,general
2824,锡纸烤鱼,general
2825,鹅油,general
2826,咸口点心,general
2827,营养晚餐,general
2828,干豆角,general
2829,可冷冻,general
2830,粗粮主食,general
2831,发酵手残,general
2832,打发手残,general
2833,口感超嫩,general
2834,鳗鱼饭,general
2835,莫吉托,general
2836,茅屋起司,general
2837,卡路里,general
2838,素三鲜,general
2839,黄小厨,general
2840,豆角焖面,general
2841,山西焖面,general
2842,芸豆焖面,general
2843,香辣蛏子,general
2844,炒蛏子,general
2845,炒花甲,general
2846,精致,general
2847,海螺,general
2848,早餐主食,general
2849,益力多,general
2850,潮汕特产,general
2851,虾皮粉,general
2852,黄哈儿,general
2853,添香,general
2854,雕花,general
2855,湯羹,general
2856,老年人,general
2857,网红吃法,general
2858,烤箱菜系,general
2859,鱼水饺,general
2860,糯米团,general
2861,煲仔菜,general
2862,强身健体,general
2863,香蕉面包,general
2864,披萨皮,general
2865,肉鲳,general
2866,蔥燒,general
2867,饺子皮,general
2868,辣炖鸡块,general
2869,排骨饭,general
2870,三汁焖锅,general
2871,柠檬汁,general
2872,苦瓜炒蛋,general
2873,夹心面包,general
2874,菠萝面包,general
2875,菠萝酱,general
2876,煎饼卷菜,general
2877,简易料理,general
2878,腊味饭,general
2879,茭白鲍鱼,general
2880,字母饼干,general
2881,磨牙饼干,general
2882,全食物,general
2883,彩椒,general
2884,南瓜羹,general
2885,艾糍,general
2886,豆腐包,general
2887,红薯蛋糕,general
2888,防弹咖啡,general
2889,肉酱面,general
2890,韭菜苔,general
2891,干烧,general
2892,油黄瓜,general
2893,牛尾汤,general
2894,卤鸭掌,general
2895,周黑鸭,general
2896,意式甜点,general
2897,卤水拼盘,general
2898,牛毽子,general
2899,熟食,general
2900,花鲢,general
2901,椒香花鲢,general
2902,泡菜炒面,general
2903,佐料,general
2904,催乳湯,general
2905,營養靚湯,general
2906,抹茶漩涡,general
2907,番茄牛肉,general
2908,罐子,general
2909,黑糖芋圆,general
2910,烤翅根,general
2911,寒天,general
2912,糖醋凤爪,general
2913,糖醋鸡翅,general
2914,无水炖菜,general
2915,瘦肉汤,general
2916,奶油泡芙,general
2917,鸡头米,general
2918,咸味蛋糕,general
2919,天津特色,general
2920,汤种面包,general
2921,酱香猪蹄,general
2922,快手面条,general
2923,糟猪蹄,general
2924,香糟猪手,general
2925,牦牛肉,general
2926,果蜜,general
2927,入味,general
2928,日常饮食,general
2929,爵士屋,general
2930,转化糖浆,general
2931,什锦菜,general
2932,脏脏奶茶,general
2933,薯粉,general
2934,茶歇点心,general
2935,松花蛋,general
2936,戴军,general
2937,烩面,general
2938,菠菜面,general
2939,驱寒汤,general
2940,果泥果冻,general
2941,芒果果冻,general
2942,家有二娃,general
2943,大连风味,general
2944,拌粉,general
2945,海鲜豆腐,general
2946,仙贝,general
2947,桃山月饼,general
2948,烹调方法,general
2949,椰蓉吐司,general
2950,健康饭,general
2951,凉拌云耳,general
2952,早餐咸菜,general
2953,牛肉馅饼,general
2954,米饭搭档,general
2955,豌豆黄,general
2956,完美,general
2957,配方,general
2958,腊八蒜,general
2959,熬猪油,general
2960,夜宵之王,general
2961,牛肉土豆,general
2962,压力锅,general
2963,夹心蛋糕,general
2964,古巴,general
2965,清迈小吃,general
2966,酒水饮料,general
2967,芋头卷,general
2968,家炒菜,general
2969,顶级菜谱,general
2970,干净美味,general
2971,鸡丝凉面,general
2972,黄磊同款,general
2973,竹筒饭,general
2974,咸酸,general
2975,虾皮,general
2976,快食,general
2977,中式烘焙,general
2978,调味料,general
2979,调味辅料,general
2980,辅食教程,general
2981,电磁炉,general
2982,夏季菜谱,general
2983,卡仕达,general
2984,芝士焗,general
2985,好做的菜,general
2986,简单的菜,general
2987,馒头吐司,general
2988,烘山芋,general
2989,烤红薯,general
2990,三黄鸡,general
2991,剩菜解决,general
2992,时蔬,general
2993,风味,general
2994,炸菜,general
2995,婴儿主食,general
2996,辣味菜,general
2997,鸡蛋吐司,general
2998,素粥,general
2999,大鸡腿,general
3000,豉油鸡,general
3001,老板电器,general
3002,乌梅,general
3003,蜜丸,general
3004,脂肪肝,general
3005,芝麻烧饼,general
3006,黑三剁,general
3007,食光记,general
3008,榨汁杯,general
3009,潮汕小菜,general
3010,杂咸,general
3011,大荤,general
3012,免考,general
3013,鲑鱼,general
3014,炖鸡汤,general
3015,月子炖品,general
3016,派对小吃,general
3017,家常粤菜,general
3018,暖胃菜,general
3019,节日美食,general
3020,蓝带学校,general
3021,葡挞,general
3022,中华炖肉,general
3023,西瓜汁,general
3024,休闲食品,general
3025,孕妇菜谱,general
3026,年轮蛋糕,general
3027,猪颈肉,general
3028,炒海鲜,general
3029,风炉,general
3030,农家汤,general
3031,菜盒,general
3032,茯苓,general
3033,糯米面,general
3034,考,general
3035,养颜菜,general
3036,烤猪蹄,general
3037,酱焖,general
3038,低糖生酮,general
3039,日本拉面,general
3040,豪华泡面,general
3041,干捞,general
3042,脆皮牛奶,general
3043,琵琶酒,general
3044,衢州,general
3045,消水肿,general
3046,暗黑,general
3047,黑暗,general
3048,崔始源,general
3049,ht,general
3050,刘在石,general
3051,亚麻酸,general
3052,亚麻籽,general
3053,亚麻籽油,general
3054,轻芝士,general
3055,鲍鱼鸡,general
3056,白酱意粉,general
3057,东北名菜,general
3058,扁豆焖面,general
3059,生吐司,general
3060,天麻鱼头,general
3061,草莓果酱,general
3062,自制果酱,general
3063,柳州名吃,general
3064,烤鸭饼,general
3065,春卷皮,general
3066,小炒肉,general
3067,爸爸,general
3068,炼奶面包,general
3069,超软面包,general
3070,养乐多,general
3071,盐水鸭,general
3072,闽南,general
3073,珍妮曲奇,general
3074,狗狗饼干,general
3075,自制调味,general
3076,拌料,general
3077,火鸡面,general
3078,无花果,general
3079,亚麻籽粉,general
3080,微醺,general
3081,快手饮料,general
3082,冬阴功汤,general
3083,黄焖,general
3084,样子,general
3085,偏方,general
3086,熏鲅鱼,general
3087,香橙戚风,general
3088,基础面包,general
3089,果醋,general
3090,素食养颜,general
3091,快捷,general
3092,中式酥点,general
3093,果蔬摆盘,general
3094,煎饺子,general
3095,土豆烘蛋,general
3096,健身零食,general
3097,卤鸡腿,general
3098,摩洛哥,general
3099,球,general
3100,广式菜谱,general
3101,家常美味,general
3102,郊游,general
3103,留学,general
3104,盖面,general
3105,猪肚汤,general
3106,醃菜,general
3107,醃青瓜,general
3108,绍兴菜,general
3109,紫米面包,general
3110,紫米软欧,general
3111,红酒桂圆,general
3112,烤鸡排,general
3113,韭菜水饺,general
3114,蒸箱,general
3115,美蛙,general
3116,白灼,general
3117,意面面粉,general
3118,蘑菇菜谱,general
3119,广东肠粉,general
3120,热门,general
3121,白凉粉,general
3122,仓鼠零食,general
3123,秋冬进补,general
3124,高考,general
3125,麻酱花卷,general
3126,QQ,general
3127,酒酿馒头,general
3128,姜茶,general
3129,营养饮,general
3130,脏脏蛋糕,general
3131,大黄米,general
3132,低卡蛋糕,general
3133,法式西点,general
3134,美味关系,general
3135,彭程,general
3136,修女泡芙,general
3137,咸味,general
3138,水煮鲈鱼,general
3139,酥糖,general
3140,低脂肪,general
3141,可可栗子,general
3142,烤包子,general
3143,牛肉片,general
3144,小黄瓜,general
3145,恐龙,general
3146,芽菜,general
3147,猪肘肉,general
3148,酸酸甜甜,general
3149,肉质酥嫩,general
3150,原汁原味,general
3151,江西菜,general
3152,麻辣拌菜,general
3153,哺乳期,general
3154,乐葵,general
3155,蒸乳鸽,general
3156,巧果,general
3157,蒸槐花,general
3158,丸子汤,general
3159,鸭蛋,general
3160,材料简单,general
3161,補氣,general
3162,椰油,general
3163,烤锅巴,general
3164,桃子酒,general
3165,对虾,general
3166,泡菜系列,general
3167,虾仁炒饭,general
3168,粑粑糕,general
3169,#咖喱饭,general
3170,#咖喱,general
3171,#零失败,general
3172,#早餐,general
3173,#午餐,general
3174,#晚餐,general
3175,#懒人餐,general
3176,初一十五,general
3177,上海味道,general
3178,爆汁,general
3179,鲜嫩,general
3180,粥、辅食,general
3181,虾圈,general
3182,哈根达斯,general
3183,虾仁炒蛋,general
3184,酱油汤面,general
3185,虾米,general
3186,莎莎酱,general
3187,玉米脆片,general
3188,萝卜牛肉,general
3189,广式靓汤,general
3190,烤馕,general
3191,海鲜水产,general
3192,饼皮,general
3193,宝宝参汤,general
3194,追剧,general
3195,鲁邦,general
3196,煎馒头片,general
3197,佐餐主食,general
3198,糖三角,general
3199,日系,general
3200,防雾霾,general
3201,润肺止咳,general
3202,美肌汤,general
3203,椰子油,general
3204,烤麸,general
3205,快手简单,general
3206,炖茄盒,general
3207,酱油肉,general
3208,粥羹,general
3209,快手粥,general
3210,老面,general
3211,千叶豆腐,general
3212,手撕茄子,general
3213,清润,general
3214,五仁,general
3215,苏式,general
3216,咖喱土豆,general
3217,土蜂蜜,general
3218,常识,general
3219,知识,general
3220,水果餐,general
3221,角瓜做法,general
3222,河蟹,general
3223,饭菜同出,general
3224,冲饮,general
3225,请客,general
3226,碱水包,general
3227,滴落蛋糕,general
3228,烧毛豆,general
3229,夏天的菜,general
3230,黑椒猪柳,general
3231,绿豆包,general
3232,杂粮馒头,general
3233,冰点,general
3234,造型包子,general
3235,塔派,general
3236,荷塘小炒,general
3237,荷塘月色,general
3238,荷塘三宝,general
3239,虾仁水饺,general
3240,青酱,general
3241,晋菜,general
3242,病号餐,general
3243,鲜奶茶,general
3244,萨其马,general
3245,仙豆糕,general
3246,红薯地瓜,general
3247,日,general
3248,鸡胸脯,general
3249,大锅,general
3250,糖果猫猫,general
3251,沙丁,general
3252,蒸肉糕,general
3253,古早蛋糕,general
3254,沙律,general
3255,糯米枣,general
3256,鳄梨,general
3257,韩国辣酱,general
3258,老酸奶,general
3259,春日美食,general
3260,难度低,general
3261,补血补铁,general
3262,清肝明目,general
3263,草头,general
3264,蒜蓉炒虾,general
3265,花胶冻,general
3266,豆仁胶,general
3267,快手海鲜,general
3268,用掉牛奶,general
3269,南瓜糕,general
3270,一味二食,general
3271,待客大菜,general
3272,补钙膳食,general
3273,卡士达酱,general
3274,猪皮冻,general
3275,土豆控,general
3276,橙,general
3277,美容美颜,general
3278,牛奶炖蛋,general
3279,异域风情,general
3280,老奶洋芋,general
3281,土豆肉沬,general
3282,创意土豆,general
3283,自制布丁,general
3284,蜂蜜戚风,general
3285,潮汕风味,general
3286,蜜豆卷,general
3287,牛筋面,general
3288,辣条,general
3289,威化,general
3290,蛋卷儿,general
3291,小红锅,general
3292,酥脆蛋卷,general
3293,冬日汤煲,general
3294,养生煲,general
3295,卤香,general
3296,川香,general
3297,新春食谱,general
3298,科普,general
3299,蜂巢蛋糕,general
3300,虾尾,general
3301,月兰达,general
3302,法国甜品,general
3303,藕盒,general
3304,煎藕盒,general
3305,烤面包,general
3306,雨水节气,general
3307,可可蛋糕,general
3308,健康汤品,general
3309,食材为大,general
3310,麻婆,general
3311,低脂甜点,general
3312,白干酪,general
3313,套餐,general
3314,萝卜盒,general
3315,海米芹菜,general
3316,香芹菜,general
3317,热甜点,general
3318,餐后甜点,general
3319,仪式感,general
3320,花式茶,general
3321,手工面包,general
3322,节庆,general
3323,广式肠粉,general
3324,面食类,general
3325,自创,general
3326,北京菜,general
3327,清真菜,general
3328,威化纸,general
3329,巴浪鱼,general
3330,镇记,general
3331,麦金镇,general
3332,巴西,general
3333,叫花,general
3334,可口,general
3335,五香烙饼,general
3336,树莓慕斯,general
3337,储存方法,general
3338,南瓜吃法,general
3339,鲽鱼片,general
3340,潮汕牛肉,general
3341,香辣虾,general
3342,肝腰,general
3343,新疆拌面,general
3344,红枣糕,general
3345,甜烧饼,general
3346,健康蔬菜,general
3347,上飯,general
3348,骨头汤,general
3349,石祖鱼汤,general
3350,甜椒,general
3351,花椒,general
3352,剥蛋壳,general
3353,五香卤蛋,general
3354,厨艺知识,general
3355,炒菜技法,general
3356,童年零食,general
3357,健胃,general
3358,哮喘,general
3359,葱香,general
3360,网红青团,general
3361,菠菜泥版,general
3362,健康烤饼,general
3363,健康饼干,general
3364,糖葫芦,general
3365,烤鱿鱼,general
3366,团圆,general
3367,糯米卷,general
3368,原味卤肉,general
3369,家宴冷盘,general
3370,山药汤,general
3371,红豆汤,general
3372,牛肉羹,general
3373,安康鱼,general
3374,酥皮月饼,general
3375,榨菜鲜肉,general
3376,香煎豆腐,general
3377,冰淇淋球,general
3378,鲜奶吐司,general
3379,中种吐司,general
3380,脊骨,general
3381,小汤圆,general
3382,爆鱼,general
3383,武汉美食,general
3384,病后调理,general
3385,抹茶酥,general
3386,香芋酥,general
3387,栗子酥,general
3388,胡葱,general
3389,豆腐鱼,general
3390,甜辣酱,general
3391,宝宝爱,general
3392,包菜卷,general
3393,绿茶,general
3394,奶锅,general
3395,串串香,general
3396,鸡肉串,general
3397,牛肉串,general
3398,道地,general
3399,土锅料理,general
3400,碱水结,general
3401,黑巧,general
3402,馍馍,general
3403,陕西面食,general
3404,15个月,general
3405,河蚌,general
3406,夹饼,general
3407,芋泥蛋糕,general
3408,芋泥盒子,general
3409,8寸蛋糕,general
3410,夏日甜心,general
3411,糖醋排骨,general
3412,粘糕,general
3413,油辣椒,general
3414,大雪,general
3415,可可面包,general
3416,竹荪,general
3417,快手西点,general
3418,防流感,general
3419,雪人,general
3420,养生瘦身,general
3421,宝宝菜谱,general
3422,惠灵顿,general
3423,燕麦米糊,general
3424,炼奶吐司,general
3425,唐代,general
3426,山西小吃,general
3427,低脂菜,general
3428,鱼泡,general
3429,减肥汤,general
3430,视屏菜谱,general
3431,减肥茶,general
3432,燕麦饼干,general
3433,八珍豆腐,general
3434,无碳水,general
3435,孕妇爱吃,general
3436,莲藕酥,general
3437,果蔬制品,general
3438,烫菜,general
3439,生酮饮料,general
3440,酒后菜,general
3441,午茶点,general
3442,膏方,general
3443,杏,general
3444,黑米蛋糕,general
3445,养阴,general
3446,做早餐,general
3447,手工糖果,general
3448,新年礼盒,general
3449,养生食谱,general
3450,梨子,general
3451,拌木耳,general
3452,零油,general
3453,酥皮蛋糕,general
3454,豆腐花,general
3455,消暑解渴,general
3456,#甜品#,general
3457,云南,general
3458,幼儿,general
3459,北京,general
3460,酸辣口味,general
3461,怀旧菜,general
3462,鲷鱼烧,general
3463,新手友好,general
3464,带嚼劲,general
3465,当季美食,general
3466,下酒小菜,general
3467,四川美食,general
3468,蹄花汤,general
3469,润肠通便,general
3470,燕麦吐司,general
3471,蛋汤,general
3472,鸡蛋发糕,general
3473,快速,general
3474,销魂,general
3475,老上海,general
3476,拔丝地瓜,general
3477,金桔柠檬,general
3478,虾肉,general
3479,当哦啊,general
3480,黑米馒头,general
3481,老面馒头,general
3482,泡椒仔姜,general
3483,川味特色,general
3484,嫩牛,general
3485,地方小吃,general
3486,土家菜,general
3487,瑜伽,general
3488,河豚,general
3489,冬虫夏草,general
3490,猪心,general
3491,莲藕丸子,general
3492,姜黄粉,general
3493,长豆,general
3494,柿子椒,general
3495,经期饮品,general
3496,办公室,general
3497,中空加高,general
3498,喜茶,general
3499,蛋糕酱,general
3500,火腿面包,general
3501,炸茄子,general
3502,椰奶冻,general
3503,水果冻,general
3504,鸡肉卷,general
3505,猪扒卷,general
3506,江浙风味,general
3507,健康养身,general
3508,低胆固醇,general
3509,家传菜,general
3510,北欧美食,general
3511,网红奶枣,general
3512,酸奶手绘,general
3513,酸奶拉花,general
3514,炸油条,general
3515,自制肉松,general
3516,海蜇,general
3517,儿童营养,general
3518,乌龙拿铁,general
3519,铁观音,general
3520,中餐厅,general
3521,文昌,general
3522,海南,general
3523,腐皮,general
3524,简简单单,general
3525,传统菜品,general
3526,宿舍做饭,general
3527,超级好吃,general
3528,泡椒鸡爪,general
3529,鸡肉双拼,general
3530,榴莲味,general
3531,拌米粉,general
3532,葱油米粉,general
3533,挂面面条,general
3534,5分钟,general
3535,闽南风味,general
3536,烤全鸡,general
3537,黄油烤鸡,general
3538,烤箱鸡,general
3539,周末靓汤,general
3540,柠檬膏,general
3541,虎皮,general
3542,素鸡烧肉,general
3543,简单方便,general
3544,番茄炒蛋,general
3545,福气满满,general
3546,黄金满屋,general
3547,生日餐,general
3548,健康吐司,general
3549,广东粤菜,general
3550,莲花酥,general
3551,炒香肠,general
3552,五谷馒头,general
3553,排恶露,general
3554,补元气,general
3555,汤羮,general
3556,白芸豆,general
3557,木瓜牛奶,general
3558,虾卷,general
3559,名人菜谱,general
3560,猪肉类,general
3561,西点初级,general
3562,猪肠粉,general
3563,米浆,general
3564,小点,general
3565,凉拌荠菜,general
3566,紫薯饼,general
3567,虾仁蒸蛋,general
3568,前层皮,general
3569,520,general
3570,煎酿三宝,general
3571,创意西餐,general
3572,吉利丁片,general
3573,清补汤,general
3574,普及,general
3575,烤肉片,general
3576,糯米肉丸,general
3577,通心菜,general
3578,通菜,general
3579,糖桂花,general
3580,解暑降温,general
3581,减肥清脂,general
3582,芝士虾,general
3583,鲫鱼汤,general
3584,鱿鱼卷,general
3585,剁椒鱿鱼,general
3586,苏帮菜,general
3587,印度料理,general
3588,异域风味,general
3589,豆腐料理,general
3590,佐食酱料,general
3591,鲜肉粽,general
3592,香菇鸡块,general
3593,炖鸡块,general
3594,美味菜品,general
3595,薯片炸鸡,general
3596,西北面食,general
3597,韩式年糕,general
3598,卡通酥,general
3599,立秋食谱,general
3600,焗鸡,general
3601,砂锅焗鸡,general
3602,芝麻馅,general
3603,禽类菜肴,general
3604,西餐酱料,general
3605,猪肝面,general
3606,配粥,general
3607,个人,general
3608,快手甜点,general
3609,水波炉,general
3610,潮汕特色,general
3611,保加利亚,general
3612,青井,general
3613,蛋炒蛋,general
3614,健身减脂,general
3615,枣泥酥,general
3616,夏日美食,general
3617,湘菜系,general
3618,去烦,general
3619,杰瑞,general
3620,老鼠,general
3621,糯米鸡腿,general
3622,椰子水,general
3623,熬米汤汁,general
3624,杯蛋糕,general
3625,用料少,general
3626,大暑节气,general
3627,鲜炖燕窝,general
3628,易小炖,general
3629,铁棍山药,general
3630,营养代餐,general
3631,护脾,general
3632,零食鸡爪,general
3633,南瓜泥,general
3634,下粥菜,general
3635,母婴专区,general
3636,粉丝虾,general
3637,凉糕,general
3638,维生素,general
3639,番茄意面,general
3640,素丸子,general
3641,酸梅汤,general
3642,兰州特色,general
3643,竹蛏,general
3644,云南老酱,general
3645,清汤,general
3646,酱肉类,general
3647,养血,general
3648,杭椒牛肉,general
3649,清热健胃,general
3650,美容祛斑,general
3651,开胃护肝,general
3652,清肺止咳,general
3653,利尿通便,general
3654,牛展,general
3655,炒面面包,general
3656,花生露,general
3657,揉面,general
3658,出膜,general
3659,酥粒,general
3660,果仁,general
3661,蔬菜昔,general
3662,新鲜,general
3663,大理石,general
3664,无奶油,general
3665,防衰老,general
3666,美味佳肴,general
3667,酸菜米线,general
3668,萌哒哒,general
3669,油,general
3670,泡椒牛蛙,general
3671,無糖,general
3672,無麩質,general
3673,清炖,general
3674,菇,general
3675,春天,general
3676,快手易学,general
3677,茶饮教程,general
3678,茶饮做法,general
3679,茶饮培训,general
3680,菲力牛排,general
3681,煎三文鱼,general
3682,油炸系列,general
3683,奶霜,general
3684,熬汤,general
3685,焗红薯,general
3686,干香菇,general
3687,煲饭,general
3688,造型主食,general
3689,薯泥,general
3690,玉米油版,general
3691,拉皮,general
3692,抗燥,general
3693,甜菜根,general
3694,炖品,general
3695,彩虹酥,general
3696,催奶,general
3697,通乳,general
3698,鸡鸭鹅,general
3699,无肉不欢,general
3700,鱼段,general
3701,酱油蛋,general
3702,日式小菜,general
3703,黄鸭叫,general
3704,蒸制菜,general
3705,盒饭,general
3706,高卡路里,general
3707,酸汤,general
3708,糍粑青椒,general
3709,青椒酱,general
3710,飲品,general
3711,宝宝肉松,general
3712,黑麦法棍,general
3713,全麦法棍,general
3714,猫咪,general
3715,龙眼,general
3716,乳鸽,general
3717,时令美食,general
3718,滋补品,general
3719,养颜汤,general
3720,香蕉奶昔,general
3721,冷藏发酵,general
3722,烤肠,general
3723,煮锅,general
3724,饱腹粗粮,general
3725,低卡早餐,general
3726,牛肉做法,general
3727,女孩,general
3728,卡通饼干,general
3729,桂圆,general
3730,肉松贝贝,general
3731,牛丸,general
3732,减肥午饭,general
3733,咸骨汤,general
3734,创意拼盘,general
3735,虎皮蛋,general
3736,菜包肉,general
3737,用心菜,general
3738,薄饼,general
3739,纽约芝士,general
3740,酥类,general
3741,炒、藕带,general
3742,扁豆汤,general
3743,中东口味,general
3744,端午,general
3745,咸香,general
3746,颜值控,general
3747,墨斗鱼,general
3748,宿舍党,general
3749,还原,general
3750,懒人适用,general
3751,毛毛豆,general
3752,虾扯蛋,general
3753,特饮,general
3754,抖音,general
3755,"花生,鸡",general
3756,宝宝食物,general
3757,咖喱鸡肉,general
3758,白斩鸡,general
3759,白切鸡,general
3760,吃素,general
3761,曼达小馆,general
3762,甜点烘焙,general
3763,油爆,general
3764,蓑衣,general
3765,情热祛火,general
3766,广西,general
3767,柠檬鸭,general
3768,汽车,general
3769,红豆奶茶,general
3770,吴宝春,general
3771,蜜蜜豆,general
3772,武汉,general
3773,松蛾炖鸡,general
3774,熊娃,general
3775,鲍汁,general
3776,燕麦面包,general
3777,汉堡面包,general
3778,彩椒煎蛋,general
3779,青萝卜,general
3780,康师傅,general
3781,响油鳝丝,general
3782,春节必备,general
3783,扬州菜,general
3784,幼儿食品,general
3785,法式芥末,general
3786,烤鸡腿,general
3787,实蛋,general
3788,自制小吃,general
3789,周末,general
3790,汉堡胚,general
3791,稳糖食谱,general
3792,学生党,general
3793,芋头荷,general
3794,芋头杆,general
3795,腌芋头荷,general
3796,酸辣可口,general
3797,帝王蟹,general
3798,摩洛哥菜,general
3799,青菜汤,general
3800,大肉飘香,general
3801,甜豆,general
3802,豆干,general
3803,早餐蛋糕,general
3804,午餐面包,general
3805,手作,general
3806,芝士条,general
3807,糖人食谱,general
3808,低盐食品,general
3809,蟹肉粥,general
3810,枇杷,general
3811,思慕希,general
3812,快手西餐,general
3813,漢堡,general
3814,粿,general
3815,减肥主食,general
3816,粗粮细做,general
3817,藕饼,general
3818,虾丸,general
3819,冰箱饼干,general
3820,牛肉粉丝,general
3821,鸟蛋,general
3822,补中益气,general
3823,锅包豆腐,general
3824,炖排骨,general
3825,烘焙甜品,general
3826,豚骨拉面,general
3827,日式叉烧,general
3828,猪小排,general
3829,炸排骨,general
3830,小黄人,general
3831,泥糊,general
3832,椰汁糕,general
3833,健康饮,general
3834,饭菜一锅,general
3835,熏肉,general
3836,自制酵素,general
3837,走油,general
3838,年年糕,general
3839,龟苓膏,general
3840,农家煲汤,general
3841,农家特色,general
3842,木薯,general
3843,清热去火,general
3844,消耗桑葚,general
3845,色素,general
3846,苍蝇头,general
3847,土豆牛肉,general
3848,茼蒿菜,general
3849,亲子丼,general
3850,日式美食,general
3851,洋葱饭,general
3852,窝窝头,general
3853,包子餡,general
3854,张飞牛肉,general
3855,茶歇,general
3856,优质碳水,general
3857,韩国泡菜,general
3858,泡白菜,general
3859,风味菜,general
3860,五花肉片,general
3861,战斗民族,general
3862,热呼呼,general
3863,山西面食,general
3864,健身菜品,general
3865,健身减肥,general
3866,手指饼,general
3867,养颜养生,general
3868,方便简易,general
3869,血糖,general
3870,补肝,general
3871,补血养气,general
3872,睡眠,general
3873,酥皮面包,general
3874,松花粉,general
3875,宅家浓汤,general
3876,美观,general
3877,清水羊肉,general
3878,肉肠,general
3879,虾条,general
3880,剁椒蒸鱼,general
3881,时差党,general
3882,C家厨,general
3883,二荆条,general
3884,辣子鸡丁,general
3885,罐头番茄,general
3886,台式小菜,general
3887,水浴法,general
3888,6寸,general
3889,果香蛋糕,general
3890,酸嘢,general
3891,重庆特色,general
3892,糕饼,general
3893,干炸,general
3894,面片儿,general
3895,奶油汤,general
3896,日式拉面,general
3897,皮宝辅食,general
3898,一家三口,general
3899,农家炖汤,general
3900,炒粉丝,general
3901,炒粉干,general
3902,生乳酪,general
3903,快手饼干,general
3904,花,general
3905,杂蔬,general
3906,潮汕卤味,general
3907,核桃芝麻,general
3908,鱼酱,general
3909,牛肉馅,general
3910,佐餐,general
3911,黑椒酱,general
3912,仙女,general
3913,镜面,general
3914,鲜花饼,general
3915,云南小吃,general
3916,一厨作,general
3917,江浙,general
3918,黄瓜盘饰,general
3919,黄瓜摆盘,general
3920,黄瓜小船,general
3921,螃蟹海鲜,general
3922,香锅,general
3923,糖人莱,general
3924,热香饼,general
3925,树莓,general
3926,甜蜜,general
3927,海鲜泡发,general
3928,虾干,general
3929,粿条,general
3930,杂烩,general
3931,糖酥饼,general
3932,口味独特,general
3933,家庭聚餐,general
3934,黑凉粉,general
3935,仙草冻,general
3936,开胃健脾,general
3937,秋季润燥,general
3938,土豆沙拉,general
3939,万能配方,general
3940,荞麦,general
3941,半熟煎蛋,general
3942,白切猪手,general
3943,减肥代餐,general
3944,清凉降火,general
3945,知味人生,general
3946,养生茶,general
3947,无淡奶油,general
3948,烧肉,general
3949,紫菜饼,general
3950,涼拌菜,general
3951,红薯馅,general
3952,红薯月饼,general
3953,上海经典,general
3954,立体蛋糕,general
3955,帽子蛋糕,general
3956,毛线蛋糕,general
3957,香蕉麦芬,general
3958,绿豆仁,general
3959,蔬菜卷,general
3960,蒜蓉辣酱,general
3961,菜籽油,general
3962,口味唆螺,general
3963,口味田螺,general
3964,麻辣田螺,general
3965,小嶋流美,general
3966,大锅菜,general
3967,杨梅,general
3968,包子面食,general
3969,果蔬,general
3970,9月辅食,general
3971,紫菜汤,general
3972,清蒸鲈鱼,general
3973,快手撕皮,general
3974,纯天然,general
3975,炸茄盒,general
3976,梅菜扣肉,general
3977,美国菜,general
3978,粉蒸猪肉,general
3979,椰丝小方,general
3980,牛奶小方,general
3981,泰式炒粉,general
3982,瘦身汁,general
3983,螺蛳,general
3984,炸锅,general
3985,蕨菜,general
3986,海米冬瓜,general
3987,天鹅泡芙,general
3988,酥皮泡芙,general
3989,轻盈奶酱,general
3990,切面,general
3991,安眠,general
3992,评测,general
3993,试吃,general
3994,低卡饼干,general
3995,芋头糖水,general
3996,海派,general
3997,留学菜,general
3998,白菜卷,general
3999,双人食谱,general
4000,秋冬季,general
4001,小米饼,general
4002,红萝卜,general
4003,棒骨,general
4004,罗勒,general
4005,家常白菜,general
4006,风干肠,general
4007,血肠,general
4008,帮助消化,general
4009,宁波特色,general
4010,美式烘培,general
4011,麻辣牛蛙,general
4012,干锅牛蛙,general
4013,核桃仁,general
4014,歐美,general
4015,消炎,general
4016,韩式小吃,general
4017,泡饭,general
4018,老式点心,general
4019,烤茄子,general
4020,酵种,general
4021,广东名菜,general
4022,薄脆,general
4023,花式咖啡,general
4024,低卡零食,general
4025,煎牛排,general
4026,秋冬养生,general
4027,薯球,general
4028,河南,general
4029,油泼面,general
4030,裤带面,general
4031,一面两吃,general
4032,肘子,general
4033,腊味合蒸,general
4034,低油糖,general
4035,么么哒,general
4036,凉拌醋,general
4037,凉,general
4038,大篮子,general
4039,手工揉面,general
4040,汤锅,general
4041,热狗包,general
4042,辣炒年糕,general
4043,消脂解腻,general
4044,高血压,general
4045,消食解渴,general
4046,解辣,general
4047,料头,general
4048,肉臊子,general
4049,玉米羹,general
4050,瑶柱,general
4051,冰花煎饺,general
4052,蕾丝煎饺,general
4053,中式主食,general
4054,卤牛腩,general
4055,碎碎冰,general
4056,药食,general
4057,花式饺,general
4058,小米锅巴,general
4059,珠海菜,general
4060,豌豆尖,general
4061,甘肃小吃,general
4062,旋饼,general
4063,香豆粉,general
4064,苦豆粉,general
4065,消耗,general
4066,蟹黄豆腐,general
4067,贝,general
4068,炒花蛤,general
4069,焗菜,general
4070,啊达子,general
4071,亚达子,general
4072,鸟巢蛋饼,general
4073,有滋味,general
4074,蒸鸡蛋,general
4075,家庭用餐,general
4076,清理螃蟹,general
4077,色彩丰富,general
4078,起司,general
4079,冰冰凉凉,general
4080,好吃的,general
4081,巧克力控,general
4082,肉骨茶,general
4083,大补,general
4084,药材,general
4085,佐粥小菜,general
4086,蘸汁,general
4087,蒜蓉虾尾,general
4088,土豆片,general
4089,绉纱馄炖,general
4090,公主蛋糕,general
4091,常遇问题,general
4092,乌发,general
4093,红烧鸡翅,general
4094,鹵,general
4095,不放盐,general
4096,糯米球,general
4097,欢喜坨,general
4098,咳嗽,general
4099,梨膏,general
4100,黑发,general
4101,菜盒子,general
4102,合饼,general
4103,免烤甜点,general
4104,家常鱼,general
4105,花椰菜,general
4106,煮物,general
4107,卤汤,general
4108,快手饮品,general
4109,果茶,general
4110,秋季养生,general
4111,柚子茶,general
4112,乳制品,general
4113,琨琨小厨,general
4114,鲜,general
4115,波兰种,general
4116,牛奶面包,general
4117,贝壳意粉,general
4118,意餐,general
4119,食用菌,general
4120,黑木耳,general
4121,土豆丝饼,general
4122,早餐机,general
4123,油炸花生,general
4124,炸花生,general
4125,五香花生,general
4126,脱发,general
4127,处理剩菜,general
4128,腐乳,general
4129,陕西菜,general
4130,面筋汤,general
4131,蛋花汤,general
4132,油醋酱,general
4133,排骨煲,general
4134,避风塘,general
4135,轻乳酪,general
4136,街头美食,general
4137,手揉面团,general
4138,小时候,general
4139,烤肉美食,general
4140,面食制作,general
4141,莲子,general
4142,姜黄,general
4143,黄金蟹,general
4144,馒头包子,general
4145,生鲜,general
4146,黄油菜谱,general
4147,网红焖饭,general
4148,黑麦片,general
4149,秋,general
4150,番茄锅,general
4151,肥牛锅,general
4152,速冻食材,general
4153,葱卷,general
4154,婆婆,general
4155,客家,general
4156,菜卷,general
4157,牛腱,general
4158,马来西亚,general
4159,新马泰,general
4160,算盘子,general
4161,肋排,general
4162,蒜薹,general
4163,发芽谷物,general
4164,凉拌鸡丝,general
4165,玫瑰卷,general
4166,简易蛋糕,general
4167,炸春卷,general
4168,胡豆,general
4169,澳龙,general
4170,酵母,general
4171,晴天,general
4172,小清,general
4173,脆皮鸡翅,general
4174,福建,general
4175,下班菜,general
4176,拉条子,general
4177,煮面条,general
4178,妞家烘焙,general
4179,香芋糕,general
4180,裸月饼,general
4181,热煎饼,general
4182,cup,general
4183,马斯卡彭,general
4184,艺术,general
4185,节日食谱,general
4186,蒸鸡蛋羹,general
4187,玉秃鱼,general
4188,甜酸,general
4189,芝士戚风,general
4190,香芋饭,general
4191,牛轧饼,general
4192,健康青菜,general
4193,用料简单,general
4194,反烤,general
4195,菠萝蛋糕,general
4196,宋嫂鱼羹,general
4197,鱼羹,general
4198,舟山特色,general
4199,滋补饮品,general
4200,营养热饮,general
4201,早餐粥,general
4202,鸡杂,general
4203,女生喜欢,general
4204,寿喜锅,general
4205,香脆,general
4206,鱼干,general
4207,俄餐,general
4208,饼子,general
4209,免疫力,general
4210,全麦馒头,general
4211,茄汁,general
4212,老豆腐,general
4213,娘惹糕点,general
4214,煮鱼,general
4215,豆豉鱼,general
4216,热荤菜,general
4217,呛拌菜,general
4218,成都小吃,general
4219,自制馒头,general
4220,炝炒,general
4221,芹菜腐竹,general
4222,香芹,general
4223,爆炒菜,general
4224,不时不食,general
4225,陕西特色,general
4226,麻辣烤鱼,general
4227,儿童节,general
4228,早安,general
4229,养身汤,general
4230,猪肝汤,general
4231,肉笼,general
4232,西瓜慕斯,general
4233,蛋糕6寸,general
4234,芝士虾球,general
4235,荔枝虾球,general
4236,炒酸奶,general
4237,12,general
4238,秘鲁,general
4239,烘焙知识,general
4240,打发奶油,general
4241,奶油保存,general
4242,冬阴功,general
4243,摩飞锅,general
4244,金汤力,general
4245,蒜香面包,general
4246,理论,general
4247,操作,general
4248,鸭腿,general
4249,花样面点,general
4250,焖烧杯,general
4251,小米糕,general
4252,糖汤,general
4253,创意蒸饺,general
4254,颜值美食,general
4255,冬至饺子,general
4256,芝士片,general
4257,清蛋糕,general
4258,乳沫蛋糕,general
4259,花甲粉,general
4260,短棍,general
4261,大明虾,general
4262,鸡蛋料理,general
4263,马铃薯,general
4264,开学菜,general
4265,生姜,general
4266,糖醋姜,general
4267,西式主菜,general
4268,电影,general
4269,料理鼠王,general
4270,香港小吃,general
4271,上汤,general
4272,奶油面包,general
4273,酸辣宽粉,general
4274,脆骨,general
4275,咳嗽偏方,general
4276,小红书,general
4277,素汉堡,general
4278,素鸡,general
4279,魔芋,general
4280,健康低卡,general
4281,流行食谱,general
4282,蚝仔烙,general
4283,拌饭菜,general
4284,宝宝最爱,general
4285,鱼豆腐煲,general
4286,红烧鱼,general
4287,大年十五,general
4288,阿胶,general
4289,纯手工,general
4290,断糖,general
4291,炖豆角,general
4292,豆角炒肉,general
4293,墨鱼汁,general
4294,鲽鱼,general
4295,拌饭料,general
4296,爆炒鸡胗,general
4297,日式汤锅,general
4298,牛肉咖喱,general
4299,白萝卜汤,general
4300,夹心,general
4301,潮州,general
4302,简单一餐,general
4303,老人餐,general
4304,麻竦,general
4305,炸虾仁,general
4306,椒盐大虾,general
4307,侠饭同款,general
4308,抹茶面包,general
4309,广式早餐,general
4310,抗癌,general
4311,健身菜,general
4312,八宝粥,general
4313,栗子挞,general
4314,舌尖,general
4315,牛肉料理,general
4316,法国料理,general
4317,黑豆酱油,general
4318,水晶包菜,general
4319,萝卜糕,general
4320,古法菜,general
4321,寓意菜,general
4322,招牌菜,general
4323,红烧牛腩,general
4324,烘焙原料,general
4325,宠物饼干,general
4326,狗饼干,general
4327,狗磨牙棒,general
4328,小摊,general
4329,橙汁,general
4330,南瓜球,general
4331,孩子喜欢,general
4332,捷赛,general
4333,炊饭,general
4334,舒缓心情,general
4335,手工面条,general
4336,春鲜,general
4337,长沙小吃,general
4338,街边小吃,general
4339,贻贝,general
4340,淡菜,general
4341,法式吐司,general
4342,芋泥包,general
4343,养生养生,general
4344,驱寒暖胃,general
4345,梅花肉,general
4346,三能,general
4347,粘食,general
4348,芝士麻球,general
4349,红薯麻球,general
4350,宿舍早餐,general
4351,甘肃,general
4352,醃漬,general
4353,法式大餐,general
4354,传统小食,general
4355,点心零食,general
4356,时鲜菜,general
4357,快手菜饭,general
4358,红茶蛋糕,general
4359,柠檬挞,general
4360,酒酿圆子,general
4361,石锅拌面,general
4362,菜,general
4363,星空,general
4364,夏日清凉,general
4365,芝士烤虾,general
4366,盐水虾,general
4367,海鲜蘸料,general
4368,曼达,general
4369,低糖饼干,general
4370,切菜,general
4371,焦糖海盐,general
4372,单身餐,general
4373,焦糖饼干,general
4374,蛋煎饼,general
4375,煎鸡蛋,general
4376,柠檬茶,general
4377,佛系,general
4378,减脂低卡,general
4379,宴请菜,general
4380,风寒,general
4381,羊肉料理,general
4382,洋葱牛肉,general
4383,奶酪棒,general
4384,大朋友,general
4385,地瓜球,general
4386,提子面包,general
4387,肇庆,general
4388,裹蒸粽,general
4389,胡椒虾,general
4390,低卡低脂,general
4391,健康食物,general
4392,泡芙塔,general
4393,消化,general
4394,豆子,general
4395,一锅出,general
4396,牛奶馅,general
4397,橙皮,general
4398,童餐,general
4399,糊糊,general
4400,斑马纹,general
4401,沙拉饭,general
4402,中西结合,general
4403,三豆饮,general
4404,打糕,general
4405,甜汤羹,general
4406,牛肚,general
4407,抖音鸡爪,general
4408,小菜系列,general
4409,面点系列,general
4410,多人食,general
4411,隔夜饭,general
4412,寿喜烧,general
4413,滋阴补肾,general
4414,明目补虚,general
4415,营养丰富,general
4416,有益肠胃,general
4417,淋面蛋糕,general
4418,酱肉,general
4419,油醋沙拉,general
4420,蔬菜沙拉,general
4421,辅食分享,general
4422,葛根粉,general
4423,荠菜馄饨,general
4424,烤三文鱼,general
4425,减脂能量,general
4426,生酮主食,general
4427,全家福,general
4428,简单甜点,general
4429,饮茶,general
4430,造型蛋糕,general
4431,焗薯泥,general
4432,餐点,general
4433,年糕花蟹,general
4434,少油烟,general
4435,正餐配菜,general
4436,懒人甜品,general
4437,蓝莓汤圆,general
4438,方包,general
4439,切片,general
4440,面包片,general
4441,中西合璧,general
4442,美肤,general
4443,基础烘焙,general
4444,南瓜派,general
4445,奶油白酱,general
4446,老火靓汤,general
4447,老人食谱,general
4448,火锅蘸料,general
4449,喝粥,general
4450,養顏美容,general
4451,岩烧,general
4452,冻龄,general
4453,养生膏,general
4454,炒螃蟹,general
4455,大补汤,general
4456,模板,general
4457,健康甜点,general
4458,地瓜圆,general
4459,汤粉面,general
4460,冬日必备,general
4461,日和,general
4462,Cobb,general
4463,科布沙拉,general
4464,新元素,general
4465,糖醋系列,general
4466,西餐主食,general
4467,奶茶热饮,general
4468,慢碳,general
4469,下饭神器,general
4470,FIKA,general
4471,国宴菜,general
4472,八爪鱼,general
4473,粉丝煲,general
4474,裙带菜,general
4475,降暑,general
4476,碱水贝果,general
4477,车厘子,general
4478,养发,general
4479,工具,general
4480,开锅,general
4481,厨房日常,general
4482,养护,general
4483,甜沫,general
4484,玫瑰冰粉,general
4485,辣豆豉,general
4486,瓦片,general
4487,脆片,general
4488,香蕉馒头,general
4489,花式馒头,general
4490,金砖面包,general
4491,念小菜谱,general
4492,山东美食,general
4493,健康薯条,general
4494,甑糕,general
4495,夏日蔬菜,general
4496,三鲜豆皮,general
4497,京水菜,general
4498,滋补药膳,general
4499,虾浆,general
4500,五仁月饼,general
4501,无糖月饼,general
4502,彩色,general
4503,软糯可口,general
4504,D,general
4505,罗汉糖,general
4506,抗糖减脂,general
4507,泰美食,general
4508,烧味,general
4509,韭菜盒,general
4510,带馅,general
4511,料酒,general
4512,蒸肉饼,general
4513,碗砣,general
4514,广式月饼,general
4515,减肥粥,general
4516,双人早餐,general
4517,中东,general
4518,奶酪饼,general
4519,三汁,general
4520,花生芽,general
4521,清蒸生蚝,general
4522,蒜蓉生蚝,general
4523,清蒸海鲜,general
4524,韭菜饼,general
4525,插蛏,general
4526,番茄牛腩,general
4527,泰式料理,general
4528,四川泡菜,general
4529,无油菜,general
4530,无盐菜,general
4531,潘妮托妮,general
4532,东北小吃,general
4533,洋蓟,general
4534,重庆小面,general
4535,豆浆面,general
4536,朝鲜冷面,general
4537,中华面,general
4538,希腊菜,general
4539,猪肉糜,general
4540,香菇酿肉,general
4541,自制烤串,general
4542,海鲜饼,general
4543,家常饼,general
4544,前餐,general
4545,鹿肉,general
4546,果丹皮,general
4547,水果卷,general
4548,国民菜,general
4549,宫保鸡丁,general
4550,炸酱,general
4551,天使面,general
4552,营养粥,general
4553,山野菜,general
4554,千张丝,general
4555,茄子盒,general
4556,植物油,general
4557,麻饼,general
4558,椒盐月饼,general
4559,蒸汽海鲜,general
4560,慕斯淋面,general
4561,鸡丝,general
4562,水煮肉,general
4563,美味食谱,general
4564,宴会菜,general
4565,私房烘焙,general
4566,香蕉蛋糕,general
4567,重油蛋糕,general
4568,减脂甜品,general
4569,酸汤面,general
4570,干果面包,general
4571,祛湿排毒,general
4572,京味,general
4573,电煮锅,general
4574,金桔蜜,general
4575,果醬,general
4576,全蛋,general
4577,瑞士卷,general
4578,润唇膏,general
4579,蜂蜡,general
4580,乳木果油,general
4581,搭配,general
4582,蒿子秆,general
4583,盐帮菜,general
4584,东北咸菜,general
4585,辣椒咸菜,general
4586,油咸菜,general
4587,降血糖,general
4588,清甜,general
4589,烫面,general
4590,煮馍,general
4591,古方,general
4592,玉米面包,general
4593,炸鸡块,general
4594,初心,general
4595,小猪佩奇,general
4596,腌咸制品,general
4597,追剧小食,general
4598,夏日甜品,general
4599,清凉爽口,general
4600,湖南小吃,general
4601,流行甜点,general
4602,什蔬,general
4603,花食,general
4604,红豆薏米,general
4605,健康消暑,general
4606,米饭配,general
4607,狗狗食谱,general
4608,狗狗饭菜,general
4609,小零嘴,general
4610,豆腐泡,general
4611,蔬果,general
4612,公司餐,general
4613,饭煲餐,general
4614,砂锅饭,general
4615,懒,general
4616,韩国冷面,general
4617,青柠,general
4618,津田阳子,general
4619,海绵卷,general
4620,分蛋海绵,general
4621,肉片,general
4622,快手牛排,general
4623,九个月,general
4624,枇杷膏,general
4625,蛋糕盒子,general
4626,主题,general
4627,杂粮煎饼,general
4628,杏仁膏,general
4629,恰巴塔,general
4630,蜜汁牛肉,general
4631,金鼎轩,general
4632,创意面点,general
4633,干锅兔肉,general
4634,死宅,general
4635,暑假,general
4636,轮到你了,general
4637,控糖,general
4638,面包餐桌,general
4639,酱骨架,general
4640,挂面,general
4641,榴莲卷,general
4642,松软春饼,general
4643,滋补养生,general
4644,夏季养生,general
4645,平鱼,general
4646,8寸,general
4647,有嚼劲,general
4648,小猪汤圆,general
4649,浪漫系,general
4650,成都,general
4651,炸汤圆,general
4652,炸元宵,general
4653,糯米圆子,general
4654,无麦麸,general
4655,徽菜,cuisine
4656,孜然羊肉,general
4657,美颜,general
4658,清心,general
4659,美肌,general
4660,酱油鸡翅,general
4661,牛肉丁,general
4662,红烧牛肉,general
4663,常温蛋糕,general
4664,一人份,general
4665,白糖糕,general
4666,蓝莓蛋糕,general
4667,内脏,general
4668,桃子,general
4669,黄记煌,general
4670,玫瑰花,general
4671,豆沙花,general
4672,蛋糕烘焙,general
4673,自发,general
4674,川上文代,general
4675,无白糖,general
4676,抹茶控,general
4677,黑糖控,general
4678,波龙,general
4679,盖米,general
4680,软骨,general
4681,手卷,general
4682,便携,general
4683,好吃哦,general
4684,玉米虾仁,general
4685,脆皮蛋糕,general
4686,松糕,general
4687,葱姜炒蟹,general
4688,腊肠包,general
4689,浮云卷,general
4690,MOF,general
4691,山西美食,general
4692,健康饮品,general
4693,汉堡排,general
4694,日式汉堡,general
4695,汉堡肉,general
4696,焦糖布蕾,general
4697,酸汤泡面,general
4698,炸鸡架,general
4699,花环面包,general
4700,月饼馅料,general
4701,食疗养生,general
4702,养胃粥,general
4703,解暑汤,general
4704,除湿,general
4705,卡布奇诺,general
4706,拉花,general
4707,自制罐头,general
4708,水合法,general
4709,揉面技巧,general
4710,海鲜控,general
4711,葱花油饼,general
4712,家常油饼,general
4713,面包整形,general
4714,海鲜前菜,general
4715,"炸,小吃",general
4716,素馅饺子,general
4717,曲奇教程,general
4718,玉米烙,general
4719,沙茶酱,general
4720,水果盘饰,general
4721,水果摆盘,general
4722,卤水牛肉,general
4723,卤水牛腱,general
4724,冰淇淋粉,general
4725,奶油浓汤,general
4726,徐州菜,general
4727,中式菜,general
4728,费列罗,general
4729,腌制品,general
4730,餅干,general
4731,炸三层肉,general
4732,快熟菜,general
4733,打抛饭,general
4734,雨中荷,general
4735,牛肉盖饭,general
4736,羊肉滋补,general
4737,竹笋片,general
4738,常备菜,general
4739,老式面包,general
4740,炼奶,general
4741,千代田,general
4742,吐司模,general
4743,低卡减脂,general
4744,欧美流行,general
4745,凉面汁,general
4746,拌面汁,general
4747,养生茶饮,general
4748,苕粉,general
4749,土司面包,general
4750,拉丝面包,general
4751,莲子羹,general
4752,轻食谱,general
4753,颜值担当,general
4754,红豆陷,general
4755,班戟皮,general
4756,茄子🍆,general
4757,柿子卷,general
4758,王后,general
4759,全麦粉,general
4760,西米粽,general
4761,家常腌制,general
4762,酒糟,general
4763,防癌,general
4764,芽甘蓝,general
4765,牛奶布丁,general
4766,羊肉卷,general
4767,去燥,general
4768,豆饭,general
4769,韭菜煎饼,general
4770,鸡蛋煎饼,general
4771,泡菜饼,general
4772,养生浓汤,general
4773,零食甜点,general
4774,猪肘,general
4775,蒜香牛肉,general
4776,大酱,general
4777,罐沙拉,general
4778,心太软,general
4779,红枣夹糕,general
4780,糖醇,general
4781,赤藓糖醇,general
4782,香椿鱼,general
4783,蛋羹,general
4784,扁桃仁,general
4785,甜杏仁,general
4786,扁桃仁粉,general
4787,甜杏仁粉,general
4788,杏仁蛋糕,general
4789,发财,general
4790,发财饺子,general
4791,原创视频,general
4792,鲥鱼,general
4793,卷心菜,general
4794,西施,general
4795,无酒精,general
4796,姜糖水,general
4797,发汗,general
4798,葱白,general
4799,简单易学,general
4800,白菜饺子,general
4801,芹菜饺子,general
4802,百财饺子,general
4803,过年饺子,general
4804,过节饺子,general
4805,桑葚,general
4806,酥皮儿,general
4807,秘制腌料,general
4808,专业烤肉,general
4809,秘方,general
4810,干酪,general
4811,丹麦,general
4812,狗狗零食,general
4813,荷花酥,general
4814,台湾风味,general
4815,营养保健,general
4816,早晚餐,general
4817,猪肉末,general
4818,佳肴,general
4819,黑米糕,general
4820,柴田武,general
4821,轻脂,general
4822,低温慢煮,general
4823,肉龙,general
4824,肉卷,general
4825,魔芋粉,general
4826,石榴汁,general
4827,烹调,general
4828,碗仔翅,general
4829,冬日食补,general
4830,港式茶点,general
4831,素食菜,general
4832,揭阳,general
4833,泡酒,general
4834,一人,general
4835,一谷两鲜,general
4836,可乐蛋糕,general
4837,伯爵茶,general
4838,无水面包,general
4839,三刀,general
4840,香港,general
4841,蔥油,general
4842,莲藕汤,general
4843,薏仁,general
4844,芝士拉丝,general
4845,平蘑,general
4846,油炸类,general
4847,水煮鱼片,general
4848,剂子,general
4849,乳清干酪,general
4850,茶点甜品,general
4851,广西菜,general
4852,青蒜,general
4853,牛黄瓜条,general
4854,小米辣,general
4855,两人餐,general
4856,大红袍,general
4857,婴幼,general
4858,猪粉肠,general
4859,老面团,general
4860,无肉不食,general
4861,独角兽,general
4862,传统早点,general
4863,锡纸,general
4864,家乡味道,general
4865,醉蟹,general
4866,个人保养,general
4867,炝拌菜,general
4868,宴客饭,general
4869,飯,general
4870,正,general
4871,鸡枞,general
4872,蘑菇汤,general
4873,巧克力花,general
4874,粥类,general
4875,芋儿鸡,general
4876,酸奶油,general
4877,中式餐,general
4878,九寸,general
4879,荤类,general
4880,女性保养,general
4881,周末午餐,general
4882,kfc,general
4883,福建特色,general
4884,汕头小吃,general
4885,白萝卜丝,general
4886,蒸制,general
4887,爽滑,general
4888,咸香粥,general
4889,中科电,general
4890,蕃茄干,general
4891,蔬菜摆盘,general
4892,创意花环,general
4893,蔬菜花环,general
4894,广式小吃,general
4895,糕粿,general
4896,冬令进补,general
4897,家常炒面,general
4898,素炒面,general
4899,梅干菜,general
4900,脆饼,general
4901,姜饼,general
4902,甜点蛋糕,general
4903,瘦身食谱,general
4904,红烧茄子,general
4905,一看就会,general
4906,海鲜披萨,general
4907,麻辣鱼,general
4908,素饺子,general
4909,酸菜鸡,general
4910,鸡蛋溶豆,general
4911,小朋友饼,general
4912,腊肠饭,general
4913,角瓜,general
4914,纽约,general
4915,吉野阳美,general
4916,家常餐,general
4917,河海鲜,general
4918,方形,general
4919,烤箱烤盘,general
4920,嘴馋小吃,general
4921,蒸饼,general
4922,海蟹,general
4923,抄手皮,general
4924,西士多,general
4925,快手面,general
4926,鲟鱼,general
4927,蛋白粉,general
4928,干炸蘑菇,general
4929,分享,general
4930,易携带,general
4931,"鸡,鸭",general
4932,小白菜,general
4933,糯米藕,general
4934,肉松小贝,general
4935,粑粑,general
4936,软菜,general
4937,聚餐美食,general
4938,新手易做,general
4939,口感细腻,general
4940,超好吃,general
4941,百叶包,general
4942,猪血,general
4943,零失误,general
4944,懒人汤,general
4945,火锅菜,general
4946,烤羊肉串,general
4947,米糊伴侣,general
4948,盐焗鸡翅,general
4949,盐焗鸡爪,general
4950,谷雨,general
4951,饮食,general
4952,日餐,general
4953,脆皮鸡腿,general
4954,美食视频,general
4955,免出手膜,general
4956,香干,general
4957,凤尾,general
4958,咸蒜,general
4959,糖蒜,general
4960,西洋菜,general
4961,酒酿炖蛋,general
4962,酒糟炖蛋,general
4963,鸡胗,general
4964,清蒸扇贝,general
4965,蒜蓉元贝,general
4966,亲子美食,general
4967,冷吃,general
4968,金蝉,general
4969,通便,general
4970,黑豆,general
4971,中秋月饼,general
4972,亲子月饼,general
4973,卡通月饼,general
4974,板栗鸡,general
4975,焗意面,general
4976,牛肉粿条,general
4977,入夏美食,general
4978,果盘,general
4979,创意摆盘,general
4980,创意早餐,general
4981,南瓜浓汤,general
4982,搭配面包,general
4983,摆盘精致,general
4984,凉拌鸡爪,general
4985,网红鸡爪,general
4986,五香鸡爪,general
4987,沙白,general
4988,香菇滑鸡,general
4989,苏打,general
4990,完美戚风,general
4991,板鸭,general
4992,泡菜锅,general
4993,快手版,general
4994,红烧鸭,general
4995,魔芋烧鸭,general
4996,蜂蜜柚子,general
4997,奶酪蛋糕,general
4998,烘焙宝典,general
4999,苦瓜煎蛋,general
5000,老少咸宜,general
5001,宫廷御点,general
5002,家常甜点,general
5003,红糖面包,general
5004,小岛上,general
5005,羊腿,general
5006,羊腱,general
5007,羊棒子,general
5008,油菜,general
5009,咸小菜,general
5010,做点,general
5011,早餐面包,general
5012,鱼糕,general
5013,潮州甜品,general
5014,凉拌鲫鱼,general
5015,咕噜肉,general
5016,咕咾肉,general
5017,快手加餐,general
5018,冬瓜包,general
5019,芒果慕斯,general
5020,慢炖,general
5021,彩色饺子,general
5022,河南菜,general
5023,日式生巧,general
5024,核桃红枣,general
5025,BBQ,general
5026,补气润燥,general
5027,油葱酥,general
5028,臊子,general
5029,美式糕点,general
5030,伊面,general
5031,咸粥,general
5032,韩料,general
5033,捞拌,general
5034,捞汁秋葵,general
5035,年菜 肉,general
5036,电热盒饭,general
5037,烧鸟,general
5038,日式猪扒,general
5039,椰子鸡,general
5040,处暑,general
5041,滋养汤,general
5042,鸡腿排,general
5043,凉拌芥菜,general
5044,芥菜头,general
5045,午餐早餐,general
5046,豆花奶茶,general
5047,秋冬热饮,general
5048,粥粉面饭,general
5049,煮粥,general
5050,甜面酱,general
5051,蛋白糖,general
5052,糖浆,general
5053,水果果冻,general
5054,初学菜,general
5055,主食搭档,general
5056,米饭杀手,general
5057,台湾拌面,general
5058,锋记小甜,general
5059,肉类零食,general
5060,羊肉抓饭,general
5061,腌鸡腿,general
5062,腌料,general
5063,果子,general
5064,沙丁鱼,general
5065,彩虹鸡翅,general
5066,自制腌制,general
5067,小四卷,general
5068,早餐打卡,general
5069,鱼豆腐,general
5070,烧肥肠,general
5071,鸭锁骨,general
5072,清空冰箱,general
5073,高难度,general
5074,肉末豆角,general
5075,女巫,general
5076,油泼辣子,general
5077,定食,general
5078,红糖糍粑,general
5079,软蛋糕,general
5080,家庭制作,general
5081,油面,general
5082,酱油面,general
5083,盒子,general
5084,栗原晴美,general
5085,健康养生,general
5086,韩式辣酱,general
5087,通心粉,general
5088,酥炸,general
5089,酒香,general
5090,炸制,general
5091,厨房清洁,general
5092,拼盘,general
5093,罐头小厨,general
5094,煲仔,general
5095,搞怪,general
5096,酒类,general
5097,咸食,general
5098,摊片,general
5099,月饼模具,general
5100,月饼模,general
5101,早餐下饭,general
5102,冬日暖汤,general
5103,豆角肉末,general
5104,中式料理,general
5105,荷兰,general
5106,荷兰松饼,general
5107,南瓜土司,general
5108,牛肉芹菜,general
5109,牛肉水饺,general
5110,太阳蛋,general
5111,学生餐,general
5112,自制培根,general
5113,蒸排骨,general
5114,甜而不腻,general
5115,健康三餐,general
5116,炸品,general
5117,简单的汤,general
5118,荤食,general
5119,干锅鸡,general
5120,杂酱面,general
5121,艾草,general
5122,绿色面包,general
5123,生煎包,general
5124,潘趣酒,general
5125,果胶,general
5126,洛神花,general
5127,素馅,general
5128,世界美食,general
5129,绿豆酥,general
5130,好喝,general
5131,快炒,general
5132,广食园,general
5133,黄油饼干,general
5134,香菜,general
5135,枣,general
5136,法国甜点,general
5137,法国美食,general
5138,丘比,general
5139,快,general
5140,益生菌,general
5141,盆栽蛋糕,general
5142,方便快捷,general
5143,空气炸糕,general
5144,黏高粱面,general
5145,无油炸糕,general
5146,翻车,general
5147,米粉汤,general
5148,椰子冻,general
5149,牛肉火锅,general
5150,烤羊肉,general
5151,养肾,general
5152,腊猪头肉,general
5153,冰乳酪,general
5154,辫子,general
5155,学厨,general
5156,黑米面包,general
5157,臭豆腐,general
5158,奶豆腐,general
5159,方型,general
5160,薯饼,general
5161,酸辣萝卜,general
5162,减肥早餐,general
5163,瘦身食帖,general
5164,炒板栗,general
5165,重阳节,general
5166,花糕,general
5167,婚礼,general
5168,简单营养,general
5169,特别,general
5170,简单易做,general
5171,南洋特色,general
5172,南瓜叶,general
5173,牛奶吐司,general
5174,软吐司,general
5175,小儿补铁,general
5176,爱乐甜,general
5177,烤元宵,general
5178,烤馒头,general
5179,中国菜,general
5180,意式烘焙,general
5181,鲍鱼菇,general
5182,牛柳,general
5183,烤肉酱,general
5184,炸串酱,general
5185,黄油曲奇,general
5186,甜点视频,general
5187,西点视频,general
5188,卤味鸭翅,general
5189,秋梨,general
5190,紫薯泥,general
5191,面包果酱,general
5192,牛里脊,general
5193,大头菜,general
5194,滑嫩牛肉,general
5195,腊八豆,general
5196,豆瓣酱,general
5197,水豆豉,general
5198,清明粿,general
5199,春分,general
5200,寒食,general
5201,炒红果,general
5202,鸭架汤,general
5203,酿制品,general
5204,窝头,general
5205,凹蛋糕,general
5206,日常必备,general
5207,冷藏中种,general
5208,液种,general
5209,黑椒鸡,general
5210,湯水,general
5211,豬腱,general
5212,老火湯,general
5213,宾宴,general
5214,壮阳,general
5215,姜撞奶,general
5216,补汤,general
5217,鹅肝,general
5218,奶黄酥,general
5219,泡芙配方,general
5220,沙茶面,general
5221,厦门小吃,general
5222,凉拌猪皮,general
5223,低糖欧包,general
5224,紫菜卷,general
5225,草莓千层,general
5226,零售,general
5227,蜜桃,general
5228,老厨白菜,general
5229,饭店,general
5230,君梦深蓝,general
5231,大米粥,general
5232,烤箱烧烤,general
5233,猪里脊,general
5234,女人,general
5235,乳腺增生,general
5236,包子馅儿,general
5237,羊汤,general
5238,手工开脸,general
5239,豆奶,general
5240,造型面包,general
5241,饺子做法,general
5242,全麦软欧,general
5243,芋泥乳酪,general
5244,熊,general
5245,兔子,general
5246,零食点心,general
5247,低脂晚餐,general
5248,烤乳鸽,general
5249,盘丝饼,general
5250,家常甜品,general
5251,烘焙新手,general
5252,排毒水,general
5253,珐琅,general
5254,铁板烧,general
5255,蛋糕甜点,general
5256,特色早餐,general
5257,营养面点,general
5258,谷麦片,general
5259,低GI,general
5260,加班,general
5261,电饭盒,general
5262,花果茶,general
5263,网红披萨,general
5264,爆浆披萨,general
5265,家常小菜,general
5266,童趣早餐,general
5267,小食光,general
5268,牛脊骨,general
5269,快手饼,general
5270,炸鸡排,general
5271,小笼包,general
5272,秃黄油,general
5273,汆水丸子,general
5274,汆水,general
5275,地方特色,general
5276,治愈系,general
5277,软妹,general
5278,天胜农牧,general
5279,色女狼,general
5280,艺术养生,general
5281,台面菜,general
5282,台式香肠,general
5283,跳舞香肠,general
5284,攸县豆干,general
5285,视频教学,general
5286,茵陈,general
5287,自制材料,general
5288,苹果馅饼,general
5289,米飯,general
5290,舌尖美食,general
5291,河南味道,general
5292,窝窝,general
5293,甜椒肉丝,general
5294,餐桌,general
5295,苏式月饼,general
5296,象形点心,general
5297,创意点心,general
5298,鸡腿肉,general
5299,气炸锅,general
5300,延边特色,general
5301,生活常识,general
5302,食色,general
5303,蜜豆,general
5304,猪肋排,general
5305,美式食物,general
5306,女士,general
5307,无需烘焙,general
5308,锅物料理,general
5309,松鼠桂鱼,general
5310,冬季暖锅,general
5311,果汁糖,general
5312,铁锅,general
5313,异型蛋糕,general
5314,异形蛋糕,general
5315,烤面筋,general
5316,流心蛋,general
5317,拌冷面,general
5318,吞拿鱼,general
5319,炖蛋,general
5320,凉皮调料,general
5321,圣诞果,general
5322,暖宫,general
5323,一人锅,general
5324,ins,general
5325,豌豆苗,general
5326,豌豆,general
5327,绿豆芽,general
5328,减肥面包,general
5329,麻酱凉面,general
5330,全麦面食,general
5331,紫薯馒头,general
5332,爆浆吐司,general
5333,炸鸡腿,general
5334,紫包心菜,general
5335,虫草花,general
5336,牛油面包,general
5337,椰子慕斯,general
5338,焦糖慕斯,general
5339,夏日限定,general
5340,柠檬蜜汁,general
5341,天麻,general
5342,猪脑,general
5343,家常汤菜,general
5344,创意小吃,general
5345,无国界,general
5346,蒸吐司,general
5347,糯米团子,general
5348,造型美食,general
5349,卡通汤圆,general
5350,春季食谱,general
5351,焖鸡,general
5352,49,general
5353,速食饭,general
5354,猪横脷,general
5355,追剧零食,general
5356,辣味,general
5357,樱花拿铁,general
5358,粉色饮料,general
5359,小清晰,general
5360,焯,general
5361,烘干食品,general
5362,禅食,general
5363,干葱,general
5364,豉汁,general
5365,猪肝粉,general
5366,大肉,general
5367,单饼,general
5368,河北小吃,general
5369,唐山小吃,general
5370,杂粮粉,general
5371,老味道,general
5372,榛子,general
5373,奶油餐包,general
5374,柔软,general
5375,桃子酱,general
5376,无油食品,general
5377,烘炸,general
5378,葛根,general
5379,马蹄,general
5380,荸荠,general
5381,白巧,general
5382,自娱自乐,general
5383,深夜放毒,general
5384,糯米火烧,general
5385,打发技巧,general
5386,网红面包,general
5387,冷餐,general
5388,茶配,general
5389,超简单,general
5390,早餐哦,general
5391,补DHA,general
5392,男士,general
5393,养精汤,general
5394,牡蛎,general
5395,胡萝卜面,general
5396,无贝不欢,general
5397,快手采,general
5398,围边,general
5399,小窍门,general
5400,酥曲奇,general
5401,家常菜😘,general
5402,宇治抹茶,general
5403,少油少糖,general
5404,造型饭团,general
5405,烤豆角,general
5406,节日餐,general
5407,健身食品,general
5408,花样早餐,general
5409,蟹骨酱,general
5410,减肥饼,general
5411,大鸡排,general
5412,爆浆鸡排,general
5413,香草番茄,general
5414,卡通包子,general
5415,燕麦仁粥,general
5416,咸华夫饼,general
5417,田鸡,general
5418,胶东喜饼,general
5419,青酱意面,general
5420,消暑神器,general
5421,凉拌海参,general
5422,刺参,general
5423,小凉菜,general
5424,手工果酱,general
5425,咽炎茶饮,general
5426,止咳方,general
5427,煮花生,general
5428,下面,general
5429,蒸蛋羹,general
5430,水蒸蛋,general
5431,轻食培训,general
5432,轻食教程,general
5433,轻食做法,general
5434,简餐培训,general
5435,简餐教程,general
5436,简餐做法,general
5437,沙拉培训,general
5438,沙拉教程,general
5439,沙拉做法,general
5440,待客必备,general
5441,水牛奶酪,general
5442,铁盘披萨,general
5443,秋葵炒蛋,general
5444,流沙,general
5445,派皮,general
5446,派底,general
5447,麻花,general
5448,焖海带,general
5449,肉馅儿,general
5450,蛋挞葡挞,general
5451,佛系减脂,general
5452,南昌,general
5453,美味意面,general
5454,奶油意面,general
5455,燕麦馒头,general
5456,长条泡芙,general
5457,芝士排骨,general
5458,趣味,general
5459,#小麻花,general
5460,#零食,general
5461,#饼干,general
5462,玛莎拉,general
5463,煲排骨,general
5464,糖排骨,general
5465,砂锅煲,general
5466,墨鱼,general
5467,宝宝爱吃,general
5468,烹调方式,general
5469,低筋面粉,general
5470,青梅酒,general
5471,小火慢炖,general
5472,冬天爱吃,general
5473,简单料理,general
5474,柠檬酵素,general
5475,无乳糖,general
5476,减脂意面,general
5477,哺乳减肥,general
5478,豆,general
5479,冰糕,general
5480,烘焙面包,general
5481,蛋黄酱,general
5482,汉堡涂酱,general
5483,肉食主义,general
5484,麻小,general
5485,广东靓汤,general
5486,粗粮粽子,general
5487,紫米粽子,general
5488,北鼎食谱,general
5489,沸腾,general
5490,荷叶饭,general
5491,芝士挞,general
5492,蓝莓果酱,general
5493,火烧,general
5494,油酥火烧,general
5495,油酥烧饼,general
5496,饭团子,general
5497,披萨饼,general
5498,披萨饼胚,general
5499,拔丝芋头,general
5500,美酒,general
5501,扁尖,general
5502,做饭,general
5503,舟山,general
5504,圣诞老人,general
5505,潮式小吃,general
5506,鸡蛋布丁,general
5507,鱼胶粉,general
5508,钵体糕,general
5509,补身体,general
5510,黑鱼,general
5511,绿豆饼,general
5512,南瓜饭,general
5513,易上手,general
5514,摊饼,general
5515,爱玉冰,general
5516,夏日消暑,general
5517,水果冰,general
5518,辅食面,general
5519,宝宝面,general
5520,竹笙鸡汤,general
5521,麦饭,general
5522,热量值,general
5523,病人,general
5524,鲜锅兔,general
5525,光盘,general
5526,咸粽,general
5527,冰花锅贴,general
5528,重庆菜,general
5529,果蔬饺子,general
5530,菠菜饺子,general
5531,除湿佳品,general
5532,美食家,general
5533,鹅蛋,general
5534,大葱鹅蛋,general
5535,大葱炒蛋,general
5536,零添加,general
5537,人在他鄉,general
5538,心香一瓣,general
5539,肉皮冻,general
5540,猪肉焖子,general
5541,蒜泥米苋,general
5542,酸辣味,general
5543,斋菜,general
5544,基本款,general
5545,大口吃肉,general
5546,鸡、洋葱,general
5547,进补,general
5548,羊肉饺子,general
5549,养心,general
5550,早餐包,general
5551,煮红酒,general
5552,面包制作,general
5553,面包早餐,general
5554,家饭菜,general
5555,北极贝,general
5556,麻糬面包,general
