日历id,层级,时间名称,所属季节,类别,名称,备注,推荐理由,数据来源
季节-冬,季节,冬,冬,水果,砂糖橘,,,用户参考
季节-冬,季节,冬,冬,水果,橙子,,,用户参考
季节-冬,季节,冬,冬,水果,沃柑,,,用户参考
季节-冬,季节,冬,冬,水果,柚子,,,用户参考
季节-冬,季节,冬,冬,水果,冬枣,,,用户参考
季节-冬,季节,冬,冬,水果,雪莲果,,,用户参考
季节-冬,季节,冬,冬,水果,甘蔗,,,用户参考
季节-冬,季节,冬,冬,水果,橘子,,,用户参考
季节-冬,季节,冬,冬,水果,青枣,,,用户参考
季节-冬,季节,冬,冬,水果,释迦,,,用户参考
季节-冬,季节,冬,冬,蔬菜,大白菜,,,用户参考
季节-冬,季节,冬,冬,蔬菜,白萝卜,,,用户参考
季节-冬,季节,冬,冬,蔬菜,冬笋,,,用户参考
季节-冬,季节,冬,冬,蔬菜,娃娃菜,,,用户参考
季节-冬,季节,冬,冬,蔬菜,茼蒿,,,用户参考
季节-冬,季节,冬,冬,蔬菜,油麦菜,,,用户参考
季节-冬,季节,冬,冬,蔬菜,卷心菜,,,用户参考
季节-冬,季节,冬,冬,蔬菜,胡萝卜,,,用户参考
季节-冬,季节,冬,冬,蔬菜,青椒,,,用户参考
季节-冬,季节,冬,冬,蔬菜,洋葱,,,用户参考
季节-冬,季节,冬,冬,蔬菜,菜花,,,用户参考
季节-冬,季节,冬,冬,蔬菜,甜豌豆,,,用户参考
季节-冬,季节,冬,冬,蔬菜,芹菜,,,用户参考
季节-冬,季节,冬,冬,蔬菜,菠菜,,,用户参考
季节-冬,季节,冬,冬,蔬菜,芥菜,,,用户参考
季节-冬,季节,冬,冬,蔬菜,葵年菜,,,用户参考
季节-冬,季节,冬,冬,蔬菜,莴笋,,,用户参考
季节-冬,季节,冬,冬,蔬菜,油菜,,,用户参考
季节-冬,季节,冬,冬,蔬菜,菜心,,,用户参考
季节-冬,季节,冬,冬,蔬菜,芥蓝,,,用户参考
季节-冬,季节,冬,冬,蔬菜,荸荠,,,用户参考
季节-冬,季节,冬,冬,蔬菜,莲藕,,,用户参考
季节-夏,季节,夏,夏,水果,西瓜,,,用户参考
季节-夏,季节,夏,夏,水果,桃子,,,用户参考
季节-夏,季节,夏,夏,水果,李子,,,用户参考
季节-夏,季节,夏,夏,水果,杏子,,,用户参考
季节-夏,季节,夏,夏,水果,葡萄,,,用户参考
季节-夏,季节,夏,夏,水果,荔枝,,,用户参考
季节-夏,季节,夏,夏,水果,龙眼,,,用户参考
季节-夏,季节,夏,夏,水果,芒果,,,用户参考
季节-夏,季节,夏,夏,水果,哈密瓜,,,用户参考
季节-夏,季节,夏,夏,水果,香瓜,,,用户参考
季节-夏,季节,夏,夏,水果,草莓,,,用户参考
季节-夏,季节,夏,夏,水果,莲雾,,,用户参考
季节-夏,季节,夏,夏,水果,菠萝,,,用户参考
季节-夏,季节,夏,夏,水果,柠檬,,,用户参考
季节-夏,季节,夏,夏,水果,百香果,,,用户参考
季节-夏,季节,夏,夏,水果,火龙果,,,用户参考
季节-夏,季节,夏,夏,水果,猕猴桃,,,用户参考
季节-夏,季节,夏,夏,水果,香蕉,,,用户参考
季节-夏,季节,夏,夏,水果,椰子,,,用户参考
季节-夏,季节,夏,夏,水果,樱桃,,,用户参考
季节-夏,季节,夏,夏,蔬菜,冬瓜,,,用户参考
季节-夏,季节,夏,夏,蔬菜,丝瓜,,,用户参考
季节-夏,季节,夏,夏,蔬菜,苦瓜,,,用户参考
季节-夏,季节,夏,夏,蔬菜,黄瓜,,,用户参考
季节-夏,季节,夏,夏,蔬菜,空心菜,,,用户参考
季节-夏,季节,夏,夏,蔬菜,豆角,,,用户参考
季节-夏,季节,夏,夏,蔬菜,茄子,,,用户参考
季节-夏,季节,夏,夏,蔬菜,番茄,,,用户参考
季节-夏,季节,夏,夏,蔬菜,毛豆,,,用户参考
季节-夏,季节,夏,夏,蔬菜,莲藕,,,用户参考
季节-夏,季节,夏,夏,蔬菜,生菜,,,用户参考
季节-夏,季节,夏,夏,蔬菜,辣椒,,,用户参考
季节-夏,季节,夏,夏,蔬菜,四季豆,,,用户参考
季节-夏,季节,夏,夏,蔬菜,芦笋,,,用户参考
季节-夏,季节,夏,夏,蔬菜,茭白,,,用户参考
季节-夏,季节,夏,夏,蔬菜,洋葱,,,用户参考
季节-夏,季节,夏,夏,蔬菜,佛手瓜,,,用户参考
季节-夏,季节,夏,夏,蔬菜,南瓜,,,用户参考
季节-夏,季节,夏,夏,蔬菜,苋菜,,,用户参考
季节-夏,季节,夏,夏,蔬菜,山苏,,,用户参考
季节-夏,季节,夏,夏,蔬菜,龙须菜,,,用户参考
季节-夏,季节,夏,夏,蔬菜,红薯叶,,,用户参考
季节-夏,季节,夏,夏,蔬菜,竹笋,,,用户参考
季节-夏,季节,夏,夏,蔬菜,卷心菜,,,用户参考
季节-夏,季节,夏,夏,蔬菜,豇豆,,,用户参考
季节-夏,季节,夏,夏,蔬菜,蚕豆,,,用户参考
季节-春,季节,春,春,水果,草莓,,,用户参考
季节-春,季节,春,春,水果,樱桃,,,用户参考
季节-春,季节,春,春,水果,枇杷,,,用户参考
季节-春,季节,春,春,水果,桑葚,,,用户参考
季节-春,季节,春,春,水果,青梅,,,用户参考
季节-春,季节,春,春,水果,油桃,,,用户参考
季节-春,季节,春,春,水果,番石榴,,,用户参考
季节-春,季节,春,春,水果,青枣,,,用户参考
季节-春,季节,春,春,水果,莲雾,春末,,用户参考
季节-春,季节,春,春,蔬菜,春笋,,,用户参考
季节-春,季节,春,春,蔬菜,韭菜,,,用户参考
季节-春,季节,春,春,蔬菜,荠菜,,,用户参考
季节-春,季节,春,春,蔬菜,菠菜,,,用户参考
季节-春,季节,春,春,蔬菜,芹菜,,,用户参考
季节-春,季节,春,春,蔬菜,莴笋,,,用户参考
季节-春,季节,春,春,蔬菜,香椿,,,用户参考
季节-春,季节,春,春,蔬菜,蒜苗,,,用户参考
季节-春,季节,春,春,蔬菜,豌豆,,,用户参考
季节-春,季节,春,春,蔬菜,茼蒿,,,用户参考
季节-春,季节,春,春,蔬菜,油菜,,,用户参考
季节-春,季节,春,春,蔬菜,辣椒,,,用户参考
季节-春,季节,春,春,蔬菜,青椒,,,用户参考
季节-春,季节,春,春,蔬菜,彩椒,,,用户参考
季节-春,季节,春,春,蔬菜,洋葱,,,用户参考
季节-春,季节,春,春,蔬菜,菜花,,,用户参考
季节-春,季节,春,春,蔬菜,甜豌豆,,,用户参考
季节-春,季节,春,春,蔬菜,马兰头,,,用户参考
季节-春,季节,春,春,蔬菜,瓠子,,,用户参考
季节-春,季节,春,春,蔬菜,菜心,,,用户参考
季节-春,季节,春,春,蔬菜,豌豆苗,,,用户参考
季节-秋,季节,秋,秋,水果,梨,,,用户参考
季节-秋,季节,秋,秋,水果,苹果,,,用户参考
季节-秋,季节,秋,秋,水果,石榴,,,用户参考
季节-秋,季节,秋,秋,水果,柚子,,,用户参考
季节-秋,季节,秋,秋,水果,橘子,,,用户参考
季节-秋,季节,秋,秋,水果,冬枣,,,用户参考
季节-秋,季节,秋,秋,水果,猕猴桃,,,用户参考
季节-秋,季节,秋,秋,水果,柿子,,,用户参考
季节-秋,季节,秋,秋,水果,木瓜,,,用户参考
季节-秋,季节,秋,秋,水果,莲子,,,用户参考
季节-秋,季节,秋,秋,水果,甘蔗,,,用户参考
季节-秋,季节,秋,秋,水果,葡萄,,,用户参考
季节-秋,季节,秋,秋,水果,火龙果,,,用户参考
季节-秋,季节,秋,秋,水果,杨桃,,,用户参考
季节-秋,季节,秋,秋,水果,番石榴,,,用户参考
季节-秋,季节,秋,秋,水果,杏子,,,用户参考
季节-秋,季节,秋,秋,水果,红枣,,,用户参考
季节-秋,季节,秋,秋,水果,山楂,,,用户参考
季节-秋,季节,秋,秋,水果,核桃,,,用户参考
季节-秋,季节,秋,秋,蔬菜,白萝卜,,,用户参考
季节-秋,季节,秋,秋,蔬菜,大白菜,,,用户参考
季节-秋,季节,秋,秋,蔬菜,山药,,,用户参考
季节-秋,季节,秋,秋,蔬菜,莲藕,,,用户参考
季节-秋,季节,秋,秋,蔬菜,西兰花,,,用户参考
季节-秋,季节,秋,秋,蔬菜,娃娃菜,,,用户参考
季节-秋,季节,秋,秋,蔬菜,秋葵,,,用户参考
季节-秋,季节,秋,秋,蔬菜,茨菇,,,用户参考
季节-秋,季节,秋,秋,蔬菜,南瓜,,,用户参考
季节-秋,季节,秋,秋,蔬菜,菱角,,,用户参考
季节-秋,季节,秋,秋,蔬菜,辣椒,,,用户参考
季节-秋,季节,秋,秋,蔬菜,栗子,,,用户参考
季节-秋,季节,秋,秋,蔬菜,冬瓜,,,用户参考
季节-秋,季节,秋,秋,蔬菜,四季豆,芸豆,,用户参考
季节-秋,季节,秋,秋,蔬菜,红薯叶,,,用户参考
季节-秋,季节,秋,秋,蔬菜,豆角,,,用户参考
季节-秋,季节,秋,秋,蔬菜,扁豆,,,用户参考
季节-秋,季节,秋,秋,蔬菜,菜花,,,用户参考
季节-秋,季节,秋,秋,蔬菜,胡萝卜,,,用户参考
季节-秋,季节,秋,秋,蔬菜,葱,,,用户参考
季节-秋,季节,秋,秋,蔬菜,黄瓜,,,用户参考
季节-秋,季节,秋,秋,蔬菜,番茄,,,用户参考
季节-秋,季节,秋,秋,蔬菜,茄子,,,用户参考
季节-秋,季节,秋,秋,蔬菜,百合,,,用户参考
月份-01,月份,1月,冬,水果,砂糖橘,,,用户参考
月份-01,月份,1月,冬,水果,沃柑,,,用户参考
月份-01,月份,1月,冬,水果,赣南脐橙,,,用户参考
月份-01,月份,1月,冬,水果,猕猴桃,,,用户参考
月份-01,月份,1月,冬,水果,山楂,,,用户参考
月份-01,月份,1月,冬,水果,甘蔗,,,用户参考
月份-01,月份,1月,冬,蔬菜,大白菜,,,用户参考
月份-01,月份,1月,冬,蔬菜,小白菜,,,用户参考
月份-01,月份,1月,冬,蔬菜,菠菜,,,用户参考
月份-01,月份,1月,冬,蔬菜,芹菜,,,用户参考
月份-01,月份,1月,冬,蔬菜,白萝卜,,,用户参考
月份-01,月份,1月,冬,蔬菜,胡萝卜,,,用户参考
月份-01,月份,1月,冬,蔬菜,卷心菜,,,用户参考
月份-01,月份,1月,冬,蔬菜,花菜,,,用户参考
月份-01,月份,1月,冬,蔬菜,茨菇,,,用户参考
月份-01,月份,1月,冬,蔬菜,香菇,,,用户参考
月份-02,月份,2月,冬,水果,砂糖橘,,,用户参考
月份-02,月份,2月,冬,水果,沃柑,,,用户参考
月份-02,月份,2月,冬,水果,赣南脐橙,,,用户参考
月份-02,月份,2月,冬,水果,猕猴桃,,,用户参考
月份-02,月份,2月,冬,水果,山楂,,,用户参考
月份-02,月份,2月,冬,水果,甘蔗,,,用户参考
月份-02,月份,2月,冬,蔬菜,大白菜,,,用户参考
月份-02,月份,2月,冬,蔬菜,小白菜,,,用户参考
月份-02,月份,2月,冬,蔬菜,菠菜,,,用户参考
月份-02,月份,2月,冬,蔬菜,芹菜,,,用户参考
月份-02,月份,2月,冬,蔬菜,菜心,,,用户参考
月份-02,月份,2月,冬,蔬菜,卷心菜,,,用户参考
月份-02,月份,2月,冬,蔬菜,荠菜,,,用户参考
月份-02,月份,2月,冬,蔬菜,生菜,,,用户参考
月份-03,月份,3月,春,水果,草莓,尾季,,用户参考
月份-03,月份,3月,春,水果,芒果,海南/广西早熟,,用户参考
月份-03,月份,3月,春,水果,枇杷,,,用户参考
月份-03,月份,3月,春,水果,桑葚,,,用户参考
月份-03,月份,3月,春,水果,菠萝,,,用户参考
月份-03,月份,3月,春,蔬菜,小白菜,,,用户参考
月份-03,月份,3月,春,蔬菜,菠菜,,,用户参考
月份-03,月份,3月,春,蔬菜,芹菜,,,用户参考
月份-03,月份,3月,春,蔬菜,菜心,,,用户参考
月份-03,月份,3月,春,蔬菜,韭菜,,,用户参考
月份-03,月份,3月,春,蔬菜,春笋,,,用户参考
月份-03,月份,3月,春,蔬菜,香椿,,,用户参考
月份-03,月份,3月,春,蔬菜,豌豆苗,,,用户参考
月份-03,月份,3月,春,蔬菜,蚕豆,,,用户参考
月份-03,月份,3月,春,蔬菜,荠菜,,,用户参考
月份-03,月份,3月,春,蔬菜,茼蒿,,,用户参考
月份-04,月份,4月,春,水果,草莓,,,用户参考
月份-04,月份,4月,春,水果,枇杷,,,用户参考
月份-04,月份,4月,春,水果,芒果,,,用户参考
月份-04,月份,4月,春,水果,桑葚,,,用户参考
月份-04,月份,4月,春,水果,樱桃,早熟,,用户参考
月份-04,月份,4月,春,蔬菜,小白菜,,,用户参考
月份-04,月份,4月,春,蔬菜,莴笋,,,用户参考
月份-04,月份,4月,春,蔬菜,鸡毛菜,,,用户参考
月份-04,月份,4月,春,蔬菜,芹菜,,,用户参考
月份-04,月份,4月,春,蔬菜,春笋,,,用户参考
月份-04,月份,4月,春,蔬菜,香椿,,,用户参考
月份-04,月份,4月,春,蔬菜,韭菜,,,用户参考
月份-04,月份,4月,春,蔬菜,豌豆苗,,,用户参考
月份-04,月份,4月,春,蔬菜,蚕豆,,,用户参考
月份-04,月份,4月,春,蔬菜,荠菜,,,用户参考
月份-05,月份,5月,春,水果,草莓,,,用户参考
月份-05,月份,5月,春,水果,枇杷,,,用户参考
月份-05,月份,5月,春,水果,桑葚,,,用户参考
月份-05,月份,5月,春,水果,樱桃,,,用户参考
月份-05,月份,5月,春,水果,芒果,,,用户参考
月份-05,月份,5月,春,水果,杨梅,,,用户参考
月份-05,月份,5月,春,水果,油桃,,,用户参考
月份-05,月份,5月,春,水果,李子,,,用户参考
月份-05,月份,5月,春,水果,荔枝,早熟,,用户参考
月份-05,月份,5月,春,蔬菜,小白菜,,,用户参考
月份-05,月份,5月,春,蔬菜,卷心菜,,,用户参考
月份-05,月份,5月,春,蔬菜,莴笋,,,用户参考
月份-05,月份,5月,春,蔬菜,鸡毛菜,,,用户参考
月份-05,月份,5月,春,蔬菜,黄瓜,,,用户参考
月份-05,月份,5月,春,蔬菜,番茄,,,用户参考
月份-05,月份,5月,春,蔬菜,蚕豆,,,用户参考
月份-05,月份,5月,春,蔬菜,茭白,,,用户参考
月份-05,月份,5月,春,蔬菜,茄子,,,用户参考
月份-05,月份,5月,春,蔬菜,丝瓜,,,用户参考
月份-05,月份,5月,春,蔬菜,苦瓜,,,用户参考
月份-06,月份,6月,夏,水果,西瓜,,,用户参考
月份-06,月份,6月,夏,水果,杨梅,,,用户参考
月份-06,月份,6月,夏,水果,樱桃,,,用户参考
月份-06,月份,6月,夏,水果,荔枝,,,用户参考
月份-06,月份,6月,夏,水果,枇杷,尾季,,用户参考
月份-06,月份,6月,夏,水果,水蜜桃,,,用户参考
月份-06,月份,6月,夏,水果,哈密瓜,,,用户参考
月份-06,月份,6月,夏,水果,火龙果,,,用户参考
月份-06,月份,6月,夏,水果,龙眼,,,用户参考
月份-06,月份,6月,夏,水果,葡萄,早熟,,用户参考
月份-06,月份,6月,夏,蔬菜,黄瓜,,,用户参考
月份-06,月份,6月,夏,蔬菜,番茄,,,用户参考
月份-06,月份,6月,夏,蔬菜,冬瓜,,,用户参考
月份-06,月份,6月,夏,蔬菜,丝瓜,,,用户参考
月份-06,月份,6月,夏,蔬菜,茄子,,,用户参考
月份-06,月份,6月,夏,蔬菜,南瓜,,,用户参考
月份-06,月份,6月,夏,蔬菜,卷心菜,,,用户参考
月份-06,月份,6月,夏,蔬菜,土豆,,,用户参考
月份-06,月份,6月,夏,蔬菜,鸡毛菜,,,用户参考
月份-06,月份,6月,夏,蔬菜,刀豆,,,用户参考
月份-06,月份,6月,夏,蔬菜,豇豆,,,用户参考
月份-06,月份,6月,夏,蔬菜,毛豆,,,用户参考
月份-07,月份,7月,夏,水果,西瓜,,,用户参考
月份-07,月份,7月,夏,水果,荔枝,,,用户参考
月份-07,月份,7月,夏,水果,水蜜桃,,,用户参考
月份-07,月份,7月,夏,水果,哈密瓜,,,用户参考
月份-07,月份,7月,夏,水果,榴莲,,,用户参考
月份-07,月份,7月,夏,水果,杨梅,,,用户参考
月份-07,月份,7月,夏,水果,龙眼,,,用户参考
月份-07,月份,7月,夏,水果,黄皮,,,用户参考
月份-07,月份,7月,夏,水果,葡萄,,,用户参考
月份-07,月份,7月,夏,水果,无花果,,,用户参考
月份-07,月份,7月,夏,水果,百香果,,,用户参考
月份-07,月份,7月,夏,蔬菜,黄瓜,,,用户参考
月份-07,月份,7月,夏,蔬菜,番茄,,,用户参考
月份-07,月份,7月,夏,蔬菜,冬瓜,,,用户参考
月份-07,月份,7月,夏,蔬菜,丝瓜,,,用户参考
月份-07,月份,7月,夏,蔬菜,苦瓜,,,用户参考
月份-07,月份,7月,夏,蔬菜,茄子,,,用户参考
月份-07,月份,7月,夏,蔬菜,豇豆,,,用户参考
月份-07,月份,7月,夏,蔬菜,扁豆,,,用户参考
月份-07,月份,7月,夏,蔬菜,空心菜,,,用户参考
月份-07,月份,7月,夏,蔬菜,毛豆,,,用户参考
月份-07,月份,7月,夏,蔬菜,辣椒,,,用户参考
月份-07,月份,7月,夏,蔬菜,土豆,,,用户参考
月份-07,月份,7月,夏,蔬菜,卷心菜,,,用户参考
月份-08,月份,8月,夏,水果,西瓜,,,用户参考
月份-08,月份,8月,夏,水果,水蜜桃,,,用户参考
月份-08,月份,8月,夏,水果,哈密瓜,,,用户参考
月份-08,月份,8月,夏,水果,榴莲,,,用户参考
月份-08,月份,8月,夏,水果,葡萄,,,用户参考
月份-08,月份,8月,夏,水果,石榴,,,用户参考
月份-08,月份,8月,夏,水果,梨,早熟,,用户参考
月份-08,月份,8月,夏,水果,冬枣,,,用户参考
月份-08,月份,8月,夏,水果,龙眼,,,用户参考
月份-08,月份,8月,夏,蔬菜,冬瓜,,,用户参考
月份-08,月份,8月,夏,蔬菜,丝瓜,,,用户参考
月份-08,月份,8月,夏,蔬菜,苦瓜,,,用户参考
月份-08,月份,8月,夏,蔬菜,茄子,,,用户参考
月份-08,月份,8月,夏,蔬菜,豇豆,,,用户参考
月份-08,月份,8月,夏,蔬菜,扁豆,,,用户参考
月份-08,月份,8月,夏,蔬菜,空心菜,,,用户参考
月份-08,月份,8月,夏,蔬菜,毛豆,,,用户参考
月份-08,月份,8月,夏,蔬菜,辣椒,,,用户参考
月份-08,月份,8月,夏,蔬菜,南瓜,,,用户参考
月份-08,月份,8月,夏,蔬菜,土豆,,,用户参考
月份-08,月份,8月,夏,蔬菜,卷心菜,,,用户参考
月份-08,月份,8月,夏,蔬菜,青菜,,,用户参考
月份-09,月份,9月,秋,水果,葡萄,,,用户参考
月份-09,月份,9月,秋,水果,石榴,,,用户参考
月份-09,月份,9月,秋,水果,梨,,,用户参考
月份-09,月份,9月,秋,水果,哈密瓜,,,用户参考
月份-09,月份,9月,秋,水果,柚子,,,用户参考
月份-09,月份,9月,秋,水果,柿子,,,用户参考
月份-09,月份,9月,秋,水果,山楂,,,用户参考
月份-09,月份,9月,秋,水果,冬枣,,,用户参考
月份-09,月份,9月,秋,蔬菜,冬瓜,,,用户参考
月份-09,月份,9月,秋,蔬菜,丝瓜,,,用户参考
月份-09,月份,9月,秋,蔬菜,毛豆,,,用户参考
月份-09,月份,9月,秋,蔬菜,豇豆,,,用户参考
月份-09,月份,9月,秋,蔬菜,茄子,,,用户参考
月份-09,月份,9月,秋,蔬菜,辣椒,,,用户参考
月份-09,月份,9月,秋,蔬菜,芋头,,,用户参考
月份-09,月份,9月,秋,蔬菜,茭白,,,用户参考
月份-09,月份,9月,秋,蔬菜,莲藕,,,用户参考
月份-09,月份,9月,秋,蔬菜,山药,,,用户参考
月份-09,月份,9月,秋,蔬菜,秋葵,,,用户参考
月份-09,月份,9月,秋,蔬菜,白萝卜,,,用户参考
月份-09,月份,9月,秋,蔬菜,大白菜,,,用户参考
月份-09,月份,9月,秋,蔬菜,卷心菜,,,用户参考
月份-10,月份,10月,秋,水果,苹果,,,用户参考
月份-10,月份,10月,秋,水果,梨,,,用户参考
月份-10,月份,10月,秋,水果,石榴,,,用户参考
月份-10,月份,10月,秋,水果,柿子,,,用户参考
月份-10,月份,10月,秋,水果,葡萄,晚熟,,用户参考
月份-10,月份,10月,秋,水果,猕猴桃,,,用户参考
月份-10,月份,10月,秋,水果,柑橘,,,用户参考
月份-10,月份,10月,秋,水果,橙子,,,用户参考
月份-10,月份,10月,秋,水果,甘蔗,,,用户参考
月份-10,月份,10月,秋,水果,冬枣,尾季,,用户参考
月份-10,月份,10月,秋,蔬菜,大白菜,,,用户参考
月份-10,月份,10月,秋,蔬菜,白萝卜,,,用户参考
月份-10,月份,10月,秋,蔬菜,芋头,,,用户参考
月份-10,月份,10月,秋,蔬菜,茭白,,,用户参考
月份-10,月份,10月,秋,蔬菜,莲藕,,,用户参考
月份-10,月份,10月,秋,蔬菜,山药,,,用户参考
月份-10,月份,10月,秋,蔬菜,花菜,,,用户参考
月份-10,月份,10月,秋,蔬菜,西兰花,,,用户参考
月份-10,月份,10月,秋,蔬菜,生菜,,,用户参考
月份-10,月份,10月,秋,蔬菜,菠菜,,,用户参考
月份-10,月份,10月,秋,蔬菜,芹菜,,,用户参考
月份-10,月份,10月,秋,蔬菜,卷心菜,,,用户参考
月份-10,月份,10月,秋,蔬菜,茼蒿,,,用户参考
月份-11,月份,11月,秋,水果,苹果,,,用户参考
月份-11,月份,11月,秋,水果,梨,,,用户参考
月份-11,月份,11月,秋,水果,柚子,,,用户参考
月份-11,月份,11月,秋,水果,柿子,,,用户参考
月份-11,月份,11月,秋,水果,山楂,,,用户参考
月份-11,月份,11月,秋,水果,猕猴桃,,,用户参考
月份-11,月份,11月,秋,水果,甘蔗,,,用户参考
月份-11,月份,11月,秋,水果,脐橙,,,用户参考
月份-11,月份,11月,秋,水果,皇帝柑,,,用户参考
月份-11,月份,11月,秋,水果,草莓,大棚初上市,,用户参考
月份-11,月份,11月,秋,水果,荸荠,,,用户参考
月份-11,月份,11月,秋,蔬菜,大白菜,,,用户参考
月份-11,月份,11月,秋,蔬菜,白萝卜,,,用户参考
月份-11,月份,11月,秋,蔬菜,莴笋,,,用户参考
月份-11,月份,11月,秋,蔬菜,花菜,,,用户参考
月份-11,月份,11月,秋,蔬菜,西兰花,,,用户参考
月份-11,月份,11月,秋,蔬菜,荠菜,,,用户参考
月份-11,月份,11月,秋,蔬菜,草头,,,用户参考
月份-11,月份,11月,秋,蔬菜,生菜,,,用户参考
月份-11,月份,11月,秋,蔬菜,茨菇,,,用户参考
月份-11,月份,11月,秋,蔬菜,青蒜,,,用户参考
月份-11,月份,11月,秋,蔬菜,菠菜,,,用户参考
月份-11,月份,11月,秋,蔬菜,芹菜,,,用户参考
月份-11,月份,11月,秋,蔬菜,卷心菜,,,用户参考
月份-12,月份,12月,冬,水果,砂糖橘,,,用户参考
月份-12,月份,12月,冬,水果,沃柑,,,用户参考
月份-12,月份,12月,冬,水果,赣南脐橙,,,用户参考
月份-12,月份,12月,冬,水果,猕猴桃,,,用户参考
月份-12,月份,12月,冬,水果,山楂,,,用户参考
月份-12,月份,12月,冬,水果,甘蔗,,,用户参考
月份-12,月份,12月,冬,水果,草莓,大棚,,用户参考
月份-12,月份,12月,冬,水果,车厘子,进口,,用户参考
月份-12,月份,12月,冬,水果,金桔,,,用户参考
月份-12,月份,12月,冬,水果,释迦,,,用户参考
月份-12,月份,12月,冬,蔬菜,大白菜,,,用户参考
月份-12,月份,12月,冬,蔬菜,白萝卜,,,用户参考
月份-12,月份,12月,冬,蔬菜,塌菜,,,用户参考
月份-12,月份,12月,冬,蔬菜,荠菜,,,用户参考
月份-12,月份,12月,冬,蔬菜,茨菇,,,用户参考
月份-12,月份,12月,冬,蔬菜,花菜,,,用户参考
月份-12,月份,12月,冬,蔬菜,菠菜,,,用户参考
月份-12,月份,12月,冬,蔬菜,芹菜,,,用户参考
月份-12,月份,12月,冬,蔬菜,卷心菜,,,用户参考
月份-12,月份,12月,冬,蔬菜,香菇,,,用户参考
月份-12,月份,12月,冬,蔬菜,胡萝卜,,,用户参考
节日-七夕节,节日,七夕节,秋,菜品,巧果,,,常识草稿
节日-七夕节,节日,七夕节,秋,菜品,面食,,,常识草稿
节日-中元节,节日,中元节,秋,食材,鸭子,,,常识草稿
节日-中秋节,节日,中秋节,秋,菜品,月饼,,,常识草稿
节日-中秋节,节日,中秋节,秋,食材,螃蟹,,,常识草稿
节日-中秋节,节日,中秋节,秋,食材,芋头,,,常识草稿
节日-中秋节,节日,中秋节,秋,食材,桂花,,,常识草稿
节日-元宵节,节日,元宵节,春,菜品,汤圆,,,常识草稿
节日-元宵节,节日,元宵节,春,菜品,元宵,,,常识草稿
节日-寒食节,节日,寒食节,春,菜品,青团,,,常识草稿
节日-小年,节日,小年,冬,菜品,糖瓜,,,常识草稿
节日-小年,节日,小年,冬,菜品,饺子,,,常识草稿
节日-春节,节日,春节,春,菜品,饺子,,,常识草稿
节日-春节,节日,春节,春,菜品,年糕,,,常识草稿
节日-春节,节日,春节,春,食材,鱼,,,常识草稿
节日-端午节,节日,端午节,夏,菜品,粽子,,,常识草稿
节日-端午节,节日,端午节,夏,食材,艾草,,,常识草稿
节日-腊八节,节日,腊八节,冬,菜品,腊八粥,,,常识草稿
节日-腊八节,节日,腊八节,冬,菜品,腊八蒜,,,常识草稿
节日-重阳节,节日,重阳节,秋,食材,菊花,,,常识草稿
节日-重阳节,节日,重阳节,秋,菜品,重阳糕,,,常识草稿
节日-除夕,节日,除夕,冬,菜品,饺子,,,常识草稿
节日-除夕,节日,除夕,冬,食材,鱼,,,常识草稿
节日-除夕,节日,除夕,冬,菜品,年糕,,,常识草稿
节日-龙抬头,节日,龙抬头,春,菜品,春饼,,,常识草稿
节日-龙抬头,节日,龙抬头,春,食材,猪头肉,,,常识草稿
节日-龙抬头,节日,龙抬头,春,菜品,龙须面,,,常识草稿
节气-冬至,节气,冬至,冬,食材,黑米,,暖呼呼的黑色补肾米,用户参考
节气-冬至,节气,冬至,冬,食材,茼蒿,,迷魂香气征服各式火锅,用户参考
节气-冬至,节气,冬至,冬,食材,大白菜,,围炉煲汤的翠玉佳蔬,用户参考
节气-冬至,节气,冬至,冬,食材,橙子,,黄澄澄的佳果老少咸宜,用户参考
节气-冬至,节气,冬至,冬,菜品,饺子,,冬至吃饺子,用户参考
节气-处暑,节气,处暑,秋,食材,牛奶,,温温一杯暖胃顾睡眠,用户参考
节气-处暑,节气,处暑,秋,食材,甘蔗,,齿颊留香的铁质仓库,用户参考
节气-处暑,节气,处暑,秋,食材,龙眼,,补血降虚火还你好血气,用户参考
节气-处暑,节气,处暑,秋,食材,银耳,,延年益寿的长生不老药,用户参考
节气-处暑,节气,处暑,秋,菜品,鸭子,,处暑吃鸭子,用户参考
节气-夏至,节气,夏至,夏,食材,冬瓜,,名不副实的仲夏夜瓜瓜,用户参考
节气-夏至,节气,夏至,夏,食材,莲子,,脑力工作者的补脑灵丹,用户参考
节气-夏至,节气,夏至,夏,食材,芒果,,艳阳下的甜滋滋红宝石,用户参考
节气-夏至,节气,夏至,夏,食材,菠萝,,热带水果王好运旺旺来,用户参考
节气-夏至,节气,夏至,夏,食材,榴莲,,黯然销魂的独特难忘气味,用户参考
节气-夏至,节气,夏至,夏,菜品,面,,夏至吃面,用户参考
节气-大寒,节气,大寒,冬,食材,葱,,杀灭人体坏菌驱散寒气,用户参考
节气-大寒,节气,大寒,冬,食材,四季豆,,老饕私藏菜俘虏你味蕾,用户参考
节气-大寒,节气,大寒,冬,食材,土豆,,诸神的营养冬之礼,用户参考
节气-大寒,节气,大寒,冬,食材,红豆,,寄托食欲之冬的相思,用户参考
节气-大寒,节气,大寒,冬,菜品,年糕,,大寒吃年糕,用户参考
节气-大暑,节气,大暑,夏,食材,苦瓜,,吃苦吃补的降血糖蔬食,用户参考
节气-大暑,节气,大暑,夏,食材,荔枝,,妃子也疯狂的炎夏珍珠,用户参考
节气-大暑,节气,大暑,夏,食材,西瓜,,无它不夏天的解暑良品,用户参考
节气-大暑,节气,大暑,夏,食材,鸭肉,,肥美多汁的优质蛋白质,用户参考
节气-大暑,节气,大暑,夏,菜品,仙草,,大暑吃仙草,用户参考
节气-大雪,节气,大雪,冬,食材,白萝卜,,平民老百姓的养气人参,用户参考
节气-大雪,节气,大雪,冬,食材,橄榄,,轻轻品嚼苦涩也变得清甜,用户参考
节气-大雪,节气,大雪,冬,食材,橘子,,烤过入口增添几分暖意,用户参考
节气-大雪,节气,大雪,冬,食材,牛肉,,暖胃补益提高机体抗病力,用户参考
节气-大雪,节气,大雪,冬,菜品,粥,,大雪喝粥,用户参考
节气-寒露,节气,寒露,秋,食材,杏仁,,白色系食材为养肺首选,用户参考
节气-寒露,节气,寒露,秋,食材,猕猴桃,,秋愁浓浓的微酸小清新,用户参考
节气-寒露,节气,寒露,秋,食材,覆盆子,,壮阳滋阴的男女瑰宝,用户参考
节气-寒露,节气,寒露,秋,食材,秀珍菇,,秋日快烹的下饭好菇到,用户参考
节气-寒露,节气,寒露,秋,食材,草虾,,当季最鲜美疗愈大海味,用户参考
节气-寒露,节气,寒露,秋,菜品,芝麻,,寒露吃芝麻,用户参考
节气-小寒,节气,小寒,冬,食材,葵花籽,,多多吃防止手脚皮肤干裂,用户参考
节气-小寒,节气,小寒,冬,食材,黑豆,,冬季刮起的黑色养生旋风,用户参考
节气-小寒,节气,小寒,冬,食材,鲫鱼,,清蒸或炖汤的补益鲜鱼,用户参考
节气-小寒,节气,小寒,冬,食材,羊肉,,眩晕冬季的贫血补充剂,用户参考
节气-小寒,节气,小寒,冬,菜品,腊八粥,,小寒喝腊八粥,用户参考
节气-小暑,节气,小暑,夏,食材,南瓜,,饱含营养素的绵密果肉,用户参考
节气-小暑,节气,小暑,夏,食材,丝瓜,,棚架下垂吊的成长日记,用户参考
节气-小暑,节气,小暑,夏,食材,黄花菜,,从生鲜到干燥都好好食,用户参考
节气-小暑,节气,小暑,夏,食材,桃子,,猴屁股一般的形状很讨喜,用户参考
节气-小暑,节气,小暑,夏,食材,鳝鱼,,夏季吃鳝鱼胜过补人参,用户参考
节气-小暑,节气,小暑,夏,菜品,新米,,小暑食新米,用户参考
节气-小满,节气,小满,夏,食材,苋菜,,高铁高钙的长寿叶菜,用户参考
节气-小满,节气,小满,夏,食材,青椒,,小灯笼加速脂肪的燃烧,用户参考
节气-小满,节气,小满,夏,食材,桑葚,,恣意享受田园好风情,用户参考
节气-小满,节气,小满,夏,食材,绿豆,,夏日消暑的必备第一品,用户参考
节气-小满,节气,小满,夏,菜品,苦菜,,小满吃苦菜,用户参考
节气-小雪,节气,小雪,冬,食材,芥菜,,将岁末的福气腌起来保存,用户参考
节气-小雪,节气,小雪,冬,食材,荸荠,,蔬菜水果傻傻分不清楚,用户参考
节气-小雪,节气,小雪,冬,食材,木耳,,打通血液堵塞的清道夫,用户参考
节气-小雪,节气,小雪,冬,食材,核桃,,增加记忆力的护脑长寿果,用户参考
节气-小雪,节气,小雪,冬,菜品,腊肉,,小雪吃腊肉,用户参考
节气-惊蛰,节气,惊蛰,春,食材,胡萝卜,,打造明亮的双眸招蜂引蝶,用户参考
节气-惊蛰,节气,惊蛰,春,食材,菜花,,通便宽肠的免疫力好帮手,用户参考
节气-惊蛰,节气,惊蛰,春,食材,小白菜,,深绿色蔬菜是养肝救星,用户参考
节气-惊蛰,节气,惊蛰,春,食材,开心果,,喜上眉梢免惊春雷隆隆响,用户参考
节气-惊蛰,节气,惊蛰,春,菜品,驴打滚,,惊蛰吃驴打滚,用户参考
节气-春分,节气,春分,春,食材,菠菜,,大力水手的超级能量罐头,用户参考
节气-春分,节气,春分,春,食材,荠菜,,越嚼越顺口的护生野草,用户参考
节气-春分,节气,春分,春,食材,豌豆,,咬一口春天的鲜嫩感,用户参考
节气-春分,节气,春分,春,食材,蚕豆,,健脑补钙聪明一整年,用户参考
节气-春分,节气,春分,春,菜品,春菜,,春分吃春菜,用户参考
节气-清明,节气,清明,春,食材,小米,,为迎接春神煮上一锅粥,用户参考
节气-清明,节气,清明,春,食材,香蕉,,许你快乐情绪雨季不忧郁,用户参考
节气-清明,节气,清明,春,食材,菊花,,清肝明目养生菊花香,用户参考
节气-清明,节气,清明,春,食材,蒜薹,,自然赠予的天然抗生素,用户参考
节气-清明,节气,清明,春,菜品,青团,,清明吃青团,用户参考
节气-白露,节气,白露,秋,食材,大米,,五谷丰登之收获好时节,用户参考
节气-白露,节气,白露,秋,食材,木瓜,,养颜丰胸的百搭水果,用户参考
节气-白露,节气,白露,秋,食材,葡萄,,皇家后院种的万能灵药,用户参考
节气-白露,节气,白露,秋,食材,柚子,,中秋节烤肉的抗癌好物,用户参考
节气-白露,节气,白露,秋,菜品,米酒,,白露饮米酒,用户参考
节气-秋分,节气,秋分,秋,食材,芋头,,入口即化的优良淀粉,用户参考
节气-秋分,节气,秋分,秋,食材,山药,,改善秋燥的补益中药材,用户参考
节气-秋分,节气,秋分,秋,食材,莲藕,,药食同源一身都是宝,用户参考
节气-秋分,节气,秋分,秋,食材,香菇,,养生风潮下的热门话题,用户参考
节气-秋分,节气,秋分,秋,食材,芝麻,,银发族的保健处方,用户参考
节气-秋分,节气,秋分,秋,菜品,芋饼,,秋分吃芋饼,用户参考
节气-立冬,节气,立冬,冬,食材,紫米,,温粥进补强身不畏寒,用户参考
节气-立冬,节气,立冬,冬,食材,海参,,海中珍品抵御寒冷来袭,用户参考
节气-立冬,节气,立冬,冬,食材,栗子,,路边摊弥漫的爆炒焦香味,用户参考
节气-立冬,节气,立冬,冬,食材,松子,,不饱和脂肪酸代谢脑废物,用户参考
节气-立冬,节气,立冬,冬,菜品,鸡汤,,立冬喝鸡汤,用户参考
节气-立夏,节气,立夏,夏,食材,莴笋,,解油腻的清爽沙拉拍档,用户参考
节气-立夏,节气,立夏,夏,食材,薏米,,盛夏时光和水肿说拜拜,用户参考
节气-立夏,节气,立夏,夏,食材,椰子,,国境之南的解暑饮品,用户参考
节气-立夏,节气,立夏,夏,食材,空心菜,,降火气的食物中毒克星,用户参考
节气-立夏,节气,立夏,夏,菜品,鸭蛋,,立夏吃鸭蛋,用户参考
节气-立春,节气,立春,春,食材,洋葱,,春季抗敏感的健康好食材,用户参考
节气-立春,节气,立春,春,食材,芹菜,,盐巴减量的天然佐料菜,用户参考
节气-立春,节气,立春,春,食材,樱桃,,属于春天的粉红色气息,用户参考
节气-立春,节气,立春,春,食材,草莓,,红通通的女孩儿养颜圣品,用户参考
节气-立春,节气,立春,春,菜品,春卷,,立春吃春卷,用户参考
节气-立秋,节气,立秋,秋,食材,茄子,,秋季食疗养生第一蔬,用户参考
节气-立秋,节气,立秋,秋,食材,红薯,,落叶土窑体验童年回忆,用户参考
节气-立秋,节气,立秋,秋,食材,梨,,止咳化痰的润肺矿泉水,用户参考
节气-立秋,节气,立秋,秋,食材,柠檬,,酸香清爽的坏血病克星,用户参考
节气-立秋,节气,立秋,秋,食材,哈密瓜,,秋天限定的当家甜瓜,用户参考
节气-立秋,节气,立秋,秋,菜品,西瓜,,立秋啃西瓜,用户参考
节气-芒种,节气,芒种,夏,食材,玉米,,纤维丰富的肠道保健王,用户参考
节气-芒种,节气,芒种,夏,食材,黄瓜,,料理不败的凉拌常备菜,用户参考
节气-芒种,节气,芒种,夏,食材,豇豆,,开胃爽脆的夏季营养豆儿,用户参考
节气-芒种,节气,芒种,夏,食材,高粱,,热天品酩之一杯微微醺,用户参考
节气-芒种,节气,芒种,夏,食材,乌梅,,生津止渴的酸味佳果,用户参考
节气-芒种,节气,芒种,夏,菜品,梅子,,芒种吃梅子,用户参考
节气-谷雨,节气,谷雨,春,食材,香椿,,香气浓郁的树上新芽菜,用户参考
节气-谷雨,节气,谷雨,春,食材,番茄,,保护强心脏的爱情果实,用户参考
节气-谷雨,节气,谷雨,春,食材,竹笋,,娇嫩欲滴的雨后春笋,用户参考
节气-谷雨,节气,谷雨,春,食材,小麦,,麦穗在阳光下金光闪闪,用户参考
节气-谷雨,节气,谷雨,春,菜品,香椿,,谷雨采茶食香椿,用户参考
节气-雨水,节气,雨水,春,食材,红枣,,血气红润脸上拂春风,用户参考
节气-雨水,节气,雨水,春,食材,燕麦,,降低胆固醇的减重主食,用户参考
节气-雨水,节气,雨水,春,食材,韭菜,,补气壮阳不怕春「困」扰,用户参考
节气-雨水,节气,雨水,春,食材,豆豉,,家常特色菜肴的最佳配角,用户参考
节气-雨水,节气,雨水,春,菜品,龙须饼,,雨水吃龙须饼,用户参考
节气-霜降,节气,霜降,秋,食材,柿子,,晒足日光浴的润肺秋礼,用户参考
节气-霜降,节气,霜降,秋,食材,苹果,,让医生远离的伊甸园果实,用户参考
节气-霜降,节气,霜降,秋,食材,黄豆,,皮肤干燥的水当当法宝,用户参考
节气-霜降,节气,霜降,秋,食材,蜂蜜,,深秋的味道蜜蜂最知道,用户参考
节气-霜降,节气,霜降,秋,食材,百合,,宽心安神的食疗系花卉,用户参考
节气-霜降,节气,霜降,秋,菜品,柿子,,霜降吃柿子,用户参考
