id,时间,层级,所属季节,类别,名称,内容,数据来源
KB0001,春,季节,春,水果,草莓,春季（3月-5月，农历一〜三月）的应季水果有草莓。,用户参考
KB0002,春,季节,春,水果,樱桃,春季（3月-5月，农历一〜三月）的应季水果有樱桃。,用户参考
KB0003,春,季节,春,水果,枇杷,春季（3月-5月，农历一〜三月）的应季水果有枇杷。,用户参考
KB0004,春,季节,春,水果,桑葚,春季（3月-5月，农历一〜三月）的应季水果有桑葚。,用户参考
KB0005,春,季节,春,水果,青梅,春季（3月-5月，农历一〜三月）的应季水果有青梅。,用户参考
KB0006,春,季节,春,水果,油桃,春季（3月-5月，农历一〜三月）的应季水果有油桃。,用户参考
KB0007,春,季节,春,水果,番石榴,春季（3月-5月，农历一〜三月）的应季水果有番石榴。,用户参考
KB0008,春,季节,春,水果,青枣,春季（3月-5月，农历一〜三月）的应季水果有青枣。,用户参考
KB0009,春,季节,春,水果,莲雾,春季（3月-5月，农历一〜三月）的应季水果有莲雾（春末）。,用户参考
KB0010,春,季节,春,蔬菜,春笋,春季（3月-5月，农历一〜三月）的应季蔬菜有春笋。,用户参考
KB0011,春,季节,春,蔬菜,韭菜,春季（3月-5月，农历一〜三月）的应季蔬菜有韭菜。,用户参考
KB0012,春,季节,春,蔬菜,荠菜,春季（3月-5月，农历一〜三月）的应季蔬菜有荠菜。,用户参考
KB0013,春,季节,春,蔬菜,菠菜,春季（3月-5月，农历一〜三月）的应季蔬菜有菠菜。,用户参考
KB0014,春,季节,春,蔬菜,芹菜,春季（3月-5月，农历一〜三月）的应季蔬菜有芹菜。,用户参考
KB0015,春,季节,春,蔬菜,莴笋,春季（3月-5月，农历一〜三月）的应季蔬菜有莴笋。,用户参考
KB0016,春,季节,春,蔬菜,香椿,春季（3月-5月，农历一〜三月）的应季蔬菜有香椿。,用户参考
KB0017,春,季节,春,蔬菜,蒜苗,春季（3月-5月，农历一〜三月）的应季蔬菜有蒜苗。,用户参考
KB0018,春,季节,春,蔬菜,豌豆,春季（3月-5月，农历一〜三月）的应季蔬菜有豌豆。,用户参考
KB0019,春,季节,春,蔬菜,茼蒿,春季（3月-5月，农历一〜三月）的应季蔬菜有茼蒿。,用户参考
KB0020,春,季节,春,蔬菜,油菜,春季（3月-5月，农历一〜三月）的应季蔬菜有油菜。,用户参考
KB0021,春,季节,春,蔬菜,辣椒,春季（3月-5月，农历一〜三月）的应季蔬菜有辣椒。,用户参考
KB0022,春,季节,春,蔬菜,青椒,春季（3月-5月，农历一〜三月）的应季蔬菜有青椒。,用户参考
KB0023,春,季节,春,蔬菜,彩椒,春季（3月-5月，农历一〜三月）的应季蔬菜有彩椒。,用户参考
KB0024,春,季节,春,蔬菜,洋葱,春季（3月-5月，农历一〜三月）的应季蔬菜有洋葱。,用户参考
KB0025,春,季节,春,蔬菜,菜花,春季（3月-5月，农历一〜三月）的应季蔬菜有菜花。,用户参考
KB0026,春,季节,春,蔬菜,甜豌豆,春季（3月-5月，农历一〜三月）的应季蔬菜有甜豌豆。,用户参考
KB0027,春,季节,春,蔬菜,马兰头,春季（3月-5月，农历一〜三月）的应季蔬菜有马兰头。,用户参考
KB0028,春,季节,春,蔬菜,瓠子,春季（3月-5月，农历一〜三月）的应季蔬菜有瓠子。,用户参考
KB0029,春,季节,春,蔬菜,菜心,春季（3月-5月，农历一〜三月）的应季蔬菜有菜心。,用户参考
KB0030,春,季节,春,蔬菜,豌豆苗,春季（3月-5月，农历一〜三月）的应季蔬菜有豌豆苗。,用户参考
KB0031,春,季节,春,水果汇总,春的水果,春季（3月-5月，农历一〜三月）的应季水果共 9 种：草莓、樱桃、枇杷、桑葚、青梅、油桃、番石榴、青枣、莲雾（春末）。春季养肝，这样吃解春困！,用户参考
KB0032,春,季节,春,蔬菜汇总,春的蔬菜,春季（3月-5月，农历一〜三月）的应季蔬菜共 21 种：春笋、韭菜、荠菜、菠菜、芹菜、莴笋、香椿、蒜苗、豌豆、茼蒿、油菜、辣椒、青椒、彩椒、洋葱、菜花、甜豌豆、马兰头、瓠子、菜心、豌豆苗。春季养肝，这样吃解春困！,用户参考
KB0033,夏,季节,夏,水果,西瓜,夏季（6月-8月，农历四〜六月）的应季水果有西瓜。,用户参考
KB0034,夏,季节,夏,水果,桃子,夏季（6月-8月，农历四〜六月）的应季水果有桃子。,用户参考
KB0035,夏,季节,夏,水果,李子,夏季（6月-8月，农历四〜六月）的应季水果有李子。,用户参考
KB0036,夏,季节,夏,水果,杏子,夏季（6月-8月，农历四〜六月）的应季水果有杏子。,用户参考
KB0037,夏,季节,夏,水果,葡萄,夏季（6月-8月，农历四〜六月）的应季水果有葡萄。,用户参考
KB0038,夏,季节,夏,水果,荔枝,夏季（6月-8月，农历四〜六月）的应季水果有荔枝。,用户参考
KB0039,夏,季节,夏,水果,龙眼,夏季（6月-8月，农历四〜六月）的应季水果有龙眼。,用户参考
KB0040,夏,季节,夏,水果,芒果,夏季（6月-8月，农历四〜六月）的应季水果有芒果。,用户参考
KB0041,夏,季节,夏,水果,哈密瓜,夏季（6月-8月，农历四〜六月）的应季水果有哈密瓜。,用户参考
KB0042,夏,季节,夏,水果,香瓜,夏季（6月-8月，农历四〜六月）的应季水果有香瓜。,用户参考
KB0043,夏,季节,夏,水果,草莓,夏季（6月-8月，农历四〜六月）的应季水果有草莓。,用户参考
KB0044,夏,季节,夏,水果,莲雾,夏季（6月-8月，农历四〜六月）的应季水果有莲雾。,用户参考
KB0045,夏,季节,夏,水果,菠萝,夏季（6月-8月，农历四〜六月）的应季水果有菠萝。,用户参考
KB0046,夏,季节,夏,水果,柠檬,夏季（6月-8月，农历四〜六月）的应季水果有柠檬。,用户参考
KB0047,夏,季节,夏,水果,百香果,夏季（6月-8月，农历四〜六月）的应季水果有百香果。,用户参考
KB0048,夏,季节,夏,水果,火龙果,夏季（6月-8月，农历四〜六月）的应季水果有火龙果。,用户参考
KB0049,夏,季节,夏,水果,猕猴桃,夏季（6月-8月，农历四〜六月）的应季水果有猕猴桃。,用户参考
KB0050,夏,季节,夏,水果,香蕉,夏季（6月-8月，农历四〜六月）的应季水果有香蕉。,用户参考
KB0051,夏,季节,夏,水果,椰子,夏季（6月-8月，农历四〜六月）的应季水果有椰子。,用户参考
KB0052,夏,季节,夏,水果,樱桃,夏季（6月-8月，农历四〜六月）的应季水果有樱桃。,用户参考
KB0053,夏,季节,夏,蔬菜,冬瓜,夏季（6月-8月，农历四〜六月）的应季蔬菜有冬瓜。,用户参考
KB0054,夏,季节,夏,蔬菜,丝瓜,夏季（6月-8月，农历四〜六月）的应季蔬菜有丝瓜。,用户参考
KB0055,夏,季节,夏,蔬菜,苦瓜,夏季（6月-8月，农历四〜六月）的应季蔬菜有苦瓜。,用户参考
KB0056,夏,季节,夏,蔬菜,黄瓜,夏季（6月-8月，农历四〜六月）的应季蔬菜有黄瓜。,用户参考
KB0057,夏,季节,夏,蔬菜,空心菜,夏季（6月-8月，农历四〜六月）的应季蔬菜有空心菜。,用户参考
KB0058,夏,季节,夏,蔬菜,豆角,夏季（6月-8月，农历四〜六月）的应季蔬菜有豆角。,用户参考
KB0059,夏,季节,夏,蔬菜,茄子,夏季（6月-8月，农历四〜六月）的应季蔬菜有茄子。,用户参考
KB0060,夏,季节,夏,蔬菜,番茄,夏季（6月-8月，农历四〜六月）的应季蔬菜有番茄。,用户参考
KB0061,夏,季节,夏,蔬菜,毛豆,夏季（6月-8月，农历四〜六月）的应季蔬菜有毛豆。,用户参考
KB0062,夏,季节,夏,蔬菜,莲藕,夏季（6月-8月，农历四〜六月）的应季蔬菜有莲藕。,用户参考
KB0063,夏,季节,夏,蔬菜,生菜,夏季（6月-8月，农历四〜六月）的应季蔬菜有生菜。,用户参考
KB0064,夏,季节,夏,蔬菜,辣椒,夏季（6月-8月，农历四〜六月）的应季蔬菜有辣椒。,用户参考
KB0065,夏,季节,夏,蔬菜,四季豆,夏季（6月-8月，农历四〜六月）的应季蔬菜有四季豆。,用户参考
KB0066,夏,季节,夏,蔬菜,芦笋,夏季（6月-8月，农历四〜六月）的应季蔬菜有芦笋。,用户参考
KB0067,夏,季节,夏,蔬菜,茭白,夏季（6月-8月，农历四〜六月）的应季蔬菜有茭白。,用户参考
KB0068,夏,季节,夏,蔬菜,洋葱,夏季（6月-8月，农历四〜六月）的应季蔬菜有洋葱。,用户参考
KB0069,夏,季节,夏,蔬菜,佛手瓜,夏季（6月-8月，农历四〜六月）的应季蔬菜有佛手瓜。,用户参考
KB0070,夏,季节,夏,蔬菜,南瓜,夏季（6月-8月，农历四〜六月）的应季蔬菜有南瓜。,用户参考
KB0071,夏,季节,夏,蔬菜,苋菜,夏季（6月-8月，农历四〜六月）的应季蔬菜有苋菜。,用户参考
KB0072,夏,季节,夏,蔬菜,山苏,夏季（6月-8月，农历四〜六月）的应季蔬菜有山苏。,用户参考
KB0073,夏,季节,夏,蔬菜,龙须菜,夏季（6月-8月，农历四〜六月）的应季蔬菜有龙须菜。,用户参考
KB0074,夏,季节,夏,蔬菜,红薯叶,夏季（6月-8月，农历四〜六月）的应季蔬菜有红薯叶。,用户参考
KB0075,夏,季节,夏,蔬菜,竹笋,夏季（6月-8月，农历四〜六月）的应季蔬菜有竹笋。,用户参考
KB0076,夏,季节,夏,蔬菜,卷心菜,夏季（6月-8月，农历四〜六月）的应季蔬菜有卷心菜。,用户参考
KB0077,夏,季节,夏,蔬菜,豇豆,夏季（6月-8月，农历四〜六月）的应季蔬菜有豇豆。,用户参考
KB0078,夏,季节,夏,蔬菜,蚕豆,夏季（6月-8月，农历四〜六月）的应季蔬菜有蚕豆。,用户参考
KB0079,夏,季节,夏,水果汇总,夏的水果,夏季（6月-8月，农历四〜六月）的应季水果共 20 种：西瓜、桃子、李子、杏子、葡萄、荔枝、龙眼、芒果、哈密瓜、香瓜、草莓、莲雾、菠萝、柠檬、百香果、火龙果、猕猴桃、香蕉、椰子、樱桃。夏季养心，这样吃消火气！,用户参考
KB0080,夏,季节,夏,蔬菜汇总,夏的蔬菜,夏季（6月-8月，农历四〜六月）的应季蔬菜共 26 种：冬瓜、丝瓜、苦瓜、黄瓜、空心菜、豆角、茄子、番茄、毛豆、莲藕、生菜、辣椒、四季豆、芦笋、茭白、洋葱、佛手瓜、南瓜、苋菜、山苏、龙须菜、红薯叶、竹笋、卷心菜、豇豆、蚕豆。夏季养心，这样吃消火气！,用户参考
KB0081,秋,季节,秋,水果,梨,秋季（9月-11月，农历七〜九月）的应季水果有梨。,用户参考
KB0082,秋,季节,秋,水果,苹果,秋季（9月-11月，农历七〜九月）的应季水果有苹果。,用户参考
KB0083,秋,季节,秋,水果,石榴,秋季（9月-11月，农历七〜九月）的应季水果有石榴。,用户参考
KB0084,秋,季节,秋,水果,柚子,秋季（9月-11月，农历七〜九月）的应季水果有柚子。,用户参考
KB0085,秋,季节,秋,水果,橘子,秋季（9月-11月，农历七〜九月）的应季水果有橘子。,用户参考
KB0086,秋,季节,秋,水果,冬枣,秋季（9月-11月，农历七〜九月）的应季水果有冬枣。,用户参考
KB0087,秋,季节,秋,水果,猕猴桃,秋季（9月-11月，农历七〜九月）的应季水果有猕猴桃。,用户参考
KB0088,秋,季节,秋,水果,柿子,秋季（9月-11月，农历七〜九月）的应季水果有柿子。,用户参考
KB0089,秋,季节,秋,水果,木瓜,秋季（9月-11月，农历七〜九月）的应季水果有木瓜。,用户参考
KB0090,秋,季节,秋,水果,莲子,秋季（9月-11月，农历七〜九月）的应季水果有莲子。,用户参考
KB0091,秋,季节,秋,水果,甘蔗,秋季（9月-11月，农历七〜九月）的应季水果有甘蔗。,用户参考
KB0092,秋,季节,秋,水果,葡萄,秋季（9月-11月，农历七〜九月）的应季水果有葡萄。,用户参考
KB0093,秋,季节,秋,水果,火龙果,秋季（9月-11月，农历七〜九月）的应季水果有火龙果。,用户参考
KB0094,秋,季节,秋,水果,杨桃,秋季（9月-11月，农历七〜九月）的应季水果有杨桃。,用户参考
KB0095,秋,季节,秋,水果,番石榴,秋季（9月-11月，农历七〜九月）的应季水果有番石榴。,用户参考
KB0096,秋,季节,秋,水果,杏子,秋季（9月-11月，农历七〜九月）的应季水果有杏子。,用户参考
KB0097,秋,季节,秋,水果,红枣,秋季（9月-11月，农历七〜九月）的应季水果有红枣。,用户参考
KB0098,秋,季节,秋,水果,山楂,秋季（9月-11月，农历七〜九月）的应季水果有山楂。,用户参考
KB0099,秋,季节,秋,水果,核桃,秋季（9月-11月，农历七〜九月）的应季水果有核桃。,用户参考
KB0100,秋,季节,秋,蔬菜,白萝卜,秋季（9月-11月，农历七〜九月）的应季蔬菜有白萝卜。,用户参考
KB0101,秋,季节,秋,蔬菜,大白菜,秋季（9月-11月，农历七〜九月）的应季蔬菜有大白菜。,用户参考
KB0102,秋,季节,秋,蔬菜,山药,秋季（9月-11月，农历七〜九月）的应季蔬菜有山药。,用户参考
KB0103,秋,季节,秋,蔬菜,莲藕,秋季（9月-11月，农历七〜九月）的应季蔬菜有莲藕。,用户参考
KB0104,秋,季节,秋,蔬菜,西兰花,秋季（9月-11月，农历七〜九月）的应季蔬菜有西兰花。,用户参考
KB0105,秋,季节,秋,蔬菜,娃娃菜,秋季（9月-11月，农历七〜九月）的应季蔬菜有娃娃菜。,用户参考
KB0106,秋,季节,秋,蔬菜,秋葵,秋季（9月-11月，农历七〜九月）的应季蔬菜有秋葵。,用户参考
KB0107,秋,季节,秋,蔬菜,茨菇,秋季（9月-11月，农历七〜九月）的应季蔬菜有茨菇。,用户参考
KB0108,秋,季节,秋,蔬菜,南瓜,秋季（9月-11月，农历七〜九月）的应季蔬菜有南瓜。,用户参考
KB0109,秋,季节,秋,蔬菜,菱角,秋季（9月-11月，农历七〜九月）的应季蔬菜有菱角。,用户参考
KB0110,秋,季节,秋,蔬菜,辣椒,秋季（9月-11月，农历七〜九月）的应季蔬菜有辣椒。,用户参考
KB0111,秋,季节,秋,蔬菜,栗子,秋季（9月-11月，农历七〜九月）的应季蔬菜有栗子。,用户参考
KB0112,秋,季节,秋,蔬菜,冬瓜,秋季（9月-11月，农历七〜九月）的应季蔬菜有冬瓜。,用户参考
KB0113,秋,季节,秋,蔬菜,四季豆,秋季（9月-11月，农历七〜九月）的应季蔬菜有四季豆（芸豆）。,用户参考
KB0114,秋,季节,秋,蔬菜,红薯叶,秋季（9月-11月，农历七〜九月）的应季蔬菜有红薯叶。,用户参考
KB0115,秋,季节,秋,蔬菜,豆角,秋季（9月-11月，农历七〜九月）的应季蔬菜有豆角。,用户参考
KB0116,秋,季节,秋,蔬菜,扁豆,秋季（9月-11月，农历七〜九月）的应季蔬菜有扁豆。,用户参考
KB0117,秋,季节,秋,蔬菜,菜花,秋季（9月-11月，农历七〜九月）的应季蔬菜有菜花。,用户参考
KB0118,秋,季节,秋,蔬菜,胡萝卜,秋季（9月-11月，农历七〜九月）的应季蔬菜有胡萝卜。,用户参考
KB0119,秋,季节,秋,蔬菜,葱,秋季（9月-11月，农历七〜九月）的应季蔬菜有葱。,用户参考
KB0120,秋,季节,秋,蔬菜,黄瓜,秋季（9月-11月，农历七〜九月）的应季蔬菜有黄瓜。,用户参考
KB0121,秋,季节,秋,蔬菜,番茄,秋季（9月-11月，农历七〜九月）的应季蔬菜有番茄。,用户参考
KB0122,秋,季节,秋,蔬菜,茄子,秋季（9月-11月，农历七〜九月）的应季蔬菜有茄子。,用户参考
KB0123,秋,季节,秋,蔬菜,百合,秋季（9月-11月，农历七〜九月）的应季蔬菜有百合。,用户参考
KB0124,秋,季节,秋,水果汇总,秋的水果,秋季（9月-11月，农历七〜九月）的应季水果共 19 种：梨、苹果、石榴、柚子、橘子、冬枣、猕猴桃、柿子、木瓜、莲子、甘蔗、葡萄、火龙果、杨桃、番石榴、杏子、红枣、山楂、核桃。秋季润肺，这样吃抗病魔！,用户参考
KB0125,秋,季节,秋,蔬菜汇总,秋的蔬菜,秋季（9月-11月，农历七〜九月）的应季蔬菜共 24 种：白萝卜、大白菜、山药、莲藕、西兰花、娃娃菜、秋葵、茨菇、南瓜、菱角、辣椒、栗子、冬瓜、四季豆（芸豆）、红薯叶、豆角、扁豆、菜花、胡萝卜、葱、黄瓜、番茄、茄子、百合。秋季润肺，这样吃抗病魔！,用户参考
KB0126,冬,季节,冬,水果,砂糖橘,冬季（12月-2月，农历十〜十二月）的应季水果有砂糖橘。,用户参考
KB0127,冬,季节,冬,水果,橙子,冬季（12月-2月，农历十〜十二月）的应季水果有橙子。,用户参考
KB0128,冬,季节,冬,水果,沃柑,冬季（12月-2月，农历十〜十二月）的应季水果有沃柑。,用户参考
KB0129,冬,季节,冬,水果,柚子,冬季（12月-2月，农历十〜十二月）的应季水果有柚子。,用户参考
KB0130,冬,季节,冬,水果,冬枣,冬季（12月-2月，农历十〜十二月）的应季水果有冬枣。,用户参考
KB0131,冬,季节,冬,水果,雪莲果,冬季（12月-2月，农历十〜十二月）的应季水果有雪莲果。,用户参考
KB0132,冬,季节,冬,水果,甘蔗,冬季（12月-2月，农历十〜十二月）的应季水果有甘蔗。,用户参考
KB0133,冬,季节,冬,水果,橘子,冬季（12月-2月，农历十〜十二月）的应季水果有橘子。,用户参考
KB0134,冬,季节,冬,水果,青枣,冬季（12月-2月，农历十〜十二月）的应季水果有青枣。,用户参考
KB0135,冬,季节,冬,水果,释迦,冬季（12月-2月，农历十〜十二月）的应季水果有释迦。,用户参考
KB0136,冬,季节,冬,蔬菜,大白菜,冬季（12月-2月，农历十〜十二月）的应季蔬菜有大白菜。,用户参考
KB0137,冬,季节,冬,蔬菜,白萝卜,冬季（12月-2月，农历十〜十二月）的应季蔬菜有白萝卜。,用户参考
KB0138,冬,季节,冬,蔬菜,冬笋,冬季（12月-2月，农历十〜十二月）的应季蔬菜有冬笋。,用户参考
KB0139,冬,季节,冬,蔬菜,娃娃菜,冬季（12月-2月，农历十〜十二月）的应季蔬菜有娃娃菜。,用户参考
KB0140,冬,季节,冬,蔬菜,茼蒿,冬季（12月-2月，农历十〜十二月）的应季蔬菜有茼蒿。,用户参考
KB0141,冬,季节,冬,蔬菜,油麦菜,冬季（12月-2月，农历十〜十二月）的应季蔬菜有油麦菜。,用户参考
KB0142,冬,季节,冬,蔬菜,卷心菜,冬季（12月-2月，农历十〜十二月）的应季蔬菜有卷心菜。,用户参考
KB0143,冬,季节,冬,蔬菜,胡萝卜,冬季（12月-2月，农历十〜十二月）的应季蔬菜有胡萝卜。,用户参考
KB0144,冬,季节,冬,蔬菜,青椒,冬季（12月-2月，农历十〜十二月）的应季蔬菜有青椒。,用户参考
KB0145,冬,季节,冬,蔬菜,洋葱,冬季（12月-2月，农历十〜十二月）的应季蔬菜有洋葱。,用户参考
KB0146,冬,季节,冬,蔬菜,菜花,冬季（12月-2月，农历十〜十二月）的应季蔬菜有菜花。,用户参考
KB0147,冬,季节,冬,蔬菜,甜豌豆,冬季（12月-2月，农历十〜十二月）的应季蔬菜有甜豌豆。,用户参考
KB0148,冬,季节,冬,蔬菜,芹菜,冬季（12月-2月，农历十〜十二月）的应季蔬菜有芹菜。,用户参考
KB0149,冬,季节,冬,蔬菜,菠菜,冬季（12月-2月，农历十〜十二月）的应季蔬菜有菠菜。,用户参考
KB0150,冬,季节,冬,蔬菜,芥菜,冬季（12月-2月，农历十〜十二月）的应季蔬菜有芥菜。,用户参考
KB0151,冬,季节,冬,蔬菜,葵年菜,冬季（12月-2月，农历十〜十二月）的应季蔬菜有葵年菜。,用户参考
KB0152,冬,季节,冬,蔬菜,莴笋,冬季（12月-2月，农历十〜十二月）的应季蔬菜有莴笋。,用户参考
KB0153,冬,季节,冬,蔬菜,油菜,冬季（12月-2月，农历十〜十二月）的应季蔬菜有油菜。,用户参考
KB0154,冬,季节,冬,蔬菜,菜心,冬季（12月-2月，农历十〜十二月）的应季蔬菜有菜心。,用户参考
KB0155,冬,季节,冬,蔬菜,芥蓝,冬季（12月-2月，农历十〜十二月）的应季蔬菜有芥蓝。,用户参考
KB0156,冬,季节,冬,蔬菜,荸荠,冬季（12月-2月，农历十〜十二月）的应季蔬菜有荸荠。,用户参考
KB0157,冬,季节,冬,蔬菜,莲藕,冬季（12月-2月，农历十〜十二月）的应季蔬菜有莲藕。,用户参考
KB0158,冬,季节,冬,水果汇总,冬的水果,冬季（12月-2月，农历十〜十二月）的应季水果共 10 种：砂糖橘、橙子、沃柑、柚子、冬枣、雪莲果、甘蔗、橘子、青枣、释迦。冬季补肾，这样吃好体力！,用户参考
KB0159,冬,季节,冬,蔬菜汇总,冬的蔬菜,冬季（12月-2月，农历十〜十二月）的应季蔬菜共 22 种：大白菜、白萝卜、冬笋、娃娃菜、茼蒿、油麦菜、卷心菜、胡萝卜、青椒、洋葱、菜花、甜豌豆、芹菜、菠菜、芥菜、葵年菜、莴笋、油菜、菜心、芥蓝、荸荠、莲藕。冬季补肾，这样吃好体力！,用户参考
KB0160,1月,月份,冬,水果,砂糖橘,1月的应季水果有砂糖橘。,用户参考
KB0161,1月,月份,冬,水果,沃柑,1月的应季水果有沃柑。,用户参考
KB0162,1月,月份,冬,水果,赣南脐橙,1月的应季水果有赣南脐橙。,用户参考
KB0163,1月,月份,冬,水果,猕猴桃,1月的应季水果有猕猴桃。,用户参考
KB0164,1月,月份,冬,水果,山楂,1月的应季水果有山楂。,用户参考
KB0165,1月,月份,冬,水果,甘蔗,1月的应季水果有甘蔗。,用户参考
KB0166,1月,月份,冬,蔬菜,大白菜,1月的应季蔬菜有大白菜。,用户参考
KB0167,1月,月份,冬,蔬菜,小白菜,1月的应季蔬菜有小白菜。,用户参考
KB0168,1月,月份,冬,蔬菜,菠菜,1月的应季蔬菜有菠菜。,用户参考
KB0169,1月,月份,冬,蔬菜,芹菜,1月的应季蔬菜有芹菜。,用户参考
KB0170,1月,月份,冬,蔬菜,白萝卜,1月的应季蔬菜有白萝卜。,用户参考
KB0171,1月,月份,冬,蔬菜,胡萝卜,1月的应季蔬菜有胡萝卜。,用户参考
KB0172,1月,月份,冬,蔬菜,卷心菜,1月的应季蔬菜有卷心菜。,用户参考
KB0173,1月,月份,冬,蔬菜,花菜,1月的应季蔬菜有花菜。,用户参考
KB0174,1月,月份,冬,蔬菜,茨菇,1月的应季蔬菜有茨菇。,用户参考
KB0175,1月,月份,冬,蔬菜,香菇,1月的应季蔬菜有香菇。,用户参考
KB0176,1月,月份,冬,水果汇总,1月的水果,1月的应季水果共 6 种：砂糖橘、沃柑、赣南脐橙、猕猴桃、山楂、甘蔗。,用户参考
KB0177,1月,月份,冬,蔬菜汇总,1月的蔬菜,1月的应季蔬菜共 10 种：大白菜、小白菜、菠菜、芹菜、白萝卜、胡萝卜、卷心菜、花菜、茨菇、香菇。,用户参考
KB0178,2月,月份,冬,水果,砂糖橘,2月的应季水果有砂糖橘。,用户参考
KB0179,2月,月份,冬,水果,沃柑,2月的应季水果有沃柑。,用户参考
KB0180,2月,月份,冬,水果,赣南脐橙,2月的应季水果有赣南脐橙。,用户参考
KB0181,2月,月份,冬,水果,猕猴桃,2月的应季水果有猕猴桃。,用户参考
KB0182,2月,月份,冬,水果,山楂,2月的应季水果有山楂。,用户参考
KB0183,2月,月份,冬,水果,甘蔗,2月的应季水果有甘蔗。,用户参考
KB0184,2月,月份,冬,蔬菜,大白菜,2月的应季蔬菜有大白菜。,用户参考
KB0185,2月,月份,冬,蔬菜,小白菜,2月的应季蔬菜有小白菜。,用户参考
KB0186,2月,月份,冬,蔬菜,菠菜,2月的应季蔬菜有菠菜。,用户参考
KB0187,2月,月份,冬,蔬菜,芹菜,2月的应季蔬菜有芹菜。,用户参考
KB0188,2月,月份,冬,蔬菜,菜心,2月的应季蔬菜有菜心。,用户参考
KB0189,2月,月份,冬,蔬菜,卷心菜,2月的应季蔬菜有卷心菜。,用户参考
KB0190,2月,月份,冬,蔬菜,荠菜,2月的应季蔬菜有荠菜。,用户参考
KB0191,2月,月份,冬,蔬菜,生菜,2月的应季蔬菜有生菜。,用户参考
KB0192,2月,月份,冬,水果汇总,2月的水果,2月的应季水果共 6 种：砂糖橘、沃柑、赣南脐橙、猕猴桃、山楂、甘蔗。,用户参考
KB0193,2月,月份,冬,蔬菜汇总,2月的蔬菜,2月的应季蔬菜共 8 种：大白菜、小白菜、菠菜、芹菜、菜心、卷心菜、荠菜、生菜。,用户参考
KB0194,3月,月份,春,水果,草莓,3月的应季水果有草莓（尾季）。,用户参考
KB0195,3月,月份,春,水果,芒果,3月的应季水果有芒果（海南/广西早熟）。,用户参考
KB0196,3月,月份,春,水果,枇杷,3月的应季水果有枇杷。,用户参考
KB0197,3月,月份,春,水果,桑葚,3月的应季水果有桑葚。,用户参考
KB0198,3月,月份,春,水果,菠萝,3月的应季水果有菠萝。,用户参考
KB0199,3月,月份,春,蔬菜,小白菜,3月的应季蔬菜有小白菜。,用户参考
KB0200,3月,月份,春,蔬菜,菠菜,3月的应季蔬菜有菠菜。,用户参考
KB0201,3月,月份,春,蔬菜,芹菜,3月的应季蔬菜有芹菜。,用户参考
KB0202,3月,月份,春,蔬菜,菜心,3月的应季蔬菜有菜心。,用户参考
KB0203,3月,月份,春,蔬菜,韭菜,3月的应季蔬菜有韭菜。,用户参考
KB0204,3月,月份,春,蔬菜,春笋,3月的应季蔬菜有春笋。,用户参考
KB0205,3月,月份,春,蔬菜,香椿,3月的应季蔬菜有香椿。,用户参考
KB0206,3月,月份,春,蔬菜,豌豆苗,3月的应季蔬菜有豌豆苗。,用户参考
KB0207,3月,月份,春,蔬菜,蚕豆,3月的应季蔬菜有蚕豆。,用户参考
KB0208,3月,月份,春,蔬菜,荠菜,3月的应季蔬菜有荠菜。,用户参考
KB0209,3月,月份,春,蔬菜,茼蒿,3月的应季蔬菜有茼蒿。,用户参考
KB0210,3月,月份,春,水果汇总,3月的水果,3月的应季水果共 5 种：草莓（尾季）、芒果（海南/广西早熟）、枇杷、桑葚、菠萝。,用户参考
KB0211,3月,月份,春,蔬菜汇总,3月的蔬菜,3月的应季蔬菜共 11 种：小白菜、菠菜、芹菜、菜心、韭菜、春笋、香椿、豌豆苗、蚕豆、荠菜、茼蒿。,用户参考
KB0212,4月,月份,春,水果,草莓,4月的应季水果有草莓。,用户参考
KB0213,4月,月份,春,水果,枇杷,4月的应季水果有枇杷。,用户参考
KB0214,4月,月份,春,水果,芒果,4月的应季水果有芒果。,用户参考
KB0215,4月,月份,春,水果,桑葚,4月的应季水果有桑葚。,用户参考
KB0216,4月,月份,春,水果,樱桃,4月的应季水果有樱桃（早熟）。,用户参考
KB0217,4月,月份,春,蔬菜,小白菜,4月的应季蔬菜有小白菜。,用户参考
KB0218,4月,月份,春,蔬菜,莴笋,4月的应季蔬菜有莴笋。,用户参考
KB0219,4月,月份,春,蔬菜,鸡毛菜,4月的应季蔬菜有鸡毛菜。,用户参考
KB0220,4月,月份,春,蔬菜,芹菜,4月的应季蔬菜有芹菜。,用户参考
KB0221,4月,月份,春,蔬菜,春笋,4月的应季蔬菜有春笋。,用户参考
KB0222,4月,月份,春,蔬菜,香椿,4月的应季蔬菜有香椿。,用户参考
KB0223,4月,月份,春,蔬菜,韭菜,4月的应季蔬菜有韭菜。,用户参考
KB0224,4月,月份,春,蔬菜,豌豆苗,4月的应季蔬菜有豌豆苗。,用户参考
KB0225,4月,月份,春,蔬菜,蚕豆,4月的应季蔬菜有蚕豆。,用户参考
KB0226,4月,月份,春,蔬菜,荠菜,4月的应季蔬菜有荠菜。,用户参考
KB0227,4月,月份,春,水果汇总,4月的水果,4月的应季水果共 5 种：草莓、枇杷、芒果、桑葚、樱桃（早熟）。,用户参考
KB0228,4月,月份,春,蔬菜汇总,4月的蔬菜,4月的应季蔬菜共 10 种：小白菜、莴笋、鸡毛菜、芹菜、春笋、香椿、韭菜、豌豆苗、蚕豆、荠菜。,用户参考
KB0229,5月,月份,春,水果,草莓,5月的应季水果有草莓。,用户参考
KB0230,5月,月份,春,水果,枇杷,5月的应季水果有枇杷。,用户参考
KB0231,5月,月份,春,水果,桑葚,5月的应季水果有桑葚。,用户参考
KB0232,5月,月份,春,水果,樱桃,5月的应季水果有樱桃。,用户参考
KB0233,5月,月份,春,水果,芒果,5月的应季水果有芒果。,用户参考
KB0234,5月,月份,春,水果,杨梅,5月的应季水果有杨梅。,用户参考
KB0235,5月,月份,春,水果,油桃,5月的应季水果有油桃。,用户参考
KB0236,5月,月份,春,水果,李子,5月的应季水果有李子。,用户参考
KB0237,5月,月份,春,水果,荔枝,5月的应季水果有荔枝（早熟）。,用户参考
KB0238,5月,月份,春,蔬菜,小白菜,5月的应季蔬菜有小白菜。,用户参考
KB0239,5月,月份,春,蔬菜,卷心菜,5月的应季蔬菜有卷心菜。,用户参考
KB0240,5月,月份,春,蔬菜,莴笋,5月的应季蔬菜有莴笋。,用户参考
KB0241,5月,月份,春,蔬菜,鸡毛菜,5月的应季蔬菜有鸡毛菜。,用户参考
KB0242,5月,月份,春,蔬菜,黄瓜,5月的应季蔬菜有黄瓜。,用户参考
KB0243,5月,月份,春,蔬菜,番茄,5月的应季蔬菜有番茄。,用户参考
KB0244,5月,月份,春,蔬菜,蚕豆,5月的应季蔬菜有蚕豆。,用户参考
KB0245,5月,月份,春,蔬菜,茭白,5月的应季蔬菜有茭白。,用户参考
KB0246,5月,月份,春,蔬菜,茄子,5月的应季蔬菜有茄子。,用户参考
KB0247,5月,月份,春,蔬菜,丝瓜,5月的应季蔬菜有丝瓜。,用户参考
KB0248,5月,月份,春,蔬菜,苦瓜,5月的应季蔬菜有苦瓜。,用户参考
KB0249,5月,月份,春,水果汇总,5月的水果,5月的应季水果共 9 种：草莓、枇杷、桑葚、樱桃、芒果、杨梅、油桃、李子、荔枝（早熟）。,用户参考
KB0250,5月,月份,春,蔬菜汇总,5月的蔬菜,5月的应季蔬菜共 11 种：小白菜、卷心菜、莴笋、鸡毛菜、黄瓜、番茄、蚕豆、茭白、茄子、丝瓜、苦瓜。,用户参考
KB0251,6月,月份,夏,水果,西瓜,6月的应季水果有西瓜。,用户参考
KB0252,6月,月份,夏,水果,杨梅,6月的应季水果有杨梅。,用户参考
KB0253,6月,月份,夏,水果,樱桃,6月的应季水果有樱桃。,用户参考
KB0254,6月,月份,夏,水果,荔枝,6月的应季水果有荔枝。,用户参考
KB0255,6月,月份,夏,水果,枇杷,6月的应季水果有枇杷（尾季）。,用户参考
KB0256,6月,月份,夏,水果,水蜜桃,6月的应季水果有水蜜桃。,用户参考
KB0257,6月,月份,夏,水果,哈密瓜,6月的应季水果有哈密瓜。,用户参考
KB0258,6月,月份,夏,水果,火龙果,6月的应季水果有火龙果。,用户参考
KB0259,6月,月份,夏,水果,龙眼,6月的应季水果有龙眼。,用户参考
KB0260,6月,月份,夏,水果,葡萄,6月的应季水果有葡萄（早熟）。,用户参考
KB0261,6月,月份,夏,蔬菜,黄瓜,6月的应季蔬菜有黄瓜。,用户参考
KB0262,6月,月份,夏,蔬菜,番茄,6月的应季蔬菜有番茄。,用户参考
KB0263,6月,月份,夏,蔬菜,冬瓜,6月的应季蔬菜有冬瓜。,用户参考
KB0264,6月,月份,夏,蔬菜,丝瓜,6月的应季蔬菜有丝瓜。,用户参考
KB0265,6月,月份,夏,蔬菜,茄子,6月的应季蔬菜有茄子。,用户参考
KB0266,6月,月份,夏,蔬菜,南瓜,6月的应季蔬菜有南瓜。,用户参考
KB0267,6月,月份,夏,蔬菜,卷心菜,6月的应季蔬菜有卷心菜。,用户参考
KB0268,6月,月份,夏,蔬菜,土豆,6月的应季蔬菜有土豆。,用户参考
KB0269,6月,月份,夏,蔬菜,鸡毛菜,6月的应季蔬菜有鸡毛菜。,用户参考
KB0270,6月,月份,夏,蔬菜,刀豆,6月的应季蔬菜有刀豆。,用户参考
KB0271,6月,月份,夏,蔬菜,豇豆,6月的应季蔬菜有豇豆。,用户参考
KB0272,6月,月份,夏,蔬菜,毛豆,6月的应季蔬菜有毛豆。,用户参考
KB0273,6月,月份,夏,水果汇总,6月的水果,6月的应季水果共 10 种：西瓜、杨梅、樱桃、荔枝、枇杷（尾季）、水蜜桃、哈密瓜、火龙果、龙眼、葡萄（早熟）。,用户参考
KB0274,6月,月份,夏,蔬菜汇总,6月的蔬菜,6月的应季蔬菜共 12 种：黄瓜、番茄、冬瓜、丝瓜、茄子、南瓜、卷心菜、土豆、鸡毛菜、刀豆、豇豆、毛豆。,用户参考
KB0275,7月,月份,夏,水果,西瓜,7月的应季水果有西瓜。,用户参考
KB0276,7月,月份,夏,水果,荔枝,7月的应季水果有荔枝。,用户参考
KB0277,7月,月份,夏,水果,水蜜桃,7月的应季水果有水蜜桃。,用户参考
KB0278,7月,月份,夏,水果,哈密瓜,7月的应季水果有哈密瓜。,用户参考
KB0279,7月,月份,夏,水果,榴莲,7月的应季水果有榴莲。,用户参考
KB0280,7月,月份,夏,水果,杨梅,7月的应季水果有杨梅。,用户参考
KB0281,7月,月份,夏,水果,龙眼,7月的应季水果有龙眼。,用户参考
KB0282,7月,月份,夏,水果,黄皮,7月的应季水果有黄皮。,用户参考
KB0283,7月,月份,夏,水果,葡萄,7月的应季水果有葡萄。,用户参考
KB0284,7月,月份,夏,水果,无花果,7月的应季水果有无花果。,用户参考
KB0285,7月,月份,夏,水果,百香果,7月的应季水果有百香果。,用户参考
KB0286,7月,月份,夏,蔬菜,黄瓜,7月的应季蔬菜有黄瓜。,用户参考
KB0287,7月,月份,夏,蔬菜,番茄,7月的应季蔬菜有番茄。,用户参考
KB0288,7月,月份,夏,蔬菜,冬瓜,7月的应季蔬菜有冬瓜。,用户参考
KB0289,7月,月份,夏,蔬菜,丝瓜,7月的应季蔬菜有丝瓜。,用户参考
KB0290,7月,月份,夏,蔬菜,苦瓜,7月的应季蔬菜有苦瓜。,用户参考
KB0291,7月,月份,夏,蔬菜,茄子,7月的应季蔬菜有茄子。,用户参考
KB0292,7月,月份,夏,蔬菜,豇豆,7月的应季蔬菜有豇豆。,用户参考
KB0293,7月,月份,夏,蔬菜,扁豆,7月的应季蔬菜有扁豆。,用户参考
KB0294,7月,月份,夏,蔬菜,空心菜,7月的应季蔬菜有空心菜。,用户参考
KB0295,7月,月份,夏,蔬菜,毛豆,7月的应季蔬菜有毛豆。,用户参考
KB0296,7月,月份,夏,蔬菜,辣椒,7月的应季蔬菜有辣椒。,用户参考
KB0297,7月,月份,夏,蔬菜,土豆,7月的应季蔬菜有土豆。,用户参考
KB0298,7月,月份,夏,蔬菜,卷心菜,7月的应季蔬菜有卷心菜。,用户参考
KB0299,7月,月份,夏,水果汇总,7月的水果,7月的应季水果共 11 种：西瓜、荔枝、水蜜桃、哈密瓜、榴莲、杨梅、龙眼、黄皮、葡萄、无花果、百香果。,用户参考
KB0300,7月,月份,夏,蔬菜汇总,7月的蔬菜,7月的应季蔬菜共 13 种：黄瓜、番茄、冬瓜、丝瓜、苦瓜、茄子、豇豆、扁豆、空心菜、毛豆、辣椒、土豆、卷心菜。,用户参考
KB0301,8月,月份,夏,水果,西瓜,8月的应季水果有西瓜。,用户参考
KB0302,8月,月份,夏,水果,水蜜桃,8月的应季水果有水蜜桃。,用户参考
KB0303,8月,月份,夏,水果,哈密瓜,8月的应季水果有哈密瓜。,用户参考
KB0304,8月,月份,夏,水果,榴莲,8月的应季水果有榴莲。,用户参考
KB0305,8月,月份,夏,水果,葡萄,8月的应季水果有葡萄。,用户参考
KB0306,8月,月份,夏,水果,石榴,8月的应季水果有石榴。,用户参考
KB0307,8月,月份,夏,水果,梨,8月的应季水果有梨（早熟）。,用户参考
KB0308,8月,月份,夏,水果,冬枣,8月的应季水果有冬枣。,用户参考
KB0309,8月,月份,夏,水果,龙眼,8月的应季水果有龙眼。,用户参考
KB0310,8月,月份,夏,蔬菜,冬瓜,8月的应季蔬菜有冬瓜。,用户参考
KB0311,8月,月份,夏,蔬菜,丝瓜,8月的应季蔬菜有丝瓜。,用户参考
KB0312,8月,月份,夏,蔬菜,苦瓜,8月的应季蔬菜有苦瓜。,用户参考
KB0313,8月,月份,夏,蔬菜,茄子,8月的应季蔬菜有茄子。,用户参考
KB0314,8月,月份,夏,蔬菜,豇豆,8月的应季蔬菜有豇豆。,用户参考
KB0315,8月,月份,夏,蔬菜,扁豆,8月的应季蔬菜有扁豆。,用户参考
KB0316,8月,月份,夏,蔬菜,空心菜,8月的应季蔬菜有空心菜。,用户参考
KB0317,8月,月份,夏,蔬菜,毛豆,8月的应季蔬菜有毛豆。,用户参考
KB0318,8月,月份,夏,蔬菜,辣椒,8月的应季蔬菜有辣椒。,用户参考
KB0319,8月,月份,夏,蔬菜,南瓜,8月的应季蔬菜有南瓜。,用户参考
KB0320,8月,月份,夏,蔬菜,土豆,8月的应季蔬菜有土豆。,用户参考
KB0321,8月,月份,夏,蔬菜,卷心菜,8月的应季蔬菜有卷心菜。,用户参考
KB0322,8月,月份,夏,蔬菜,青菜,8月的应季蔬菜有青菜。,用户参考
KB0323,8月,月份,夏,水果汇总,8月的水果,8月的应季水果共 9 种：西瓜、水蜜桃、哈密瓜、榴莲、葡萄、石榴、梨（早熟）、冬枣、龙眼。,用户参考
KB0324,8月,月份,夏,蔬菜汇总,8月的蔬菜,8月的应季蔬菜共 13 种：冬瓜、丝瓜、苦瓜、茄子、豇豆、扁豆、空心菜、毛豆、辣椒、南瓜、土豆、卷心菜、青菜。,用户参考
KB0325,9月,月份,秋,水果,葡萄,9月的应季水果有葡萄。,用户参考
KB0326,9月,月份,秋,水果,石榴,9月的应季水果有石榴。,用户参考
KB0327,9月,月份,秋,水果,梨,9月的应季水果有梨。,用户参考
KB0328,9月,月份,秋,水果,哈密瓜,9月的应季水果有哈密瓜。,用户参考
KB0329,9月,月份,秋,水果,柚子,9月的应季水果有柚子。,用户参考
KB0330,9月,月份,秋,水果,柿子,9月的应季水果有柿子。,用户参考
KB0331,9月,月份,秋,水果,山楂,9月的应季水果有山楂。,用户参考
KB0332,9月,月份,秋,水果,冬枣,9月的应季水果有冬枣。,用户参考
KB0333,9月,月份,秋,蔬菜,冬瓜,9月的应季蔬菜有冬瓜。,用户参考
KB0334,9月,月份,秋,蔬菜,丝瓜,9月的应季蔬菜有丝瓜。,用户参考
KB0335,9月,月份,秋,蔬菜,毛豆,9月的应季蔬菜有毛豆。,用户参考
KB0336,9月,月份,秋,蔬菜,豇豆,9月的应季蔬菜有豇豆。,用户参考
KB0337,9月,月份,秋,蔬菜,茄子,9月的应季蔬菜有茄子。,用户参考
KB0338,9月,月份,秋,蔬菜,辣椒,9月的应季蔬菜有辣椒。,用户参考
KB0339,9月,月份,秋,蔬菜,芋头,9月的应季蔬菜有芋头。,用户参考
KB0340,9月,月份,秋,蔬菜,茭白,9月的应季蔬菜有茭白。,用户参考
KB0341,9月,月份,秋,蔬菜,莲藕,9月的应季蔬菜有莲藕。,用户参考
KB0342,9月,月份,秋,蔬菜,山药,9月的应季蔬菜有山药。,用户参考
KB0343,9月,月份,秋,蔬菜,秋葵,9月的应季蔬菜有秋葵。,用户参考
KB0344,9月,月份,秋,蔬菜,白萝卜,9月的应季蔬菜有白萝卜。,用户参考
KB0345,9月,月份,秋,蔬菜,大白菜,9月的应季蔬菜有大白菜。,用户参考
KB0346,9月,月份,秋,蔬菜,卷心菜,9月的应季蔬菜有卷心菜。,用户参考
KB0347,9月,月份,秋,水果汇总,9月的水果,9月的应季水果共 8 种：葡萄、石榴、梨、哈密瓜、柚子、柿子、山楂、冬枣。,用户参考
KB0348,9月,月份,秋,蔬菜汇总,9月的蔬菜,9月的应季蔬菜共 14 种：冬瓜、丝瓜、毛豆、豇豆、茄子、辣椒、芋头、茭白、莲藕、山药、秋葵、白萝卜、大白菜、卷心菜。,用户参考
KB0349,10月,月份,秋,水果,苹果,10月的应季水果有苹果。,用户参考
KB0350,10月,月份,秋,水果,梨,10月的应季水果有梨。,用户参考
KB0351,10月,月份,秋,水果,石榴,10月的应季水果有石榴。,用户参考
KB0352,10月,月份,秋,水果,柿子,10月的应季水果有柿子。,用户参考
KB0353,10月,月份,秋,水果,葡萄,10月的应季水果有葡萄（晚熟）。,用户参考
KB0354,10月,月份,秋,水果,猕猴桃,10月的应季水果有猕猴桃。,用户参考
KB0355,10月,月份,秋,水果,柑橘,10月的应季水果有柑橘。,用户参考
KB0356,10月,月份,秋,水果,橙子,10月的应季水果有橙子。,用户参考
KB0357,10月,月份,秋,水果,甘蔗,10月的应季水果有甘蔗。,用户参考
KB0358,10月,月份,秋,水果,冬枣,10月的应季水果有冬枣（尾季）。,用户参考
KB0359,10月,月份,秋,蔬菜,大白菜,10月的应季蔬菜有大白菜。,用户参考
KB0360,10月,月份,秋,蔬菜,白萝卜,10月的应季蔬菜有白萝卜。,用户参考
KB0361,10月,月份,秋,蔬菜,芋头,10月的应季蔬菜有芋头。,用户参考
KB0362,10月,月份,秋,蔬菜,茭白,10月的应季蔬菜有茭白。,用户参考
KB0363,10月,月份,秋,蔬菜,莲藕,10月的应季蔬菜有莲藕。,用户参考
KB0364,10月,月份,秋,蔬菜,山药,10月的应季蔬菜有山药。,用户参考
KB0365,10月,月份,秋,蔬菜,花菜,10月的应季蔬菜有花菜。,用户参考
KB0366,10月,月份,秋,蔬菜,西兰花,10月的应季蔬菜有西兰花。,用户参考
KB0367,10月,月份,秋,蔬菜,生菜,10月的应季蔬菜有生菜。,用户参考
KB0368,10月,月份,秋,蔬菜,菠菜,10月的应季蔬菜有菠菜。,用户参考
KB0369,10月,月份,秋,蔬菜,芹菜,10月的应季蔬菜有芹菜。,用户参考
KB0370,10月,月份,秋,蔬菜,卷心菜,10月的应季蔬菜有卷心菜。,用户参考
KB0371,10月,月份,秋,蔬菜,茼蒿,10月的应季蔬菜有茼蒿。,用户参考
KB0372,10月,月份,秋,水果汇总,10月的水果,10月的应季水果共 10 种：苹果、梨、石榴、柿子、葡萄（晚熟）、猕猴桃、柑橘、橙子、甘蔗、冬枣（尾季）。,用户参考
KB0373,10月,月份,秋,蔬菜汇总,10月的蔬菜,10月的应季蔬菜共 13 种：大白菜、白萝卜、芋头、茭白、莲藕、山药、花菜、西兰花、生菜、菠菜、芹菜、卷心菜、茼蒿。,用户参考
KB0374,11月,月份,秋,水果,苹果,11月的应季水果有苹果。,用户参考
KB0375,11月,月份,秋,水果,梨,11月的应季水果有梨。,用户参考
KB0376,11月,月份,秋,水果,柚子,11月的应季水果有柚子。,用户参考
KB0377,11月,月份,秋,水果,柿子,11月的应季水果有柿子。,用户参考
KB0378,11月,月份,秋,水果,山楂,11月的应季水果有山楂。,用户参考
KB0379,11月,月份,秋,水果,猕猴桃,11月的应季水果有猕猴桃。,用户参考
KB0380,11月,月份,秋,水果,甘蔗,11月的应季水果有甘蔗。,用户参考
KB0381,11月,月份,秋,水果,脐橙,11月的应季水果有脐橙。,用户参考
KB0382,11月,月份,秋,水果,皇帝柑,11月的应季水果有皇帝柑。,用户参考
KB0383,11月,月份,秋,水果,草莓,11月的应季水果有草莓（大棚初上市）。,用户参考
KB0384,11月,月份,秋,水果,荸荠,11月的应季水果有荸荠。,用户参考
KB0385,11月,月份,秋,蔬菜,大白菜,11月的应季蔬菜有大白菜。,用户参考
KB0386,11月,月份,秋,蔬菜,白萝卜,11月的应季蔬菜有白萝卜。,用户参考
KB0387,11月,月份,秋,蔬菜,莴笋,11月的应季蔬菜有莴笋。,用户参考
KB0388,11月,月份,秋,蔬菜,花菜,11月的应季蔬菜有花菜。,用户参考
KB0389,11月,月份,秋,蔬菜,西兰花,11月的应季蔬菜有西兰花。,用户参考
KB0390,11月,月份,秋,蔬菜,荠菜,11月的应季蔬菜有荠菜。,用户参考
KB0391,11月,月份,秋,蔬菜,草头,11月的应季蔬菜有草头。,用户参考
KB0392,11月,月份,秋,蔬菜,生菜,11月的应季蔬菜有生菜。,用户参考
KB0393,11月,月份,秋,蔬菜,茨菇,11月的应季蔬菜有茨菇。,用户参考
KB0394,11月,月份,秋,蔬菜,青蒜,11月的应季蔬菜有青蒜。,用户参考
KB0395,11月,月份,秋,蔬菜,菠菜,11月的应季蔬菜有菠菜。,用户参考
KB0396,11月,月份,秋,蔬菜,芹菜,11月的应季蔬菜有芹菜。,用户参考
KB0397,11月,月份,秋,蔬菜,卷心菜,11月的应季蔬菜有卷心菜。,用户参考
KB0398,11月,月份,秋,水果汇总,11月的水果,11月的应季水果共 11 种：苹果、梨、柚子、柿子、山楂、猕猴桃、甘蔗、脐橙、皇帝柑、草莓（大棚初上市）、荸荠。,用户参考
KB0399,11月,月份,秋,蔬菜汇总,11月的蔬菜,11月的应季蔬菜共 13 种：大白菜、白萝卜、莴笋、花菜、西兰花、荠菜、草头、生菜、茨菇、青蒜、菠菜、芹菜、卷心菜。,用户参考
KB0400,12月,月份,冬,水果,砂糖橘,12月的应季水果有砂糖橘。,用户参考
KB0401,12月,月份,冬,水果,沃柑,12月的应季水果有沃柑。,用户参考
KB0402,12月,月份,冬,水果,赣南脐橙,12月的应季水果有赣南脐橙。,用户参考
KB0403,12月,月份,冬,水果,猕猴桃,12月的应季水果有猕猴桃。,用户参考
KB0404,12月,月份,冬,水果,山楂,12月的应季水果有山楂。,用户参考
KB0405,12月,月份,冬,水果,甘蔗,12月的应季水果有甘蔗。,用户参考
KB0406,12月,月份,冬,水果,草莓,12月的应季水果有草莓（大棚）。,用户参考
KB0407,12月,月份,冬,水果,车厘子,12月的应季水果有车厘子（进口）。,用户参考
KB0408,12月,月份,冬,水果,金桔,12月的应季水果有金桔。,用户参考
KB0409,12月,月份,冬,水果,释迦,12月的应季水果有释迦。,用户参考
KB0410,12月,月份,冬,蔬菜,大白菜,12月的应季蔬菜有大白菜。,用户参考
KB0411,12月,月份,冬,蔬菜,白萝卜,12月的应季蔬菜有白萝卜。,用户参考
KB0412,12月,月份,冬,蔬菜,塌菜,12月的应季蔬菜有塌菜。,用户参考
KB0413,12月,月份,冬,蔬菜,荠菜,12月的应季蔬菜有荠菜。,用户参考
KB0414,12月,月份,冬,蔬菜,茨菇,12月的应季蔬菜有茨菇。,用户参考
KB0415,12月,月份,冬,蔬菜,花菜,12月的应季蔬菜有花菜。,用户参考
KB0416,12月,月份,冬,蔬菜,菠菜,12月的应季蔬菜有菠菜。,用户参考
KB0417,12月,月份,冬,蔬菜,芹菜,12月的应季蔬菜有芹菜。,用户参考
KB0418,12月,月份,冬,蔬菜,卷心菜,12月的应季蔬菜有卷心菜。,用户参考
KB0419,12月,月份,冬,蔬菜,香菇,12月的应季蔬菜有香菇。,用户参考
KB0420,12月,月份,冬,蔬菜,胡萝卜,12月的应季蔬菜有胡萝卜。,用户参考
KB0421,12月,月份,冬,水果汇总,12月的水果,12月的应季水果共 10 种：砂糖橘、沃柑、赣南脐橙、猕猴桃、山楂、甘蔗、草莓（大棚）、车厘子（进口）、金桔、释迦。,用户参考
KB0422,12月,月份,冬,蔬菜汇总,12月的蔬菜,12月的应季蔬菜共 11 种：大白菜、白萝卜、塌菜、荠菜、茨菇、花菜、菠菜、芹菜、卷心菜、香菇、胡萝卜。,用户参考
KB0423,立春,节气,春,食材,洋葱,立春（2月3-5日）宜吃洋葱，春季抗敏感的健康好食材。,用户参考
KB0424,立春,节气,春,食材,芹菜,立春（2月3-5日）宜吃芹菜，盐巴减量的天然佐料菜。,用户参考
KB0425,立春,节气,春,食材,樱桃,立春（2月3-5日）宜吃樱桃，属于春天的粉红色气息。,用户参考
KB0426,立春,节气,春,食材,草莓,立春（2月3-5日）宜吃草莓，红通通的女孩儿养颜圣品。,用户参考
KB0427,立春,节气,春,菜品,春卷,立春（2月3-5日）的食俗是吃春卷。,用户参考
KB0428,立春,节气,春,食材汇总,立春的食材,立春（2月3-5日）的应季食材共 4 种：洋葱、芹菜、樱桃、草莓。万物蠢动,用户参考
KB0429,立春,节气,春,菜品汇总,立春的菜品,立春（2月3-5日）的食俗：立春吃春卷。,用户参考
KB0430,雨水,节气,春,食材,红枣,雨水（2月18-20日）宜吃红枣，血气红润脸上拂春风。,用户参考
KB0431,雨水,节气,春,食材,燕麦,雨水（2月18-20日）宜吃燕麦，降低胆固醇的减重主食。,用户参考
KB0432,雨水,节气,春,食材,韭菜,雨水（2月18-20日）宜吃韭菜，补气壮阳不怕春「困」扰。,用户参考
KB0433,雨水,节气,春,食材,豆豉,雨水（2月18-20日）宜吃豆豉，家常特色菜肴的最佳配角。,用户参考
KB0434,雨水,节气,春,菜品,龙须饼,雨水（2月18-20日）的食俗是吃龙须饼。,用户参考
KB0435,雨水,节气,春,食材汇总,雨水的食材,雨水（2月18-20日）的应季食材共 4 种：红枣、燕麦、韭菜、豆豉。春雨绵绵,用户参考
KB0436,雨水,节气,春,菜品汇总,雨水的菜品,雨水（2月18-20日）的食俗：雨水吃龙须饼。,用户参考
KB0437,惊蛰,节气,春,食材,胡萝卜,惊蛰（3月5-7日）宜吃胡萝卜，打造明亮的双眸招蜂引蝶。,用户参考
KB0438,惊蛰,节气,春,食材,菜花,惊蛰（3月5-7日）宜吃菜花，通便宽肠的免疫力好帮手。,用户参考
KB0439,惊蛰,节气,春,食材,小白菜,惊蛰（3月5-7日）宜吃小白菜，深绿色蔬菜是养肝救星。,用户参考
KB0440,惊蛰,节气,春,食材,开心果,惊蛰（3月5-7日）宜吃开心果，喜上眉梢免惊春雷隆隆响。,用户参考
KB0441,惊蛰,节气,春,菜品,驴打滚,惊蛰（3月5-7日）的食俗是吃驴打滚。,用户参考
KB0442,惊蛰,节气,春,食材汇总,惊蛰的食材,惊蛰（3月5-7日）的应季食材共 4 种：胡萝卜、菜花、小白菜、开心果。初雷乍响,用户参考
KB0443,惊蛰,节气,春,菜品汇总,惊蛰的菜品,惊蛰（3月5-7日）的食俗：惊蛰吃驴打滚。,用户参考
KB0444,春分,节气,春,食材,菠菜,春分（3月20-22日）宜吃菠菜，大力水手的超级能量罐头。,用户参考
KB0445,春分,节气,春,食材,荠菜,春分（3月20-22日）宜吃荠菜，越嚼越顺口的护生野草。,用户参考
KB0446,春分,节气,春,食材,豌豆,春分（3月20-22日）宜吃豌豆，咬一口春天的鲜嫩感。,用户参考
KB0447,春分,节气,春,食材,蚕豆,春分（3月20-22日）宜吃蚕豆，健脑补钙聪明一整年。,用户参考
KB0448,春分,节气,春,菜品,春菜,春分（3月20-22日）的食俗是吃春菜。,用户参考
KB0449,春分,节气,春,食材汇总,春分的食材,春分（3月20-22日）的应季食材共 4 种：菠菜、荠菜、豌豆、蚕豆。昼夜对分,用户参考
KB0450,春分,节气,春,菜品汇总,春分的菜品,春分（3月20-22日）的食俗：春分吃春菜。,用户参考
KB0451,清明,节气,春,食材,小米,清明（4月4-6日）宜吃小米，为迎接春神煮上一锅粥。,用户参考
KB0452,清明,节气,春,食材,香蕉,清明（4月4-6日）宜吃香蕉，许你快乐情绪雨季不忧郁。,用户参考
KB0453,清明,节气,春,食材,菊花,清明（4月4-6日）宜吃菊花，清肝明目养生菊花香。,用户参考
KB0454,清明,节气,春,食材,蒜薹,清明（4月4-6日）宜吃蒜薹，自然赠予的天然抗生素。,用户参考
KB0455,清明,节气,春,菜品,青团,清明（4月4-6日）的食俗是吃青团。,用户参考
KB0456,清明,节气,春,食材汇总,清明的食材,清明（4月4-6日）的应季食材共 4 种：小米、香蕉、菊花、蒜薹。草木萌生,用户参考
KB0457,清明,节气,春,菜品汇总,清明的菜品,清明（4月4-6日）的食俗：清明吃青团。,用户参考
KB0458,谷雨,节气,春,食材,香椿,谷雨（4月19-21日）宜吃香椿，香气浓郁的树上新芽菜。,用户参考
KB0459,谷雨,节气,春,食材,番茄,谷雨（4月19-21日）宜吃番茄，保护强心脏的爱情果实。,用户参考
KB0460,谷雨,节气,春,食材,竹笋,谷雨（4月19-21日）宜吃竹笋，娇嫩欲滴的雨后春笋。,用户参考
KB0461,谷雨,节气,春,食材,小麦,谷雨（4月19-21日）宜吃小麦，麦穗在阳光下金光闪闪。,用户参考
KB0462,谷雨,节气,春,菜品,香椿,谷雨（4月19-21日）的食俗是采茶食香椿。,用户参考
KB0463,谷雨,节气,春,食材汇总,谷雨的食材,谷雨（4月19-21日）的应季食材共 4 种：香椿、番茄、竹笋、小麦。雨养百谷,用户参考
KB0464,谷雨,节气,春,菜品汇总,谷雨的菜品,谷雨（4月19-21日）的食俗：谷雨采茶食香椿。,用户参考
KB0465,立夏,节气,夏,食材,莴笋,立夏（5月5-7日）宜吃莴笋，解油腻的清爽沙拉拍档。,用户参考
KB0466,立夏,节气,夏,食材,薏米,立夏（5月5-7日）宜吃薏米，盛夏时光和水肿说拜拜。,用户参考
KB0467,立夏,节气,夏,食材,椰子,立夏（5月5-7日）宜吃椰子，国境之南的解暑饮品。,用户参考
KB0468,立夏,节气,夏,食材,空心菜,立夏（5月5-7日）宜吃空心菜，降火气的食物中毒克星。,用户参考
KB0469,立夏,节气,夏,菜品,鸭蛋,立夏（5月5-7日）的食俗是吃鸭蛋。,用户参考
KB0470,立夏,节气,夏,食材汇总,立夏的食材,立夏（5月5-7日）的应季食材共 4 种：莴笋、薏米、椰子、空心菜。夏夜渐暖,用户参考
KB0471,立夏,节气,夏,菜品汇总,立夏的菜品,立夏（5月5-7日）的食俗：立夏吃鸭蛋。,用户参考
KB0472,小满,节气,夏,食材,苋菜,小满（5月20-22日）宜吃苋菜，高铁高钙的长寿叶菜。,用户参考
KB0473,小满,节气,夏,食材,青椒,小满（5月20-22日）宜吃青椒，小灯笼加速脂肪的燃烧。,用户参考
KB0474,小满,节气,夏,食材,桑葚,小满（5月20-22日）宜吃桑葚，恣意享受田园好风情。,用户参考
KB0475,小满,节气,夏,食材,绿豆,小满（5月20-22日）宜吃绿豆，夏日消暑的必备第一品。,用户参考
KB0476,小满,节气,夏,菜品,苦菜,小满（5月20-22日）的食俗是吃苦菜。,用户参考
KB0477,小满,节气,夏,食材汇总,小满的食材,小满（5月20-22日）的应季食材共 4 种：苋菜、青椒、桑葚、绿豆。谷粒饱满,用户参考
KB0478,小满,节气,夏,菜品汇总,小满的菜品,小满（5月20-22日）的食俗：小满吃苦菜。,用户参考
KB0479,芒种,节气,夏,食材,玉米,芒种（6月5-7日）宜吃玉米，纤维丰富的肠道保健王。,用户参考
KB0480,芒种,节气,夏,食材,黄瓜,芒种（6月5-7日）宜吃黄瓜，料理不败的凉拌常备菜。,用户参考
KB0481,芒种,节气,夏,食材,豇豆,芒种（6月5-7日）宜吃豇豆，开胃爽脆的夏季营养豆儿。,用户参考
KB0482,芒种,节气,夏,食材,高粱,芒种（6月5-7日）宜吃高粱，热天品酩之一杯微微醺。,用户参考
KB0483,芒种,节气,夏,食材,乌梅,芒种（6月5-7日）宜吃乌梅，生津止渴的酸味佳果。,用户参考
KB0484,芒种,节气,夏,菜品,梅子,芒种（6月5-7日）的食俗是吃梅子。,用户参考
KB0485,芒种,节气,夏,食材汇总,芒种的食材,芒种（6月5-7日）的应季食材共 5 种：玉米、黄瓜、豇豆、高粱、乌梅。结实成穗,用户参考
KB0486,芒种,节气,夏,菜品汇总,芒种的菜品,芒种（6月5-7日）的食俗：芒种吃梅子。,用户参考
KB0487,夏至,节气,夏,食材,冬瓜,夏至（6月21-22日）宜吃冬瓜，名不副实的仲夏夜瓜瓜。,用户参考
KB0488,夏至,节气,夏,食材,莲子,夏至（6月21-22日）宜吃莲子，脑力工作者的补脑灵丹。,用户参考
KB0489,夏至,节气,夏,食材,芒果,夏至（6月21-22日）宜吃芒果，艳阳下的甜滋滋红宝石。,用户参考
KB0490,夏至,节气,夏,食材,菠萝,夏至（6月21-22日）宜吃菠萝，热带水果王好运旺旺来。,用户参考
KB0491,夏至,节气,夏,食材,榴莲,夏至（6月21-22日）宜吃榴莲，黯然销魂的独特难忘气味。,用户参考
KB0492,夏至,节气,夏,菜品,面,夏至（6月21-22日）的食俗是吃面。,用户参考
KB0493,夏至,节气,夏,食材汇总,夏至的食材,夏至（6月21-22日）的应季食材共 5 种：冬瓜、莲子、芒果、菠萝、榴莲。晕晕沉沉,用户参考
KB0494,夏至,节气,夏,菜品汇总,夏至的菜品,夏至（6月21-22日）的食俗：夏至吃面。,用户参考
KB0495,小暑,节气,夏,食材,南瓜,小暑（7月6-8日）宜吃南瓜，饱含营养素的绵密果肉。,用户参考
KB0496,小暑,节气,夏,食材,丝瓜,小暑（7月6-8日）宜吃丝瓜，棚架下垂吊的成长日记。,用户参考
KB0497,小暑,节气,夏,食材,黄花菜,小暑（7月6-8日）宜吃黄花菜，从生鲜到干燥都好好食。,用户参考
KB0498,小暑,节气,夏,食材,桃子,小暑（7月6-8日）宜吃桃子，猴屁股一般的形状很讨喜。,用户参考
KB0499,小暑,节气,夏,食材,鳝鱼,小暑（7月6-8日）宜吃鳝鱼，夏季吃鳝鱼胜过补人参。,用户参考
KB0500,小暑,节气,夏,菜品,新米,小暑（7月6-8日）的食俗是食新米。,用户参考
KB0501,小暑,节气,夏,食材汇总,小暑的食材,小暑（7月6-8日）的应季食材共 5 种：南瓜、丝瓜、黄花菜、桃子、鳝鱼。暑气逼人,用户参考
KB0502,小暑,节气,夏,菜品汇总,小暑的菜品,小暑（7月6-8日）的食俗：小暑食新米。,用户参考
KB0503,大暑,节气,夏,食材,苦瓜,大暑（7月22-24日）宜吃苦瓜，吃苦吃补的降血糖蔬食。,用户参考
KB0504,大暑,节气,夏,食材,荔枝,大暑（7月22-24日）宜吃荔枝，妃子也疯狂的炎夏珍珠。,用户参考
KB0505,大暑,节气,夏,食材,西瓜,大暑（7月22-24日）宜吃西瓜，无它不夏天的解暑良品。,用户参考
KB0506,大暑,节气,夏,食材,鸭肉,大暑（7月22-24日）宜吃鸭肉，肥美多汁的优质蛋白质。,用户参考
KB0507,大暑,节气,夏,菜品,仙草,大暑（7月22-24日）的食俗是吃仙草。,用户参考
KB0508,大暑,节气,夏,食材汇总,大暑的食材,大暑（7月22-24日）的应季食材共 4 种：苦瓜、荔枝、西瓜、鸭肉。酷热高峰,用户参考
KB0509,大暑,节气,夏,菜品汇总,大暑的菜品,大暑（7月22-24日）的食俗：大暑吃仙草。,用户参考
KB0510,立秋,节气,秋,食材,茄子,立秋（8月7-9日）宜吃茄子，秋季食疗养生第一蔬。,用户参考
KB0511,立秋,节气,秋,食材,红薯,立秋（8月7-9日）宜吃红薯，落叶土窑体验童年回忆。,用户参考
KB0512,立秋,节气,秋,食材,梨,立秋（8月7-9日）宜吃梨，止咳化痰的润肺矿泉水。,用户参考
KB0513,立秋,节气,秋,食材,柠檬,立秋（8月7-9日）宜吃柠檬，酸香清爽的坏血病克星。,用户参考
KB0514,立秋,节气,秋,食材,哈密瓜,立秋（8月7-9日）宜吃哈密瓜，秋天限定的当家甜瓜。,用户参考
KB0515,立秋,节气,秋,菜品,西瓜,立秋（8月7-9日）的食俗是啃西瓜。,用户参考
KB0516,立秋,节气,秋,食材汇总,立秋的食材,立秋（8月7-9日）的应季食材共 5 种：茄子、红薯、梨、柠檬、哈密瓜。暖凉之交,用户参考
KB0517,立秋,节气,秋,菜品汇总,立秋的菜品,立秋（8月7-9日）的食俗：立秋啃西瓜。,用户参考
KB0518,处暑,节气,秋,食材,牛奶,处暑（8月22-24日）宜吃牛奶，温温一杯暖胃顾睡眠。,用户参考
KB0519,处暑,节气,秋,食材,甘蔗,处暑（8月22-24日）宜吃甘蔗，齿颊留香的铁质仓库。,用户参考
KB0520,处暑,节气,秋,食材,龙眼,处暑（8月22-24日）宜吃龙眼，补血降虚火还你好血气。,用户参考
KB0521,处暑,节气,秋,食材,银耳,处暑（8月22-24日）宜吃银耳，延年益寿的长生不老药。,用户参考
KB0522,处暑,节气,秋,菜品,鸭子,处暑（8月22-24日）的食俗是吃鸭子。,用户参考
KB0523,处暑,节气,秋,食材汇总,处暑的食材,处暑（8月22-24日）的应季食材共 4 种：牛奶、甘蔗、龙眼、银耳。热气终止,用户参考
KB0524,处暑,节气,秋,菜品汇总,处暑的菜品,处暑（8月22-24日）的食俗：处暑吃鸭子。,用户参考
KB0525,白露,节气,秋,食材,大米,白露（9月7-9日）宜吃大米，五谷丰登之收获好时节。,用户参考
KB0526,白露,节气,秋,食材,木瓜,白露（9月7-9日）宜吃木瓜，养颜丰胸的百搭水果。,用户参考
KB0527,白露,节气,秋,食材,葡萄,白露（9月7-9日）宜吃葡萄，皇家后院种的万能灵药。,用户参考
KB0528,白露,节气,秋,食材,柚子,白露（9月7-9日）宜吃柚子，中秋节烤肉的抗癌好物。,用户参考
KB0529,白露,节气,秋,菜品,米酒,白露（9月7-9日）的食俗是饮米酒。,用户参考
KB0530,白露,节气,秋,食材汇总,白露的食材,白露（9月7-9日）的应季食材共 4 种：大米、木瓜、葡萄、柚子。露珠凝结,用户参考
KB0531,白露,节气,秋,菜品汇总,白露的菜品,白露（9月7-9日）的食俗：白露饮米酒。,用户参考
KB0532,秋分,节气,秋,食材,芋头,秋分（9月22-24日）宜吃芋头，入口即化的优良淀粉。,用户参考
KB0533,秋分,节气,秋,食材,山药,秋分（9月22-24日）宜吃山药，改善秋燥的补益中药材。,用户参考
KB0534,秋分,节气,秋,食材,莲藕,秋分（9月22-24日）宜吃莲藕，药食同源一身都是宝。,用户参考
KB0535,秋分,节气,秋,食材,香菇,秋分（9月22-24日）宜吃香菇，养生风潮下的热门话题。,用户参考
KB0536,秋分,节气,秋,食材,芝麻,秋分（9月22-24日）宜吃芝麻，银发族的保健处方。,用户参考
KB0537,秋分,节气,秋,菜品,芋饼,秋分（9月22-24日）的食俗是吃芋饼。,用户参考
KB0538,秋分,节气,秋,食材汇总,秋分的食材,秋分（9月22-24日）的应季食材共 5 种：芋头、山药、莲藕、香菇、芝麻。步入深秋,用户参考
KB0539,秋分,节气,秋,菜品汇总,秋分的菜品,秋分（9月22-24日）的食俗：秋分吃芋饼。,用户参考
KB0540,寒露,节气,秋,食材,杏仁,寒露（10月8-9日）宜吃杏仁，白色系食材为养肺首选。,用户参考
KB0541,寒露,节气,秋,食材,猕猴桃,寒露（10月8-9日）宜吃猕猴桃，秋愁浓浓的微酸小清新。,用户参考
KB0542,寒露,节气,秋,食材,覆盆子,寒露（10月8-9日）宜吃覆盆子，壮阳滋阴的男女瑰宝。,用户参考
KB0543,寒露,节气,秋,食材,秀珍菇,寒露（10月8-9日）宜吃秀珍菇，秋日快烹的下饭好菇到。,用户参考
KB0544,寒露,节气,秋,食材,草虾,寒露（10月8-9日）宜吃草虾，当季最鲜美疗愈大海味。,用户参考
KB0545,寒露,节气,秋,菜品,芝麻,寒露（10月8-9日）的食俗是吃芝麻。,用户参考
KB0546,寒露,节气,秋,食材汇总,寒露的食材,寒露（10月8-9日）的应季食材共 5 种：杏仁、猕猴桃、覆盆子、秀珍菇、草虾。寒意沁心,用户参考
KB0547,寒露,节气,秋,菜品汇总,寒露的菜品,寒露（10月8-9日）的食俗：寒露吃芝麻。,用户参考
KB0548,霜降,节气,秋,食材,柿子,霜降（10月23-24日）宜吃柿子，晒足日光浴的润肺秋礼。,用户参考
KB0549,霜降,节气,秋,食材,苹果,霜降（10月23-24日）宜吃苹果，让医生远离的伊甸园果实。,用户参考
KB0550,霜降,节气,秋,食材,黄豆,霜降（10月23-24日）宜吃黄豆，皮肤干燥的水当当法宝。,用户参考
KB0551,霜降,节气,秋,食材,蜂蜜,霜降（10月23-24日）宜吃蜂蜜，深秋的味道蜜蜂最知道。,用户参考
KB0552,霜降,节气,秋,食材,百合,霜降（10月23-24日）宜吃百合，宽心安神的食疗系花卉。,用户参考
KB0553,霜降,节气,秋,菜品,柿子,霜降（10月23-24日）的食俗是吃柿子。,用户参考
KB0554,霜降,节气,秋,食材汇总,霜降的食材,霜降（10月23-24日）的应季食材共 5 种：柿子、苹果、黄豆、蜂蜜、百合。雾气结霜,用户参考
KB0555,霜降,节气,秋,菜品汇总,霜降的菜品,霜降（10月23-24日）的食俗：霜降吃柿子。,用户参考
KB0556,立冬,节气,冬,食材,紫米,立冬（11月7-8日）宜吃紫米，温粥进补强身不畏寒。,用户参考
KB0557,立冬,节气,冬,食材,海参,立冬（11月7-8日）宜吃海参，海中珍品抵御寒冷来袭。,用户参考
KB0558,立冬,节气,冬,食材,栗子,立冬（11月7-8日）宜吃栗子，路边摊弥漫的爆炒焦香味。,用户参考
KB0559,立冬,节气,冬,食材,松子,立冬（11月7-8日）宜吃松子，不饱和脂肪酸代谢脑废物。,用户参考
KB0560,立冬,节气,冬,菜品,鸡汤,立冬（11月7-8日）的食俗是喝鸡汤。,用户参考
KB0561,立冬,节气,冬,食材汇总,立冬的食材,立冬（11月7-8日）的应季食材共 4 种：紫米、海参、栗子、松子。收割贮藏,用户参考
KB0562,立冬,节气,冬,菜品汇总,立冬的菜品,立冬（11月7-8日）的食俗：立冬喝鸡汤。,用户参考
KB0563,小雪,节气,冬,食材,芥菜,小雪（11月22-23日）宜吃芥菜，将岁末的福气腌起来保存。,用户参考
KB0564,小雪,节气,冬,食材,荸荠,小雪（11月22-23日）宜吃荸荠，蔬菜水果傻傻分不清楚。,用户参考
KB0565,小雪,节气,冬,食材,木耳,小雪（11月22-23日）宜吃木耳，打通血液堵塞的清道夫。,用户参考
KB0566,小雪,节气,冬,食材,核桃,小雪（11月22-23日）宜吃核桃，增加记忆力的护脑长寿果。,用户参考
KB0567,小雪,节气,冬,菜品,腊肉,小雪（11月22-23日）的食俗是吃腊肉。,用户参考
KB0568,小雪,节气,冬,食材汇总,小雪的食材,小雪（11月22-23日）的应季食材共 4 种：芥菜、荸荠、木耳、核桃。阴冷晦暗,用户参考
KB0569,小雪,节气,冬,菜品汇总,小雪的菜品,小雪（11月22-23日）的食俗：小雪吃腊肉。,用户参考
KB0570,大雪,节气,冬,食材,白萝卜,大雪（12月6-8日）宜吃白萝卜，平民老百姓的养气人参。,用户参考
KB0571,大雪,节气,冬,食材,橄榄,大雪（12月6-8日）宜吃橄榄，轻轻品嚼苦涩也变得清甜。,用户参考
KB0572,大雪,节气,冬,食材,橘子,大雪（12月6-8日）宜吃橘子，烤过入口增添几分暖意。,用户参考
KB0573,大雪,节气,冬,食材,牛肉,大雪（12月6-8日）宜吃牛肉，暖胃补益提高机体抗病力。,用户参考
KB0574,大雪,节气,冬,菜品,粥,大雪（12月6-8日）的食俗是喝粥。,用户参考
KB0575,大雪,节气,冬,食材汇总,大雪的食材,大雪（12月6-8日）的应季食材共 4 种：白萝卜、橄榄、橘子、牛肉。冷若雪团,用户参考
KB0576,大雪,节气,冬,菜品汇总,大雪的菜品,大雪（12月6-8日）的食俗：大雪喝粥。,用户参考
KB0577,冬至,节气,冬,食材,黑米,冬至（12月21-23日）宜吃黑米，暖呼呼的黑色补肾米。,用户参考
KB0578,冬至,节气,冬,食材,茼蒿,冬至（12月21-23日）宜吃茼蒿，迷魂香气征服各式火锅。,用户参考
KB0579,冬至,节气,冬,食材,大白菜,冬至（12月21-23日）宜吃大白菜，围炉煲汤的翠玉佳蔬。,用户参考
KB0580,冬至,节气,冬,食材,橙子,冬至（12月21-23日）宜吃橙子，黄澄澄的佳果老少咸宜。,用户参考
KB0581,冬至,节气,冬,菜品,饺子,冬至（12月21-23日）的食俗是吃饺子。,用户参考
KB0582,冬至,节气,冬,食材汇总,冬至的食材,冬至（12月21-23日）的应季食材共 4 种：黑米、茼蒿、大白菜、橙子。阴阳交替,用户参考
KB0583,冬至,节气,冬,菜品汇总,冬至的菜品,冬至（12月21-23日）的食俗：冬至吃饺子。,用户参考
KB0584,小寒,节气,冬,食材,葵花籽,小寒（1月5-7日）宜吃葵花籽，多多吃防止手脚皮肤干裂。,用户参考
KB0585,小寒,节气,冬,食材,黑豆,小寒（1月5-7日）宜吃黑豆，冬季刮起的黑色养生旋风。,用户参考
KB0586,小寒,节气,冬,食材,鲫鱼,小寒（1月5-7日）宜吃鲫鱼，清蒸或炖汤的补益鲜鱼。,用户参考
KB0587,小寒,节气,冬,食材,羊肉,小寒（1月5-7日）宜吃羊肉，眩晕冬季的贫血补充剂。,用户参考
KB0588,小寒,节气,冬,菜品,腊八粥,小寒（1月5-7日）的食俗是喝腊八粥。,用户参考
KB0589,小寒,节气,冬,食材汇总,小寒的食材,小寒（1月5-7日）的应季食材共 4 种：葵花籽、黑豆、鲫鱼、羊肉。寒邪入侵,用户参考
KB0590,小寒,节气,冬,菜品汇总,小寒的菜品,小寒（1月5-7日）的食俗：小寒喝腊八粥。,用户参考
KB0591,大寒,节气,冬,食材,葱,大寒（1月20-21日）宜吃葱，杀灭人体坏菌驱散寒气。,用户参考
KB0592,大寒,节气,冬,食材,四季豆,大寒（1月20-21日）宜吃四季豆，老饕私藏菜俘虏你味蕾。,用户参考
KB0593,大寒,节气,冬,食材,土豆,大寒（1月20-21日）宜吃土豆，诸神的营养冬之礼。,用户参考
KB0594,大寒,节气,冬,食材,红豆,大寒（1月20-21日）宜吃红豆，寄托食欲之冬的相思。,用户参考
KB0595,大寒,节气,冬,菜品,年糕,大寒（1月20-21日）的食俗是吃年糕。,用户参考
KB0596,大寒,节气,冬,食材汇总,大寒的食材,大寒（1月20-21日）的应季食材共 4 种：葱、四季豆、土豆、红豆。养精蓄锐,用户参考
KB0597,大寒,节气,冬,菜品汇总,大寒的菜品,大寒（1月20-21日）的食俗：大寒吃年糕。,用户参考
KB0598,春节,节日,春,菜品,饺子,春节（农历正月初一）的传统菜品有饺子。,常识草稿
KB0599,春节,节日,春,菜品,年糕,春节（农历正月初一）的传统菜品有年糕。,常识草稿
KB0600,春节,节日,春,食材,鱼,春节（农历正月初一）的传统食材有鱼。,常识草稿
KB0601,春节,节日,春,汇总,春节的应季食品,春节（农历正月初一）：年夜团圆饭，吃饺子、年糕、鱼。传统食品有：饺子、年糕、鱼。,常识草稿
KB0602,元宵节,节日,春,菜品,汤圆,元宵节（农历正月十五）的传统菜品有汤圆。,常识草稿
KB0603,元宵节,节日,春,菜品,元宵,元宵节（农历正月十五）的传统菜品有元宵。,常识草稿
KB0604,元宵节,节日,春,汇总,元宵节的应季食品,元宵节（农历正月十五）：吃汤圆、元宵，赏花灯。传统食品有：汤圆、元宵。,常识草稿
KB0605,龙抬头,节日,春,菜品,春饼,龙抬头（农历二月初二）的传统菜品有春饼。,常识草稿
KB0606,龙抬头,节日,春,食材,猪头肉,龙抬头（农历二月初二）的传统食材有猪头肉。,常识草稿
KB0607,龙抬头,节日,春,菜品,龙须面,龙抬头（农历二月初二）的传统菜品有龙须面。,常识草稿
KB0608,龙抬头,节日,春,汇总,龙抬头的应季食品,龙抬头（农历二月初二）：吃春饼、猪头肉、龙须面。传统食品有：春饼、猪头肉、龙须面。,常识草稿
KB0609,寒食节,节日,春,菜品,青团,寒食节（清明前1-2日）的传统菜品有青团。,常识草稿
KB0610,寒食节,节日,春,汇总,寒食节的应季食品,寒食节（清明前1-2日）：禁火吃冷食，江南吃青团。传统食品有：青团。,常识草稿
KB0611,端午节,节日,夏,菜品,粽子,端午节（农历五月初五）的传统菜品有粽子。,常识草稿
KB0612,端午节,节日,夏,食材,艾草,端午节（农历五月初五）的传统食材有艾草。,常识草稿
KB0613,端午节,节日,夏,汇总,端午节的应季食品,端午节（农历五月初五）：吃粽子，挂艾草、菖蒲。传统食品有：粽子、艾草。,常识草稿
KB0614,七夕节,节日,秋,菜品,巧果,七夕节（农历七月初七）的传统菜品有巧果。,常识草稿
KB0615,七夕节,节日,秋,菜品,面食,七夕节（农历七月初七）的传统菜品有面食。,常识草稿
KB0616,七夕节,节日,秋,汇总,七夕节的应季食品,七夕节（农历七月初七）：吃巧果、面食。传统食品有：巧果、面食。,常识草稿
KB0617,中元节,节日,秋,食材,鸭子,中元节（农历七月十五）的传统食材有鸭子。,常识草稿
KB0618,中元节,节日,秋,汇总,中元节的应季食品,中元节（农历七月十五）：吃鸭子。传统食品有：鸭子。,常识草稿
KB0619,中秋节,节日,秋,菜品,月饼,中秋节（农历八月十五）的传统菜品有月饼。,常识草稿
KB0620,中秋节,节日,秋,食材,螃蟹,中秋节（农历八月十五）的传统食材有螃蟹。,常识草稿
KB0621,中秋节,节日,秋,食材,芋头,中秋节（农历八月十五）的传统食材有芋头。,常识草稿
KB0622,中秋节,节日,秋,食材,桂花,中秋节（农历八月十五）的传统食材有桂花。,常识草稿
KB0623,中秋节,节日,秋,汇总,中秋节的应季食品,中秋节（农历八月十五）：吃月饼、螃蟹、芋头，饮桂花酒。传统食品有：月饼、螃蟹、芋头、桂花。,常识草稿
KB0624,重阳节,节日,秋,食材,菊花,重阳节（农历九月初九）的传统食材有菊花。,常识草稿
KB0625,重阳节,节日,秋,菜品,重阳糕,重阳节（农历九月初九）的传统菜品有重阳糕。,常识草稿
KB0626,重阳节,节日,秋,汇总,重阳节的应季食品,重阳节（农历九月初九）：登高，饮菊花酒，吃重阳糕。传统食品有：菊花、重阳糕。,常识草稿
KB0627,腊八节,节日,冬,菜品,腊八粥,腊八节（农历腊月初八）的传统菜品有腊八粥。,常识草稿
KB0628,腊八节,节日,冬,菜品,腊八蒜,腊八节（农历腊月初八）的传统菜品有腊八蒜。,常识草稿
KB0629,腊八节,节日,冬,汇总,腊八节的应季食品,腊八节（农历腊月初八）：喝腊八粥，腌腊八蒜。传统食品有：腊八粥、腊八蒜。,常识草稿
KB0630,小年,节日,冬,菜品,糖瓜,小年（农历腊月廿三）的传统菜品有糖瓜。,常识草稿
KB0631,小年,节日,冬,菜品,饺子,小年（农历腊月廿三）的传统菜品有饺子。,常识草稿
KB0632,小年,节日,冬,汇总,小年的应季食品,小年（农历腊月廿三）：祭灶，吃糖瓜、饺子。传统食品有：糖瓜、饺子。,常识草稿
KB0633,除夕,节日,冬,菜品,饺子,除夕（农历腊月最后一天）的传统菜品有饺子。,常识草稿
KB0634,除夕,节日,冬,食材,鱼,除夕（农历腊月最后一天）的传统食材有鱼。,常识草稿
KB0635,除夕,节日,冬,菜品,年糕,除夕（农历腊月最后一天）的传统菜品有年糕。,常识草稿
KB0636,除夕,节日,冬,汇总,除夕的应季食品,除夕（农历腊月最后一天）：年夜饭，吃饺子、鱼、年糕。传统食品有：饺子、鱼、年糕。,常识草稿
